Date,Store,Category,Customer_ID,Quantity,Unit_Price,Discount_%,Revenue,Payment_Method
2022-01-01,Store_Mumbai,Sports,CUST_1330,3,3089.29,5.0,8804.48,Credit Card
2022-01-01,Store_Chennai,Sports,CUST_2515,4,2419.06,0.0,9676.24,Debit Card
2022-01-01,Store_Hyderabad,Home & Kitchen,CUST_1474,5,4057.73,0.0,20288.65,Cash
2022-01-01,Store_Chennai,Clothing,CUST_1562,4,1969.45,0.0,7877.8,UPI
2022-01-01,Store_Mumbai,Home & Kitchen,CUST_2297,1,3168.71,0.0,3168.71,Credit Card
2022-01-01,Store_Mumbai,Electronics,CUST_2363,4,11880.84,0.0,47523.36,UPI
2022-01-01,Store_Mumbai,Home & Kitchen,CUST_2585,4,3219.96,20.0,10303.87,Debit Card
2022-01-02,Store_Mumbai,Clothing,CUST_1161,2,1588.8,15.0,2700.96,Debit Card
2022-01-02,Store_Hyderabad,Home & Kitchen,CUST_1878,4,2907.08,0.0,11628.32,UPI
2022-01-02,Store_Delhi,Clothing,CUST_1064,1,1663.31,0.0,1663.31,Credit Card
2022-01-02,Store_Bangalore,Electronics,CUST_1391,1,8988.24,15.0,7640.0,Cash
2022-01-02,Store_Chennai,Groceries,CUST_3182,1,705.42,10.0,634.88,Debit Card
2022-01-02,Store_Bangalore,Home & Kitchen,CUST_3146,2,3021.31,10.0,5438.36,Cash
2022-01-02,Store_Mumbai,Groceries,CUST_2028,3,525.62,10.0,1419.17,Cash
2022-01-03,Store_Hyderabad,Groceries,CUST_1863,1,574.62,5.0,545.89,Credit Card
2022-01-03,Store_Bangalore,Home & Kitchen,CUST_2678,5,4222.94,0.0,21114.7,Cash
2022-01-03,Store_Chennai,Sports,CUST_3625,4,3272.55,10.0,11781.18,Debit Card
2022-01-03,Store_Hyderabad,Sports,CUST_2981,1,2244.28,0.0,2244.28,Debit Card
2022-01-03,Store_Chennai,Clothing,CUST_3680,4,1903.59,0.0,7614.36,Credit Card
2022-01-03,Store_Mumbai,Sports,CUST_2257,1,2238.75,5.0,2126.81,UPI
2022-01-03,Store_Mumbai,Groceries,CUST_2636,1,501.61,0.0,501.61,Debit Card
2022-01-04,Store_Bangalore,Electronics,CUST_2759,3,12535.98,0.0,37607.94,Cash
2022-01-04,Store_Bangalore,Electronics,CUST_2439,3,12986.8,5.0,37012.38,UPI
2022-01-04,Store_Mumbai,Groceries,CUST_1197,3,587.06,5.0,1673.12,UPI
2022-01-04,Store_Chennai,Electronics,CUST_3811,1,10092.11,0.0,10092.11,Debit Card
2022-01-04,Store_Chennai,Home & Kitchen,CUST_2843,3,4444.32,0.0,13332.96,Credit Card
2022-01-04,Store_Bangalore,Electronics,CUST_3198,2,14338.93,10.0,25810.07,UPI
2022-01-04,Store_Hyderabad,Groceries,CUST_3049,4,597.5,5.0,2270.5,Cash
2022-01-05,Store_Bangalore,Home & Kitchen,CUST_2682,5,4524.35,0.0,22621.75,Credit Card
2022-01-05,Store_Chennai,Home & Kitchen,CUST_1103,1,3468.63,0.0,3468.63,UPI
2022-01-05,Store_Mumbai,Groceries,CUST_3869,1,544.33,0.0,544.33,UPI
2022-01-05,Store_Chennai,Sports,CUST_2527,1,2010.24,5.0,1909.73,Debit Card
2022-01-05,Store_Chennai,Electronics,CUST_3797,1,12236.46,10.0,11012.81,UPI
2022-01-05,Store_Delhi,Groceries,CUST_1959,3,557.98,,1506.55,Credit Card
2022-01-05,Store_Bangalore,Sports,CUST_1016,4,2746.87,0.0,10987.48,Cash
2022-01-06,Store_Mumbai,Home & Kitchen,CUST_3327,5,3812.73,10.0,17157.29,Cash
2022-01-06,Store_Delhi,Electronics,CUST_1980,5,14126.2,0.0,70631.0,Cash
2022-01-06,Store_Bangalore,Groceries,CUST_3733,2,693.92,10.0,1249.06,Debit Card
2022-01-06,Store_Hyderabad,Clothing,CUST_1245,3,1564.63,15.0,3989.81,Cash
2022-01-06,Store_Delhi,Clothing,CUST_3950,2,2246.09,20.0,3593.74,UPI
2022-01-06,Store_Bangalore,Home & Kitchen,CUST_1971,5,2867.75,0.0,14338.75,UPI
2022-01-06,Store_Chennai,Home & Kitchen,CUST_1574,2,3214.74,0.0,6429.48,Cash
2022-01-07,Store_Delhi,Clothing,CUST_3491,2,1259.05,15.0,2140.38,UPI
2022-01-07,Store_Delhi,Electronics,CUST_1876,5,12425.25,5.0,59019.94,UPI
2022-01-07,Store_Mumbai,Groceries,CUST_1656,4,583.96,10.0,2102.26,Credit Card
2022-01-07,Store_Chennai,Home & Kitchen,CUST_2150,2,2673.74,20.0,4277.98,Credit Card
2022-01-07,Store_Bangalore,Home & Kitchen,CUST_2141,5,3471.86,5.0,16491.34,Debit Card
2022-01-07,Store_Bangalore,Sports,CUST_3837,5,2863.6,10.0,12886.2,Cash
2022-01-07,Store_Delhi,Groceries,CUST_2243,4,552.78,0.0,2211.12,Cash
2022-01-08,Store_Delhi,Electronics,CUST_1550,4,8929.1,10.0,32144.76,Cash
2022-01-08,Store_Mumbai,Electronics,CUST_3809,5,11912.95,10.0,53608.28,UPI
2022-01-08,Store_Chennai,Clothing,CUST_2782,1,1929.26,10.0,1736.33,Debit Card
2022-01-08,Store_Hyderabad,Electronics,CUST_3427,4,14050.93,5.0,53393.53,UPI
2022-01-08,Store_Bangalore,Electronics,CUST_2191,5,13837.23,0.0,69186.15,Cash
2022-01-08,Store_Hyderabad,Groceries,CUST_3546,4,499.02,0.0,1996.08,Cash
2022-01-09,Store_Hyderabad,Groceries,CUST_1417,1,615.46,10.0,553.91,UPI
2022-01-09,Store_Chennai,Electronics,CUST_1728,4,12337.76,20.0,39480.83,Debit Card
2022-01-09,Store_Delhi,Sports,CUST_2122,1,2688.63,5.0,2554.2,Credit Card
2022-01-09,Store_Mumbai,Clothing,CUST_2548,1,1903.55,20.0,1522.84,Cash
2022-01-09,Store_Bangalore,Groceries,CUST_2365,1,576.53,5.0,547.7,Cash
2022-01-09,Store_Delhi,Groceries,CUST_1264,3,489.26,20.0,1174.22,Debit Card
2022-01-09,Store_Mumbai,Home & Kitchen,CUST_3995,3,3272.04,,9816.12,Debit Card
2022-01-10,Store_Chennai,Sports,CUST_2065,4,3450.41,0.0,13801.64,Cash
2022-01-10,Store_Hyderabad,Clothing,CUST_3635,5,1997.81,10.0,8990.14,Credit Card
2022-01-10,Store_Bangalore,Clothing,CUST_2191,2,1659.54,0.0,3319.08,Cash
2022-01-10,Store_Hyderabad,Electronics,CUST_3386,2,12409.45,5.0,23577.96,UPI
2022-01-10,Store_Delhi,Electronics,CUST_2810,4,12049.2,5.0,45786.96,Debit Card
2022-01-10,Store_Delhi,Home & Kitchen,CUST_1652,3,3201.31,5.0,9123.73,Cash
2022-01-10,Store_Hyderabad,Home & Kitchen,CUST_3434,2,4441.03,15.0,7549.75,Credit Card
2022-01-11,Store_Delhi,Home & Kitchen,CUST_2140,1,3333.3,15.0,2833.3,UPI
2022-01-11,Store_Hyderabad,Home & Kitchen,CUST_1202,5,3844.28,15.0,16338.19,UPI
2022-01-11,Store_Mumbai,Sports,CUST_2549,4,3146.49,,11956.66,Cash
2022-01-11,Store_Bangalore,Sports,CUST_3831,3,2705.98,0.0,8117.94,Debit Card
2022-01-11,Store_Mumbai,Home & Kitchen,CUST_1539,5,3096.45,5.0,14708.14,UPI
2022-01-11,Store_Mumbai,Sports,CUST_1928,1,2406.51,0.0,2406.51,Cash
2022-01-11,Store_Delhi,Home & Kitchen,CUST_1389,5,3619.49,20.0,14477.96,Cash
2022-01-12,Store_Hyderabad,Groceries,CUST_1876,5,611.84,20.0,2447.36,UPI
2022-01-12,Store_Delhi,Electronics,CUST_1062,1,13639.09,0.0,13639.09,UPI
2022-01-12,Store_Bangalore,Groceries,CUST_1384,3,535.84,0.0,1607.52,Credit Card
2022-01-12,Store_Delhi,Home & Kitchen,CUST_3724,1,4086.53,20.0,3269.22,Credit Card
2022-01-12,Store_Hyderabad,Clothing,CUST_1684,3,1594.08,0.0,4782.24,Credit Card
2022-01-12,Store_Delhi,Home & Kitchen,CUST_2574,1,4149.57,0.0,4149.57,Debit Card
2022-01-12,Store_Hyderabad,Clothing,CUST_2077,2,1960.11,0.0,3920.22,Cash
2022-01-13,Store_Mumbai,Sports,CUST_2252,3,2310.76,0.0,6932.28,Credit Card
2022-01-13,Store_Delhi,Clothing,CUST_2329,3,1419.52,0.0,4258.56,UPI
2022-01-13,Store_Hyderabad,Clothing,CUST_2358,3,1607.78,5.0,4582.17,Cash
2022-01-13,Store_Mumbai,Clothing,CUST_2353,3,2115.05,5.0,6027.89,Cash
2022-01-13,Store_Bangalore,Home & Kitchen,CUST_3173,4,4219.91,5.0,16035.66,Cash
2022-01-13,Store_Chennai,Groceries,CUST_2994,3,442.74,0.0,1328.22,Credit Card
2022-01-13,Store_Mumbai,Home & Kitchen,CUST_1060,1,4311.24,10.0,3880.12,UPI
2022-01-14,Store_Hyderabad,Groceries,CUST_2428,3,645.76,0.0,1937.28,UPI
2022-01-14,Store_Bangalore,Sports,CUST_2836,1,2845.39,0.0,2845.39,UPI
2022-01-14,Store_Chennai,Electronics,CUST_1106,2,13952.76,0.0,27905.52,UPI
2022-01-14,Store_Delhi,Electronics,CUST_3766,2,12051.75,5.0,22898.32,Debit Card
2022-01-14,Store_Hyderabad,Home & Kitchen,CUST_2026,2,3548.38,0.0,7096.76,Credit Card
2022-01-14,Store_Chennai,Home & Kitchen,CUST_2654,5,4112.64,0.0,20563.2,Debit Card
2022-01-14,Store_Delhi,Home & Kitchen,CUST_3859,2,4239.05,0.0,8478.1,UPI
2022-01-15,Store_Bangalore,Electronics,CUST_2169,5,13118.15,10.0,59031.68,Cash
2022-01-15,Store_Mumbai,Clothing,CUST_2305,1,1779.26,0.0,1779.26,Debit Card
2022-01-15,Store_Hyderabad,Groceries,CUST_3324,3,739.51,0.0,2218.53,UPI
2022-01-15,Store_Mumbai,Groceries,CUST_1919,1,502.93,5.0,477.78,Debit Card
2022-01-15,Store_Hyderabad,Home & Kitchen,CUST_3551,4,3726.64,20.0,11925.25,UPI
2022-01-15,Store_Chennai,Electronics,CUST_2668,2,12536.12,0.0,25072.24,Debit Card
2022-01-16,Store_Hyderabad,Home & Kitchen,CUST_3137,3,3533.09,5.0,10069.31,Cash
2022-01-16,Store_Delhi,Groceries,CUST_1009,4,572.64,0.0,2290.56,Debit Card
2022-01-16,Store_Delhi,Clothing,CUST_2636,4,1673.02,0.0,6692.08,Credit Card
2022-01-16,Store_Bangalore,Electronics,CUST_2118,1,12352.83,5.0,11735.19,UPI
2022-01-16,Store_Bangalore,Sports,CUST_3635,4,2841.3,10.0,10228.68,Cash
2022-01-16,Store_Chennai,Groceries,CUST_1872,1,672.57,15.0,571.68,Debit Card
2022-01-16,Store_Delhi,Home & Kitchen,CUST_3621,3,3552.77,10.0,9592.48,UPI
2022-01-17,Store_Mumbai,Electronics,CUST_3847,5,13105.88,5.0,62252.93,Debit Card
2022-01-17,Store_Chennai,Sports,CUST_1502,1,2969.84,0.0,2969.84,Cash
2022-01-17,Store_Hyderabad,Sports,CUST_3601,3,2689.86,0.0,8069.58,Credit Card
2022-01-17,Store_Mumbai,Sports,CUST_2120,1,3059.46,10.0,2753.51,UPI
2022-01-17,Store_Delhi,Sports,CUST_1516,3,2548.75,5.0,7263.94,UPI
2022-01-17,Store_Chennai,Clothing,CUST_3263,1,1530.67,0.0,1530.67,Cash
2022-01-17,Store_Mumbai,Sports,CUST_1094,5,2611.92,10.0,11753.64,Credit Card
2022-01-18,Store_Chennai,Groceries,CUST_2865,4,564.81,0.0,2259.24,Credit Card
2022-01-18,Store_Hyderabad,Groceries,CUST_2639,4,623.18,0.0,2492.72,Cash
2022-01-18,Store_Mumbai,Groceries,CUST_2863,4,567.91,10.0,2044.48,Cash
2022-01-18,Store_Hyderabad,Electronics,CUST_3826,4,9923.35,0.0,39693.4,UPI
2022-01-18,Store_Bangalore,Sports,CUST_2854,5,2118.68,15.0,9004.39,Cash
2022-01-18,Store_Chennai,Sports,CUST_1936,1,2702.01,10.0,2431.81,UPI
2022-01-18,Store_Chennai,Home & Kitchen,CUST_1417,1,4840.3,5.0,4598.28,Credit Card
2022-01-19,Store_Chennai,Electronics,CUST_2990,3,10965.91,0.0,32897.73,Cash
2022-01-19,Store_Mumbai,Sports,CUST_2492,1,2613.07,10.0,2351.76,Debit Card
2022-01-19,Store_Bangalore,Electronics,CUST_2724,4,12006.06,15.0,40820.6,Credit Card
2022-01-19,Store_Bangalore,Electronics,CUST_3079,5,11254.39,10.0,50644.76,UPI
2022-01-19,Store_Delhi,Electronics,CUST_3637,5,12565.46,5.0,59685.93,Cash
2022-01-19,Store_Chennai,Clothing,CUST_1830,2,1814.45,5.0,3447.46,Credit Card
2022-01-19,Store_Mumbai,Electronics,CUST_2901,5,10719.3,0.0,53596.5,Credit Card
2022-01-20,Store_Hyderabad,Home & Kitchen,CUST_1832,1,2724.69,10.0,2452.22,Cash
2022-01-20,Store_Bangalore,Groceries,CUST_3626,3,618.47,0.0,1855.41,Cash
2022-01-20,Store_Chennai,Electronics,CUST_2311,4,9452.28,0.0,37809.12,UPI
2022-01-20,Store_Chennai,Home & Kitchen,CUST_3001,4,3647.92,0.0,14591.68,Debit Card
2022-01-20,Store_Hyderabad,Electronics,CUST_1081,5,8797.72,5.0,41789.17,Debit Card
2022-01-20,Store_Hyderabad,Electronics,CUST_1395,5,10429.45,0.0,52147.25,Credit Card
2022-01-20,Store_Mumbai,Sports,CUST_2890,5,2642.8,5.0,12553.3,Debit Card
2022-01-21,Store_Mumbai,Clothing,CUST_1127,4,1711.21,5.0,6502.6,UPI
2022-01-21,Store_Bangalore,Clothing,CUST_2781,3,1940.13,10.0,5238.35,Cash
2022-01-21,Store_Chennai,Home & Kitchen,CUST_3885,2,3415.38,0.0,6830.76,Credit Card
2022-01-21,Store_Hyderabad,Sports,CUST_2401,2,2594.02,5.0,4928.64,Cash
2022-01-21,Store_Mumbai,Sports,CUST_1167,2,2147.37,0.0,4294.74,Credit Card
2022-01-21,Store_Hyderabad,Home & Kitchen,CUST_1701,5,3608.24,20.0,14432.96,UPI
2022-01-21,Store_Hyderabad,Clothing,CUST_1793,4,1928.5,0.0,7714.0,Credit Card
2022-01-22,Store_Delhi,Sports,CUST_3791,3,2364.77,10.0,6384.88,Credit Card
2022-01-22,Store_Chennai,Clothing,CUST_2762,5,1664.86,5.0,7908.08,Credit Card
2022-01-22,Store_Mumbai,Groceries,CUST_2524,1,616.53,0.0,616.53,UPI
2022-01-22,Store_Bangalore,Electronics,CUST_2062,1,12293.41,5.0,11678.74,Cash
2022-01-22,Store_Chennai,Groceries,CUST_3571,2,711.1,0.0,1422.2,UPI
2022-01-22,Store_Chennai,Sports,CUST_2520,4,3452.35,10.0,12428.46,Cash
2022-01-23,Store_Mumbai,Groceries,CUST_3513,5,706.69,10.0,3180.11,Debit Card
2022-01-23,Store_Bangalore,Home & Kitchen,CUST_2039,3,5078.52,,15235.56,UPI
2022-01-23,Store_Bangalore,Clothing,CUST_1136,5,1680.74,0.0,8403.7,Credit Card
2022-01-23,Store_Chennai,Clothing,CUST_1401,3,2103.47,15.0,5363.85,Credit Card
2022-01-23,Store_Chennai,Clothing,CUST_2121,1,1830.67,5.0,1739.14,Cash
2022-01-23,Store_Chennai,Sports,CUST_3544,3,2697.47,0.0,8092.41,Credit Card
2022-01-23,Store_Mumbai,Sports,CUST_3941,1,2974.77,5.0,2826.03,Debit Card
2022-01-24,Store_Hyderabad,Groceries,CUST_2631,2,610.08,0.0,1220.16,UPI
2022-01-24,Store_Chennai,Groceries,CUST_1696,4,431.83,0.0,1727.32,Debit Card
2022-01-24,Store_Mumbai,Electronics,CUST_3050,2,9547.3,5.0,18139.87,Cash
2022-01-24,Store_Delhi,Clothing,CUST_2998,4,2007.47,0.0,8029.88,Cash
2022-01-24,Store_Bangalore,Electronics,CUST_1938,1,11775.14,20.0,9420.11,Cash
2022-01-24,Store_Mumbai,Groceries,CUST_2333,5,769.78,0.0,3848.9,Debit Card
2022-01-24,Store_Delhi,Groceries,CUST_3800,5,439.72,0.0,2198.6,Cash
2022-01-25,Store_Hyderabad,Groceries,CUST_2043,5,563.39,15.0,2394.41,Credit Card
2022-01-25,Store_Hyderabad,Electronics,CUST_3263,5,10898.75,5.0,51769.06,Cash
2022-01-25,Store_Chennai,Groceries,CUST_2380,5,539.64,5.0,2563.29,UPI
2022-01-25,Store_Hyderabad,Groceries,CUST_1920,1,534.79,5.0,508.05,Credit Card
2022-01-25,Store_Hyderabad,Home & Kitchen,CUST_1983,2,4410.54,5.0,8380.03,Credit Card
2022-01-25,Store_Mumbai,Groceries,CUST_1795,5,496.52,20.0,1986.08,Debit Card
2022-01-25,Store_Delhi,Sports,CUST_3745,1,2482.19,5.0,2358.08,Credit Card
2022-01-26,Store_Chennai,Clothing,CUST_3139,3,2207.16,5.0,6290.41,Debit Card
2022-01-26,Store_Bangalore,Groceries,CUST_2193,3,492.68,0.0,1478.04,Cash
2022-01-26,Store_Mumbai,Groceries,CUST_2054,4,577.26,15.0,1962.68,Credit Card
2022-01-26,Store_Hyderabad,Clothing,CUST_1588,3,1801.35,0.0,5404.05,UPI
2022-01-26,Store_Delhi,Home & Kitchen,CUST_1359,2,3550.89,20.0,5681.42,Cash
2022-01-26,Store_Hyderabad,Home & Kitchen,CUST_2256,5,3678.13,10.0,16551.59,
2022-01-26,Store_Hyderabad,Home & Kitchen,CUST_2887,4,3518.07,10.0,12665.05,Debit Card
2022-01-27,Store_Mumbai,Clothing,CUST_1885,4,1760.16,0.0,7040.64,UPI
2022-01-27,Store_Bangalore,Clothing,CUST_1762,3,2355.73,10.0,6360.47,Debit Card
2022-01-27,Store_Chennai,Home & Kitchen,CUST_3126,5,3109.5,15.0,13215.38,Credit Card
2022-01-27,Store_Chennai,Groceries,CUST_3000,2,431.11,5.0,819.11,Debit Card
2022-01-27,Store_Chennai,Sports,CUST_2823,1,2543.38,10.0,2289.04,Debit Card
2022-01-27,Store_Hyderabad,Home & Kitchen,CUST_1988,3,3871.11,0.0,11613.33,Debit Card
2022-01-27,Store_Delhi,Sports,CUST_1569,3,3451.5,5.0,9836.78,Credit Card
2022-01-28,Store_Mumbai,Clothing,CUST_2294,5,1759.22,10.0,7916.49,UPI
2022-01-28,Store_Mumbai,Groceries,CUST_2050,4,582.53,10.0,2097.11,Credit Card
2022-01-28,Store_Hyderabad,Home & Kitchen,CUST_3946,3,3936.14,20.0,9446.74,UPI
2022-01-28,Store_Mumbai,Electronics,CUST_2016,1,11567.2,5.0,10988.84,Debit Card
2022-01-28,Store_Mumbai,Sports,CUST_1071,5,2741.46,20.0,10965.84,Cash
2022-01-28,Store_Delhi,Clothing,CUST_1728,2,1839.13,0.0,3678.26,Cash
2022-01-28,Store_Bangalore,Home & Kitchen,CUST_3635,1,3041.54,0.0,3041.54,Cash
2022-01-29,Store_Bangalore,Home & Kitchen,CUST_1001,4,3810.19,20.0,12192.61,Cash
2022-01-29,Store_Bangalore,Electronics,CUST_3241,1,9702.95,0.0,9702.95,UPI
2022-01-29,Store_Hyderabad,Clothing,CUST_2994,2,1751.82,10.0,3153.28,Debit Card
2022-01-29,Store_Delhi,Groceries,CUST_1552,3,551.39,0.0,1654.17,Debit Card
2022-01-29,Store_Hyderabad,Home & Kitchen,CUST_3054,2,4272.79,10.0,7691.02,Credit Card
2022-01-29,Store_Chennai,Home & Kitchen,CUST_1808,4,4227.98,5.0,16066.32,Credit Card
2022-01-30,Store_Mumbai,Clothing,CUST_2324,3,2016.78,10.0,5445.31,Cash
2022-01-30,Store_Chennai,Clothing,CUST_3356,3,2037.78,0.0,6113.34,Credit Card
2022-01-30,Store_Chennai,Home & Kitchen,CUST_3920,2,3170.67,0.0,6341.34,Debit Card
2022-01-30,Store_Chennai,Groceries,CUST_2230,4,556.43,0.0,2225.72,Credit Card
2022-01-30,Store_Bangalore,Home & Kitchen,CUST_3852,1,4595.62,10.0,4136.06,Debit Card
2022-01-30,Store_Mumbai,Home & Kitchen,CUST_1607,4,4157.62,5.0,15798.96,Credit Card
2022-01-30,Store_Bangalore,Home & Kitchen,CUST_3979,2,4071.54,15.0,6921.62,UPI
2022-01-31,Store_Hyderabad,Groceries,CUST_3068,3,524.96,0.0,1574.88,UPI
2022-01-31,Store_Bangalore,Groceries,CUST_1525,2,731.78,0.0,1463.56,Debit Card
2022-01-31,Store_Hyderabad,Sports,CUST_2646,5,2192.54,0.0,10962.7,Cash
2022-01-31,Store_Bangalore,Home & Kitchen,CUST_3113,2,3286.32,0.0,6572.64,Debit Card
2022-01-31,Store_Chennai,Sports,CUST_3966,5,2717.23,0.0,13586.15,Cash
2022-01-31,Store_Chennai,Clothing,CUST_1861,3,1669.06,5.0,4756.82,Debit Card
2022-01-31,Store_Bangalore,Electronics,CUST_3933,5,11173.16,10.0,50279.22,Debit Card
2022-02-01,Store_Mumbai,Home & Kitchen,CUST_2655,1,3740.33,5.0,3553.31,Cash
2022-02-01,Store_Mumbai,Home & Kitchen,CUST_3558,4,3277.46,20.0,10487.87,Cash
2022-02-01,Store_Delhi,Home & Kitchen,CUST_2082,2,2712.22,5.0,5153.22,Cash
2022-02-01,Store_Delhi,Electronics,CUST_2239,1,13106.92,0.0,13106.92,UPI
2022-02-01,Store_Chennai,Groceries,CUST_3542,2,636.68,5.0,1209.69,Debit Card
2022-02-01,Store_Chennai,Clothing,CUST_2359,4,1618.51,0.0,6474.04,Debit Card
2022-02-01,Store_Hyderabad,Clothing,CUST_3716,4,2196.23,0.0,8784.92,Debit Card
2022-02-02,Store_Delhi,Clothing,CUST_1302,1,2316.01,10.0,2084.41,UPI
2022-02-02,Store_Bangalore,Home & Kitchen,CUST_2310,3,4646.39,10.0,12545.25,Credit Card
2022-02-02,Store_Delhi,Sports,CUST_1574,1,2382.86,20.0,1906.29,UPI
2022-02-02,Store_Bangalore,Electronics,CUST_1488,1,15456.08,0.0,15456.08,Credit Card
2022-02-02,Store_Chennai,Home & Kitchen,CUST_3444,2,3419.08,10.0,6154.34,UPI
2022-02-02,Store_Bangalore,Groceries,CUST_3772,5,599.23,5.0,2846.34,Cash
2022-02-02,Store_Bangalore,Home & Kitchen,CUST_2440,2,3805.03,0.0,7610.06,Cash
2022-02-03,Store_Bangalore,Electronics,CUST_3889,3,9322.02,10.0,25169.45,UPI
2022-02-03,Store_Hyderabad,Electronics,CUST_3676,3,13856.21,15.0,35333.34,Debit Card
2022-02-03,Store_Delhi,Clothing,CUST_2763,1,1661.72,5.0,1578.63,Debit Card
2022-02-03,Store_Chennai,Clothing,CUST_1335,4,1820.42,0.0,7281.68,Credit Card
2022-02-03,Store_Delhi,Home & Kitchen,CUST_1469,1,3838.78,0.0,3838.78,Cash
2022-02-03,Store_Chennai,Clothing,CUST_3798,5,1897.54,10.0,8538.93,Cash
2022-02-03,Store_Mumbai,Groceries,CUST_3137,2,667.1,0.0,1334.2,Debit Card
2022-02-04,Store_Bangalore,Groceries,CUST_1444,4,527.5,10.0,1899.0,Debit Card
2022-02-04,Store_Hyderabad,Home & Kitchen,CUST_2708,4,4067.29,5.0,15455.7,Debit Card
2022-02-04,Store_Hyderabad,Groceries,CUST_1520,5,684.18,15.0,2907.76,Cash
2022-02-04,Store_Hyderabad,Clothing,CUST_1858,1,2290.08,0.0,2290.08,UPI
2022-02-04,Store_Delhi,Home & Kitchen,CUST_1145,2,4529.66,10.0,8153.39,Cash
2022-02-04,Store_Chennai,Home & Kitchen,CUST_2249,2,3773.21,0.0,7546.42,Credit Card
2022-02-04,Store_Bangalore,Sports,CUST_2546,1,2220.22,0.0,2220.22,Credit Card
2022-02-05,Store_Hyderabad,Electronics,CUST_1262,5,12441.41,20.0,49765.64,Credit Card
2022-02-05,Store_Delhi,Clothing,CUST_1998,3,1730.15,10.0,4671.41,Credit Card
2022-02-05,Store_Mumbai,Groceries,CUST_1035,4,669.22,0.0,2676.88,UPI
2022-02-05,Store_Delhi,Electronics,CUST_1707,4,9963.47,0.0,39853.88,Cash
2022-02-05,Store_Delhi,Electronics,CUST_3823,4,10818.81,0.0,43275.24,Cash
2022-02-05,Store_Hyderabad,Groceries,CUST_2195,4,529.89,10.0,1907.6,Credit Card
2022-02-06,Store_Hyderabad,Electronics,CUST_2465,3,12970.31,0.0,38910.93,Debit Card
2022-02-06,Store_Mumbai,Sports,CUST_3493,5,3063.32,0.0,15316.6,UPI
2022-02-06,Store_Bangalore,Home & Kitchen,CUST_1236,1,3949.54,5.0,3752.06,UPI
2022-02-06,Store_Mumbai,Groceries,CUST_1148,5,709.86,0.0,3549.3,UPI
2022-02-06,Store_Mumbai,Clothing,CUST_1480,1,1881.96,0.0,1881.96,Cash
2022-02-06,Store_Hyderabad,Sports,CUST_2866,2,2452.83,0.0,4905.66,Cash
2022-02-06,Store_Chennai,Home & Kitchen,CUST_3190,2,3919.24,20.0,6270.78,Credit Card
2022-02-07,Store_Mumbai,Sports,CUST_2452,4,2693.31,0.0,10773.24,UPI
2022-02-07,Store_Chennai,Clothing,CUST_3625,3,1891.11,0.0,5673.33,Cash
2022-02-07,Store_Chennai,Clothing,CUST_2985,3,1930.21,10.0,5211.57,Cash
2022-02-07,Store_Bangalore,Sports,CUST_1237,1,3144.33,10.0,2829.9,UPI
2022-02-07,Store_Delhi,Home & Kitchen,CUST_3964,3,4861.31,10.0,13125.54,UPI
2022-02-07,Store_Hyderabad,Home & Kitchen,CUST_1091,1,2926.84,10.0,2634.16,Debit Card
2022-02-07,Store_Delhi,Home & Kitchen,CUST_1253,2,3776.86,0.0,7553.72,Credit Card
2022-02-08,Store_Hyderabad,Home & Kitchen,CUST_1641,3,3648.9,0.0,10946.7,Cash
2022-02-08,Store_Chennai,Clothing,CUST_2122,5,1771.38,5.0,8414.06,Cash
2022-02-08,Store_Delhi,Electronics,CUST_1608,4,9732.5,10.0,35037.0,Debit Card
2022-02-08,Store_Mumbai,Home & Kitchen,CUST_1123,1,3068.46,0.0,3068.46,Debit Card
2022-02-08,Store_Hyderabad,Sports,CUST_3139,4,2717.23,0.0,10868.92,Credit Card
2022-02-08,Store_Delhi,Sports,CUST_1741,5,2117.28,5.0,10057.08,UPI
2022-02-08,Store_Delhi,Clothing,CUST_1241,2,1632.84,0.0,3265.68,UPI
2022-02-09,Store_Delhi,Sports,CUST_1496,5,3442.82,5.0,16353.4,Credit Card
2022-02-09,Store_Mumbai,Groceries,CUST_1545,5,600.34,5.0,2851.62,Debit Card
2022-02-09,Store_Mumbai,Home & Kitchen,CUST_3601,2,3575.74,0.0,7151.48,UPI
2022-02-09,Store_Delhi,Clothing,CUST_3176,5,1352.55,10.0,6086.48,Cash
2022-02-09,Store_Hyderabad,Home & Kitchen,CUST_1788,5,3860.44,0.0,19302.2,Debit Card
2022-02-09,Store_Mumbai,Groceries,CUST_1855,2,564.15,0.0,1128.3,Cash
2022-02-09,Store_Delhi,Groceries,CUST_1086,5,659.39,10.0,2967.26,Cash
2022-02-10,Store_Chennai,Electronics,CUST_3324,5,11857.86,0.0,59289.3,Debit Card
2022-02-10,Store_Hyderabad,Home & Kitchen,CUST_3489,3,5047.43,10.0,13628.06,Credit Card
2022-02-10,Store_Delhi,Sports,CUST_1359,2,1909.03,20.0,3054.45,Credit Card
2022-02-10,Store_Bangalore,Electronics,CUST_2613,2,10922.84,0.0,21845.68,Debit Card
2022-02-10,Store_Bangalore,Electronics,CUST_1651,1,10476.49,20.0,8381.19,Cash
2022-02-10,Store_Chennai,Clothing,CUST_2249,5,1997.72,15.0,8490.31,Debit Card
2022-02-10,Store_Chennai,Clothing,CUST_1845,1,1934.05,0.0,1934.05,Credit Card
2022-02-11,Store_Mumbai,Clothing,CUST_1685,1,1452.13,20.0,1161.7,Debit Card
2022-02-11,Store_Bangalore,Sports,CUST_2256,3,2726.71,15.0,6953.11,Debit Card
2022-02-11,Store_Hyderabad,Sports,CUST_1646,5,2743.01,10.0,12343.55,UPI
2022-02-11,Store_Mumbai,Groceries,CUST_3588,3,551.1,10.0,1487.97,UPI
2022-02-11,Store_Delhi,Home & Kitchen,CUST_1460,3,4432.21,0.0,13296.63,Debit Card
2022-02-11,Store_Chennai,Sports,CUST_3460,5,3062.4,0.0,15312.0,Credit Card
2022-02-11,Store_Mumbai,Electronics,CUST_2899,5,10248.77,0.0,51243.85,Cash
2022-02-12,Store_Delhi,Groceries,CUST_3520,1,496.5,15.0,422.02,UPI
2022-02-12,Store_Hyderabad,Sports,CUST_3979,3,2260.55,10.0,6103.48,Debit Card
2022-02-12,Store_Hyderabad,Clothing,CUST_3634,2,1573.46,0.0,3146.92,UPI
2022-02-12,Store_Chennai,Groceries,CUST_3583,5,492.4,10.0,2215.8,UPI
2022-02-12,Store_Chennai,Clothing,CUST_3085,5,1630.86,0.0,8154.3,UPI
2022-02-12,Store_Mumbai,Home & Kitchen,CUST_1525,1,3476.57,15.0,2955.08,Cash
2022-02-13,Store_Chennai,Sports,CUST_1593,2,2816.75,10.0,5070.15,UPI
2022-02-13,Store_Chennai,Home & Kitchen,CUST_2132,4,3625.79,0.0,14503.16,Debit Card
2022-02-13,Store_Mumbai,Clothing,CUST_2373,5,2018.2,5.0,9586.45,Debit Card
2022-02-13,Store_Bangalore,Electronics,CUST_1970,2,9888.97,15.0,16811.25,Credit Card
2022-02-13,Store_Bangalore,Home & Kitchen,CUST_3010,5,3394.76,5.0,16125.11,Credit Card
2022-02-13,Store_Mumbai,Groceries,CUST_3097,1,644.97,5.0,612.72,UPI
2022-02-13,Store_Chennai,Sports,CUST_2900,3,2403.67,0.0,7211.01,Cash
2022-02-14,Store_Chennai,Sports,CUST_2956,3,2388.55,15.0,6090.8,Cash
2022-02-14,Store_Mumbai,Electronics,CUST_1637,5,11739.01,0.0,58695.05,Debit Card
2022-02-14,Store_Hyderabad,Groceries,CUST_2851,1,568.57,0.0,568.57,UPI
2022-02-14,Store_Mumbai,Home & Kitchen,CUST_2431,1,4321.39,20.0,3457.11,UPI
2022-02-14,Store_Mumbai,Clothing,CUST_3014,4,1528.22,10.0,5501.59,UPI
2022-02-14,Store_Hyderabad,Electronics,CUST_3643,5,9764.77,,41500.27,Credit Card
2022-02-14,Store_Hyderabad,Clothing,CUST_3686,3,1555.24,5.0,4432.43,Credit Card
2022-02-15,Store_Hyderabad,Groceries,CUST_3539,4,569.27,0.0,2277.08,UPI
2022-02-15,Store_Bangalore,Sports,CUST_3352,2,2875.17,10.0,5175.31,Cash
2022-02-15,Store_Chennai,Groceries,CUST_1628,1,806.46,0.0,806.46,Cash
2022-02-15,Store_Mumbai,Clothing,CUST_1572,1,2090.14,5.0,1985.63,Cash
2022-02-15,Store_Hyderabad,Home & Kitchen,CUST_1965,2,4147.57,5.0,7880.38,UPI
2022-02-15,Store_Hyderabad,Electronics,CUST_3889,2,11785.72,15.0,20035.72,UPI
2022-02-15,Store_Hyderabad,Groceries,CUST_2979,5,618.38,10.0,2782.71,UPI
2022-02-16,Store_Chennai,Clothing,CUST_3324,3,1604.29,0.0,4812.87,Credit Card
2022-02-16,Store_Mumbai,Clothing,CUST_3126,4,1996.4,0.0,7985.6,Cash
2022-02-16,Store_Mumbai,Home & Kitchen,CUST_1446,3,4499.76,10.0,12149.35,Cash
2022-02-16,Store_Hyderabad,Electronics,CUST_3726,3,14126.39,5.0,40260.21,UPI
2022-02-16,Store_Mumbai,Electronics,CUST_3315,3,12370.76,20.0,29689.82,Debit Card
2022-02-16,Store_Hyderabad,Home & Kitchen,CUST_1558,4,3858.82,0.0,15435.28,Cash
2022-02-16,Store_Hyderabad,Clothing,CUST_3924,4,2111.82,0.0,8447.28,Credit Card
2022-02-17,Store_Chennai,Groceries,CUST_1612,2,521.63,5.0,991.1,Credit Card
2022-02-17,Store_Mumbai,Groceries,CUST_3696,5,605.94,0.0,3029.7,Debit Card
2022-02-17,Store_Mumbai,Groceries,CUST_2283,1,664.54,10.0,598.09,Cash
2022-02-17,Store_Mumbai,Clothing,CUST_3243,3,1329.18,5.0,3788.16,Cash
2022-02-17,Store_Bangalore,Home & Kitchen,CUST_1264,2,3194.34,20.0,5110.94,Debit Card
2022-02-17,Store_Mumbai,Clothing,CUST_2899,3,2277.82,20.0,5466.77,Debit Card
2022-02-17,Store_Bangalore,Sports,CUST_3203,2,3391.74,5.0,6444.31,Debit Card
2022-02-18,Store_Hyderabad,Electronics,CUST_2337,5,13029.24,10.0,58631.58,UPI
2022-02-18,Store_Chennai,Electronics,CUST_1288,1,13521.46,20.0,10817.17,Credit Card
2022-02-18,Store_Mumbai,Sports,CUST_3501,2,2651.48,0.0,5302.96,Credit Card
2022-02-18,Store_Bangalore,Home & Kitchen,CUST_3563,4,3912.31,0.0,15649.24,Credit Card
2022-02-18,Store_Hyderabad,Electronics,CUST_3019,5,9185.3,10.0,41333.85,UPI
2022-02-18,Store_Mumbai,Electronics,CUST_1645,1,14047.02,0.0,14047.02,Cash
2022-02-18,Store_Chennai,Groceries,CUST_1500,3,498.59,5.0,1420.98,Debit Card
2022-02-19,Store_Chennai,Groceries,CUST_3661,3,501.53,10.0,1354.13,UPI
2022-02-19,Store_Bangalore,Groceries,CUST_3810,3,718.81,15.0,1832.97,Cash
2022-02-19,Store_Mumbai,Electronics,CUST_2852,4,12458.1,0.0,49832.4,Cash
2022-02-19,Store_Mumbai,Electronics,CUST_1820,1,9569.03,0.0,9569.03,Credit Card
2022-02-19,Store_Chennai,Electronics,CUST_2799,3,13493.65,0.0,40480.95,Debit Card
2022-02-19,Store_Hyderabad,Electronics,CUST_3524,5,13912.41,0.0,69562.05,Credit Card
2022-02-20,Store_Bangalore,Home & Kitchen,CUST_2348,3,3696.75,5.0,10535.74,Cash
2022-02-20,Store_Mumbai,Sports,CUST_2347,3,2878.98,5.0,8205.09,Cash
2022-02-20,Store_Chennai,Electronics,CUST_2447,2,14116.65,5.0,26821.64,Credit Card
2022-02-20,Store_Mumbai,Home & Kitchen,CUST_2573,1,3158.16,0.0,3158.16,Cash
2022-02-20,Store_Mumbai,Electronics,CUST_2429,5,13340.71,0.0,66703.55,Debit Card
2022-02-20,Store_Mumbai,Sports,CUST_2384,3,3251.55,10.0,8779.19,Credit Card
2022-02-20,Store_Bangalore,Electronics,CUST_2490,2,11243.34,0.0,22486.68,Debit Card
2022-02-21,Store_Mumbai,Clothing,CUST_2314,1,1750.03,10.0,1575.03,UPI
2022-02-21,Store_Delhi,Home & Kitchen,CUST_2159,1,3214.87,0.0,3214.87,UPI
2022-02-21,Store_Chennai,Home & Kitchen,CUST_1317,4,3389.17,5.0,12878.85,Debit Card
2022-02-21,Store_Hyderabad,Groceries,CUST_2812,1,504.02,10.0,453.62,
2022-02-21,Store_Chennai,Groceries,CUST_2356,1,512.76,0.0,512.76,Credit Card
2022-02-21,Store_Delhi,Electronics,CUST_3492,4,14605.99,10.0,52581.56,Cash
2022-02-21,Store_Bangalore,Sports,CUST_1173,2,3498.99,0.0,6997.98,Credit Card
2022-02-22,Store_Delhi,Electronics,CUST_1419,4,11404.2,0.0,45616.8,Credit Card
2022-02-22,Store_Hyderabad,Sports,CUST_3702,3,2845.74,20.0,6829.78,Debit Card
2022-02-22,Store_Bangalore,Clothing,CUST_1909,5,1848.75,5.0,8781.56,UPI
2022-02-22,Store_Hyderabad,Groceries,CUST_1628,1,697.31,10.0,627.58,Credit Card
2022-02-22,Store_Hyderabad,Sports,CUST_1267,3,2442.88,0.0,7328.64,UPI
2022-02-22,Store_Chennai,Groceries,CUST_1048,1,485.15,20.0,388.12,UPI
2022-02-22,Store_Bangalore,Electronics,CUST_1374,4,12669.06,5.0,48142.43,Cash
2022-02-23,Store_Bangalore,Sports,CUST_2179,2,2567.79,0.0,5135.58,Credit Card
2022-02-23,Store_Mumbai,Electronics,CUST_2403,3,11915.53,10.0,32171.93,Debit Card
2022-02-23,Store_Bangalore,Clothing,CUST_3606,4,1562.35,15.0,5311.99,Cash
2022-02-23,Store_Mumbai,Groceries,CUST_2502,5,582.19,0.0,2910.95,Credit Card
2022-02-23,Store_Chennai,Groceries,CUST_2463,1,556.82,5.0,528.98,Debit Card
2022-02-23,Store_Mumbai,Electronics,CUST_1442,4,11876.52,0.0,47506.08,Debit Card
2022-02-23,Store_Chennai,Groceries,CUST_2257,5,493.07,0.0,2465.35,Debit Card
2022-02-24,Store_Chennai,Clothing,CUST_3172,3,1540.25,0.0,4620.75,UPI
2022-02-24,Store_Delhi,Clothing,CUST_3248,4,1860.19,10.0,6696.68,Debit Card
2022-02-24,Store_Bangalore,Sports,CUST_2301,5,2521.15,0.0,12605.75,Debit Card
2022-02-24,Store_Mumbai,Sports,CUST_2402,5,2702.01,0.0,13510.05,Cash
2022-02-24,Store_Chennai,Groceries,CUST_3989,2,720.98,,1441.96,Cash
2022-02-24,Store_Mumbai,Sports,CUST_2303,4,3098.26,0.0,12393.04,Credit Card
2022-02-24,Store_Delhi,Groceries,CUST_3151,5,628.2,5.0,2983.95,Cash
2022-02-25,Store_Bangalore,Clothing,CUST_3660,3,1535.08,0.0,4605.24,Cash
2022-02-25,Store_Mumbai,Groceries,CUST_3293,3,744.8,5.0,2122.68,Debit Card
2022-02-25,Store_Delhi,Groceries,CUST_2605,4,520.64,5.0,1978.43,UPI
2022-02-25,Store_Bangalore,Groceries,CUST_1694,3,529.58,10.0,1429.87,UPI
2022-02-25,Store_Hyderabad,Home & Kitchen,CUST_1703,3,3564.39,0.0,10693.17,Credit Card
2022-02-25,Store_Bangalore,Groceries,CUST_2970,2,731.58,5.0,1390.0,Debit Card
2022-02-25,Store_Mumbai,Sports,CUST_3384,3,2097.94,15.0,5349.75,Cash
2022-02-26,Store_Bangalore,Electronics,CUST_2724,3,10284.97,0.0,30854.91,Credit Card
2022-02-26,Store_Hyderabad,Sports,CUST_2999,3,3127.15,10.0,8443.3,Cash
2022-02-26,Store_Mumbai,Clothing,CUST_1018,1,1498.31,20.0,1198.65,Credit Card
2022-02-26,Store_Hyderabad,Clothing,CUST_1024,1,1280.01,0.0,1280.01,Debit Card
2022-02-26,Store_Delhi,Electronics,CUST_1256,5,10889.58,15.0,46280.72,Cash
2022-02-26,Store_Mumbai,Groceries,CUST_1413,2,489.77,10.0,881.59,UPI
2022-02-27,Store_Chennai,Groceries,CUST_3130,3,646.3,10.0,1745.01,Cash
2022-02-27,Store_Chennai,Clothing,CUST_3369,1,1959.53,10.0,1763.58,Debit Card
2022-02-27,Store_Hyderabad,Clothing,CUST_3951,5,1753.72,15.0,7453.31,Credit Card
2022-02-27,Store_Chennai,Sports,CUST_2556,5,3114.71,0.0,15573.55,Cash
2022-02-27,Store_Chennai,Sports,CUST_3591,3,2536.15,15.0,6467.18,Credit Card
2022-02-27,Store_Hyderabad,Clothing,CUST_3459,4,1647.06,10.0,5929.42,UPI
2022-02-27,Store_Mumbai,Sports,CUST_2950,4,2505.48,0.0,10021.92,Credit Card
2022-02-28,Store_Hyderabad,Clothing,CUST_1990,2,1825.33,5.0,3468.13,Cash
2022-02-28,Store_Bangalore,Clothing,CUST_2111,5,1374.77,10.0,6186.46,Credit Card
2022-02-28,Store_Hyderabad,Electronics,CUST_3624,5,12347.27,20.0,49389.08,Cash
2022-02-28,Store_Chennai,Groceries,CUST_1818,1,644.05,10.0,579.64,Credit Card
2022-02-28,Store_Delhi,Groceries,CUST_1470,1,645.24,10.0,580.72,Cash
2022-02-28,Store_Hyderabad,Sports,CUST_1022,1,3491.41,10.0,3142.27,Credit Card
2022-02-28,Store_Delhi,Sports,CUST_1430,3,3282.32,10.0,8862.26,Cash
2022-03-01,Store_Bangalore,Electronics,CUST_2124,5,7408.3,20.0,29633.2,Cash
2022-03-01,Store_Mumbai,Electronics,CUST_1872,3,6447.65,0.0,19342.95,Debit Card
2022-03-01,Store_Mumbai,Electronics,CUST_1648,5,7602.9,15.0,32312.32,Debit Card
2022-03-01,Store_Bangalore,Groceries,CUST_2751,1,438.45,0.0,438.45,Cash
2022-03-01,Store_Mumbai,Clothing,CUST_1821,3,1034.58,0.0,3103.74,Debit Card
2022-03-01,Store_Bangalore,Home & Kitchen,CUST_3101,5,1956.6,0.0,9783.0,UPI
2022-03-01,Store_Hyderabad,Sports,CUST_2815,4,1407.04,0.0,5628.16,UPI
2022-03-02,Store_Hyderabad,Electronics,CUST_3064,4,7422.27,10.0,26720.17,UPI
2022-03-02,Store_Mumbai,Home & Kitchen,CUST_1118,5,2521.96,5.0,11979.31,UPI
2022-03-02,Store_Mumbai,Electronics,CUST_3222,4,7743.32,0.0,30973.28,Credit Card
2022-03-02,Store_Bangalore,Clothing,CUST_3102,5,827.45,0.0,4137.25,Cash
2022-03-02,Store_Hyderabad,Home & Kitchen,CUST_1972,1,1804.34,0.0,1804.34,Debit Card
2022-03-02,Store_Mumbai,Groceries,CUST_2479,1,403.87,10.0,363.48,Debit Card
2022-03-02,Store_Delhi,Groceries,CUST_3459,4,450.64,20.0,1442.05,UPI
2022-03-03,Store_Delhi,Home & Kitchen,CUST_2847,4,2056.13,20.0,6579.62,Cash
2022-03-03,Store_Mumbai,Clothing,CUST_2113,3,1136.34,0.0,3409.02,Credit Card
2022-03-03,Store_Mumbai,Clothing,CUST_1460,1,1234.87,5.0,1173.13,Credit Card
2022-03-03,Store_Delhi,Home & Kitchen,CUST_1215,4,2615.25,20.0,8368.8,UPI
2022-03-03,Store_Mumbai,Electronics,CUST_2843,1,8253.28,20.0,6602.62,Debit Card
2022-03-03,Store_Bangalore,Groceries,CUST_2145,1,437.12,0.0,437.12,Cash
2022-03-03,Store_Delhi,Sports,CUST_1989,2,1495.13,5.0,2840.75,Credit Card
2022-03-04,Store_Delhi,Home & Kitchen,CUST_3097,5,1985.55,20.0,7942.2,Cash
2022-03-04,Store_Chennai,Home & Kitchen,CUST_3743,4,2464.17,20.0,7885.34,Debit Card
2022-03-04,Store_Chennai,Clothing,CUST_3358,1,933.54,20.0,746.83,Credit Card
2022-03-04,Store_Hyderabad,Clothing,CUST_1618,4,1324.33,0.0,5297.32,Cash
2022-03-04,Store_Chennai,Sports,CUST_3019,2,1893.36,15.0,3218.71,UPI
2022-03-04,Store_Bangalore,Groceries,CUST_1136,1,312.01,10.0,280.81,UPI
2022-03-04,Store_Delhi,Clothing,CUST_2751,4,1140.69,0.0,4562.76,Credit Card
2022-03-05,Store_Hyderabad,Home & Kitchen,CUST_3936,2,2474.13,0.0,4948.26,Credit Card
2022-03-05,Store_Delhi,Groceries,CUST_1666,4,341.81,0.0,1367.24,Debit Card
2022-03-05,Store_Hyderabad,Groceries,CUST_3451,1,309.67,0.0,309.67,Debit Card
2022-03-05,Store_Delhi,Groceries,CUST_1684,3,442.15,0.0,1326.45,UPI
2022-03-05,Store_Mumbai,Sports,CUST_1153,4,1630.8,15.0,5544.72,Cash
2022-03-05,Store_Delhi,Home & Kitchen,CUST_2913,4,1958.73,10.0,7051.43,Cash
2022-03-06,Store_Bangalore,Electronics,CUST_1650,2,7132.9,5.0,13552.51,Debit Card
2022-03-06,Store_Chennai,Sports,CUST_3038,3,1647.3,0.0,4941.9,Credit Card
2022-03-06,Store_Hyderabad,Sports,CUST_3675,5,1984.86,15.0,8435.65,UPI
2022-03-06,Store_Delhi,Sports,CUST_1474,1,1514.35,0.0,1514.35,UPI
2022-03-06,Store_Mumbai,Clothing,CUST_2982,3,1053.88,15.0,2687.39,Debit Card
2022-03-06,Store_Delhi,Home & Kitchen,CUST_3480,2,2412.3,15.0,4100.91,UPI
2022-03-06,Store_Delhi,Home & Kitchen,CUST_1699,5,1588.01,10.0,7146.04,Cash
2022-03-07,Store_Delhi,Electronics,CUST_2538,2,5686.73,0.0,11373.46,Debit Card
2022-03-07,Store_Chennai,Home & Kitchen,CUST_2988,4,2203.3,10.0,7931.88,Cash
2022-03-07,Store_Delhi,Clothing,CUST_1205,2,1391.28,0.0,2782.56,Credit Card
2022-03-07,Store_Bangalore,Groceries,CUST_2991,4,470.95,0.0,1883.8,Cash
2022-03-07,Store_Bangalore,Groceries,CUST_1976,2,354.22,10.0,637.6,Cash
2022-03-07,Store_Chennai,Clothing,CUST_3964,1,1150.22,10.0,1035.2,Credit Card
2022-03-07,Store_Delhi,Electronics,CUST_2111,1,7093.25,20.0,5674.6,Credit Card
2022-03-08,Store_Hyderabad,Groceries,CUST_1762,1,265.84,15.0,225.96,Cash
2022-03-08,Store_Bangalore,Sports,CUST_1560,1,1434.24,20.0,1147.39,Credit Card
2022-03-08,Store_Mumbai,Sports,CUST_2151,1,1476.83,5.0,1402.99,Debit Card
2022-03-08,Store_Mumbai,Clothing,CUST_2824,1,938.75,0.0,938.75,UPI
2022-03-08,Store_Hyderabad,Sports,CUST_2191,4,1663.01,10.0,5986.84,Cash
2022-03-08,Store_Chennai,Sports,CUST_2855,1,1474.47,0.0,1474.47,Debit Card
2022-03-08,Store_Chennai,Groceries,CUST_1451,4,352.27,15.0,1197.72,Credit Card
2022-03-09,Store_Mumbai,Clothing,CUST_1450,3,941.6,0.0,2824.8,Credit Card
2022-03-09,Store_Hyderabad,Groceries,CUST_2035,3,296.66,0.0,889.98,Cash
2022-03-09,Store_Delhi,Groceries,CUST_2947,5,348.72,0.0,1743.6,Cash
2022-03-09,Store_Delhi,Groceries,CUST_2473,1,319.15,10.0,287.24,Cash
2022-03-09,Store_Mumbai,Electronics,CUST_1127,5,8679.74,0.0,43398.7,Credit Card
2022-03-09,Store_Delhi,Home & Kitchen,CUST_3265,5,2349.98,20.0,9399.92,Debit Card
2022-03-09,Store_Delhi,Clothing,CUST_2988,1,902.25,20.0,721.8,Cash
2022-03-10,Store_Hyderabad,Clothing,CUST_3434,4,994.89,0.0,3979.56,Credit Card
2022-03-10,Store_Hyderabad,Clothing,CUST_1021,1,1242.14,5.0,1180.03,UPI
2022-03-10,Store_Hyderabad,Groceries,CUST_3195,3,331.65,0.0,994.95,UPI
2022-03-10,Store_Mumbai,Groceries,CUST_2157,4,299.46,10.0,1078.06,UPI
2022-03-10,Store_Chennai,Clothing,CUST_2082,1,1218.1,0.0,1218.1,Debit Card
2022-03-10,Store_Mumbai,Clothing,CUST_1661,5,817.46,5.0,3882.94,Cash
2022-03-10,Store_Chennai,Sports,CUST_1283,3,1884.27,0.0,5652.81,Cash
2022-03-11,Store_Bangalore,Electronics,CUST_3093,5,6912.41,5.0,32833.95,Cash
2022-03-11,Store_Hyderabad,Electronics,CUST_2364,2,5514.51,0.0,11029.02,Credit Card
2022-03-11,Store_Bangalore,Home & Kitchen,CUST_1859,4,2330.83,0.0,9323.32,Debit Card
2022-03-11,Store_Bangalore,Groceries,CUST_1368,1,410.65,0.0,410.65,Credit Card
2022-03-11,Store_Delhi,Home & Kitchen,CUST_3250,1,1829.34,0.0,1829.34,Debit Card
2022-03-11,Store_Delhi,Clothing,CUST_2327,3,970.84,5.0,2766.89,UPI
2022-03-11,Store_Hyderabad,Clothing,CUST_2993,3,1006.87,10.0,2718.55,Credit Card
2022-03-12,Store_Bangalore,Groceries,CUST_1294,3,394.55,0.0,1183.65,Credit Card
2022-03-12,Store_Bangalore,Home & Kitchen,CUST_3900,4,2952.96,0.0,11811.84,Credit Card
2022-03-12,Store_Hyderabad,Sports,CUST_2642,2,1527.52,5.0,2902.29,Debit Card
2022-03-12,Store_Delhi,Home & Kitchen,CUST_2228,2,2414.38,5.0,4587.32,Cash
2022-03-12,Store_Mumbai,Sports,CUST_1973,3,1820.34,0.0,5461.02,Credit Card
2022-03-12,Store_Hyderabad,Electronics,CUST_3761,1,7560.56,5.0,7182.53,Cash
2022-03-13,Store_Mumbai,Sports,CUST_1963,2,2073.38,10.0,3732.08,Credit Card
2022-03-13,Store_Delhi,Electronics,CUST_1276,4,8413.03,5.0,31969.51,Cash
2022-03-13,Store_Delhi,Clothing,CUST_2571,4,1382.78,0.0,5531.12,Credit Card
2022-03-13,Store_Hyderabad,Electronics,CUST_1136,2,5948.28,0.0,11896.56,Cash
2022-03-13,Store_Chennai,Sports,CUST_3512,3,1520.99,10.0,4106.67,Credit Card
2022-03-13,Store_Mumbai,Groceries,CUST_3700,1,264.85,5.0,251.61,Credit Card
2022-03-13,Store_Mumbai,Sports,CUST_2629,1,1988.52,5.0,1889.09,Debit Card
2022-03-14,Store_Bangalore,Electronics,CUST_1114,3,8853.27,0.0,26559.81,Credit Card
2022-03-14,Store_Mumbai,Clothing,CUST_3805,1,888.32,0.0,888.32,Credit Card
2022-03-14,Store_Chennai,Home & Kitchen,CUST_3242,3,2248.59,5.0,6408.48,Credit Card
2022-03-14,Store_Hyderabad,Clothing,CUST_3977,1,889.25,5.0,844.79,Cash
2022-03-14,Store_Delhi,Sports,CUST_3064,1,1827.0,5.0,1735.65,Debit Card
2022-03-14,Store_Delhi,Sports,CUST_1192,2,1735.91,5.0,3298.23,Cash
2022-03-14,Store_Bangalore,Electronics,CUST_3026,3,5775.99,5.0,16461.57,Cash
2022-03-15,Store_Hyderabad,Home & Kitchen,CUST_1504,1,2628.17,10.0,2365.35,Cash
2022-03-15,Store_Bangalore,Groceries,CUST_1658,4,362.54,5.0,1377.65,Credit Card
2022-03-15,Store_Hyderabad,Electronics,CUST_2255,5,6106.09,5.0,29003.93,Cash
2022-03-15,Store_Hyderabad,Groceries,CUST_2895,2,323.63,0.0,647.26,Cash
2022-03-15,Store_Mumbai,Home & Kitchen,CUST_3382,4,2091.89,0.0,8367.56,Cash
2022-03-15,Store_Mumbai,Sports,CUST_2855,3,1270.08,0.0,3810.24,UPI
2022-03-15,Store_Chennai,Home & Kitchen,CUST_1897,3,1830.38,0.0,5491.14,Debit Card
2022-03-16,Store_Bangalore,Electronics,CUST_2955,4,6697.1,0.0,26788.4,Debit Card
2022-03-16,Store_Bangalore,Clothing,CUST_3532,2,1307.13,15.0,2222.12,
2022-03-16,Store_Chennai,Home & Kitchen,CUST_3972,5,2240.77,0.0,11203.85,UPI
2022-03-16,Store_Hyderabad,Electronics,CUST_2493,3,7561.02,15.0,19280.6,Cash
2022-03-16,Store_Hyderabad,Home & Kitchen,CUST_2082,2,2303.17,0.0,4606.34,Debit Card
2022-03-16,Store_Bangalore,Sports,CUST_2359,3,2088.23,10.0,5638.22,Credit Card
2022-03-16,Store_Bangalore,Clothing,CUST_3783,2,888.92,5.0,1688.95,UPI
2022-03-17,Store_Bangalore,Electronics,CUST_3015,3,8957.07,0.0,26871.21,Cash
2022-03-17,Store_Mumbai,Sports,CUST_1974,2,1528.27,15.0,2598.06,UPI
2022-03-17,Store_Mumbai,Home & Kitchen,CUST_3622,2,2352.23,5.0,4469.24,Cash
2022-03-17,Store_Delhi,Sports,CUST_3949,3,1925.82,15.0,4910.84,Debit Card
2022-03-17,Store_Bangalore,Groceries,CUST_3378,5,367.33,0.0,1836.65,Debit Card
2022-03-17,Store_Bangalore,Sports,CUST_3620,3,1876.27,10.0,5065.93,Debit Card
2022-03-17,Store_Hyderabad,Groceries,CUST_2904,5,362.1,0.0,1810.5,Cash
2022-03-18,Store_Chennai,Home & Kitchen,CUST_1507,3,2290.07,5.0,6526.7,Credit Card
2022-03-18,Store_Delhi,Groceries,CUST_2258,2,370.46,0.0,740.92,Debit Card
2022-03-18,Store_Hyderabad,Groceries,CUST_1067,3,421.48,5.0,1201.22,Cash
2022-03-18,Store_Delhi,Sports,CUST_3258,3,1676.66,0.0,5029.98,Debit Card
2022-03-18,Store_Chennai,Clothing,CUST_2585,4,998.71,20.0,3195.87,Debit Card
2022-03-18,Store_Mumbai,Electronics,CUST_3236,2,8108.78,0.0,16217.56,Credit Card
2022-03-18,Store_Hyderabad,Groceries,CUST_2448,2,335.56,10.0,604.01,Credit Card
2022-03-19,Store_Chennai,Electronics,CUST_3240,1,5918.9,10.0,5327.01,Credit Card
2022-03-19,Store_Mumbai,Clothing,CUST_1374,1,1118.88,0.0,1118.88,Debit Card
2022-03-19,Store_Chennai,Groceries,CUST_1089,4,372.43,20.0,1191.78,Debit Card
2022-03-19,Store_Delhi,Sports,CUST_2610,2,1560.41,20.0,2496.66,UPI
2022-03-19,Store_Mumbai,Groceries,CUST_3387,4,278.52,0.0,1114.08,Debit Card
2022-03-19,Store_Mumbai,Groceries,CUST_3135,5,460.2,0.0,2301.0,Credit Card
2022-03-20,Store_Bangalore,Groceries,CUST_3872,3,318.76,10.0,860.65,Credit Card
2022-03-20,Store_Delhi,Home & Kitchen,CUST_3857,4,2076.13,15.0,7058.84,Debit Card
2022-03-20,Store_Delhi,Groceries,CUST_3323,3,396.09,0.0,1188.27,Credit Card
2022-03-20,Store_Hyderabad,Clothing,CUST_2831,4,1059.88,20.0,3391.62,Cash
2022-03-20,Store_Mumbai,Groceries,CUST_1636,5,281.96,0.0,1409.8,Cash
2022-03-20,Store_Delhi,Home & Kitchen,CUST_3430,5,2149.51,10.0,9672.8,UPI
2022-03-20,Store_Hyderabad,Groceries,CUST_2447,4,339.67,5.0,1290.75,UPI
2022-03-21,Store_Chennai,Home & Kitchen,CUST_1824,4,1957.39,5.0,7438.08,Credit Card
2022-03-21,Store_Hyderabad,Sports,CUST_1971,2,1697.4,5.0,3225.06,Credit Card
2022-03-21,Store_Bangalore,Clothing,CUST_2105,5,1468.59,0.0,7342.95,Credit Card
2022-03-21,Store_Delhi,Electronics,CUST_1047,4,7871.3,0.0,31485.2,Credit Card
2022-03-21,Store_Hyderabad,Home & Kitchen,CUST_3032,3,2230.55,0.0,6691.65,Cash
2022-03-21,Store_Delhi,Groceries,CUST_3043,5,371.53,10.0,1671.88,Debit Card
2022-03-21,Store_Bangalore,Sports,CUST_2474,3,1390.63,0.0,4171.89,UPI
2022-03-22,Store_Mumbai,Groceries,CUST_3759,5,386.79,10.0,1740.56,UPI
2022-03-22,Store_Bangalore,Groceries,CUST_1348,2,296.81,5.0,563.94,Credit Card
2022-03-22,Store_Delhi,Home & Kitchen,CUST_1382,1,1643.5,5.0,1561.32,Debit Card
2022-03-22,Store_Mumbai,Sports,CUST_1336,5,2052.51,10.0,9236.3,Cash
2022-03-22,Store_Mumbai,Electronics,CUST_2754,1,5904.48,5.0,5609.26,UPI
2022-03-22,Store_Delhi,Groceries,CUST_2496,2,416.68,0.0,833.36,Debit Card
2022-03-22,Store_Delhi,Clothing,CUST_2756,2,1152.71,20.0,1844.34,UPI
2022-03-23,Store_Hyderabad,Sports,CUST_2490,3,1168.27,0.0,3504.81,Debit Card
2022-03-23,Store_Mumbai,Electronics,CUST_3973,4,7234.3,0.0,28937.2,Debit Card
2022-03-23,Store_Bangalore,Electronics,CUST_2121,4,9847.19,10.0,35449.88,Credit Card
2022-03-23,Store_Bangalore,Home & Kitchen,CUST_2291,1,2837.52,0.0,2837.52,Credit Card
2022-03-23,Store_Bangalore,Groceries,CUST_2504,2,368.52,0.0,737.04,Cash
2022-03-23,Store_Hyderabad,Sports,CUST_1613,5,1882.02,0.0,9410.1,UPI
2022-03-23,Store_Delhi,Sports,CUST_3903,3,1773.05,0.0,5319.15,Credit Card
2022-03-24,Store_Bangalore,Sports,CUST_1272,3,1269.11,10.0,3426.6,Credit Card
2022-03-24,Store_Chennai,Home & Kitchen,CUST_3224,2,2440.44,5.0,4636.84,UPI
2022-03-24,Store_Chennai,Home & Kitchen,CUST_2270,2,2323.47,5.0,4414.59,Debit Card
2022-03-24,Store_Mumbai,Groceries,CUST_1896,2,289.67,0.0,579.34,Debit Card
2022-03-24,Store_Hyderabad,Clothing,CUST_1922,1,1167.5,0.0,1167.5,Debit Card
2022-03-24,Store_Bangalore,Home & Kitchen,CUST_3677,5,2197.71,0.0,10988.55,UPI
2022-03-24,Store_Hyderabad,Electronics,CUST_2028,2,7149.68,0.0,14299.36,Debit Card
2022-03-25,Store_Chennai,Clothing,CUST_2710,3,738.48,0.0,2215.44,Cash
2022-03-25,Store_Hyderabad,Clothing,CUST_1128,4,1129.59,,4518.36,Debit Card
2022-03-25,Store_Bangalore,Clothing,CUST_2492,3,983.11,15.0,2506.93,UPI
2022-03-25,Store_Delhi,Electronics,CUST_1974,4,6507.38,,26029.52,Debit Card
2022-03-25,Store_Bangalore,Sports,CUST_2326,1,1473.92,0.0,1473.92,Debit Card
2022-03-25,Store_Mumbai,Groceries,CUST_2986,2,330.17,5.0,627.32,Debit Card
2022-03-25,Store_Hyderabad,Clothing,CUST_3052,1,1130.68,0.0,1130.68,Debit Card
2022-03-26,Store_Hyderabad,Sports,CUST_1584,5,1411.73,20.0,5646.92,Cash
2022-03-26,Store_Chennai,Clothing,CUST_1843,1,1217.11,15.0,1034.54,Debit Card
2022-03-26,Store_Hyderabad,Sports,CUST_1605,3,1831.73,0.0,5495.19,Debit Card
2022-03-26,Store_Bangalore,Clothing,CUST_2611,5,853.3,0.0,4266.5,Cash
2022-03-26,Store_Bangalore,Sports,CUST_2358,1,1475.64,0.0,1475.64,Cash
2022-03-26,Store_Bangalore,Groceries,CUST_3649,5,365.3,0.0,1826.5,UPI
2022-03-27,Store_Delhi,Electronics,CUST_2262,1,7582.37,,7203.25,UPI
2022-03-27,Store_Delhi,Sports,CUST_1005,3,1700.07,0.0,5100.21,Debit Card
2022-03-27,Store_Delhi,Clothing,CUST_1389,1,1073.75,20.0,859.0,UPI
2022-03-27,Store_Chennai,Clothing,CUST_3431,2,1127.77,15.0,1917.21,Credit Card
2022-03-27,Store_Mumbai,Groceries,CUST_2635,3,303.7,10.0,819.99,Debit Card
2022-03-27,Store_Chennai,Clothing,CUST_2073,4,1272.34,0.0,5089.36,Credit Card
2022-03-27,Store_Bangalore,Groceries,CUST_1462,4,364.36,10.0,1311.7,Debit Card
2022-03-28,Store_Mumbai,Groceries,CUST_3284,4,381.32,0.0,1525.28,Debit Card
2022-03-28,Store_Hyderabad,Groceries,CUST_1875,3,303.92,15.0,775.0,Credit Card
2022-03-28,Store_Chennai,Clothing,CUST_3929,5,1109.14,10.0,4991.13,UPI
2022-03-28,Store_Delhi,Sports,CUST_1452,5,1520.69,15.0,6462.93,Credit Card
2022-03-28,Store_Hyderabad,Sports,CUST_2447,4,1723.78,0.0,6895.12,UPI
2022-03-28,Store_Hyderabad,Electronics,CUST_1834,5,7760.11,15.0,32980.47,Credit Card
2022-03-28,Store_Hyderabad,Groceries,CUST_1978,3,497.53,0.0,1492.59,Cash
2022-03-29,Store_Delhi,Groceries,CUST_2538,1,373.27,0.0,373.27,Credit Card
2022-03-29,Store_Bangalore,Home & Kitchen,CUST_1840,4,2545.44,0.0,10181.76,Cash
2022-03-29,Store_Hyderabad,Groceries,CUST_3328,5,297.37,5.0,1412.51,UPI
2022-03-29,Store_Mumbai,Clothing,CUST_2016,5,1092.15,10.0,4914.68,UPI
2022-03-29,Store_Hyderabad,Electronics,CUST_2482,1,7954.7,0.0,7954.7,Credit Card
2022-03-29,Store_Chennai,Sports,CUST_2599,5,1828.86,0.0,9144.3,UPI
2022-03-29,Store_Hyderabad,Home & Kitchen,CUST_2778,1,1877.13,0.0,1877.13,Cash
2022-03-30,Store_Hyderabad,Groceries,CUST_1430,5,450.19,10.0,2025.85,Credit Card
2022-03-30,Store_Hyderabad,Home & Kitchen,CUST_3330,4,2452.96,5.0,9321.25,Credit Card
2022-03-30,Store_Mumbai,Home & Kitchen,CUST_2827,5,2819.15,,14095.75,Debit Card
2022-03-30,Store_Delhi,Sports,CUST_1925,2,1308.75,0.0,2617.5,Debit Card
2022-03-30,Store_Hyderabad,Sports,CUST_2459,4,1586.58,0.0,6346.32,Debit Card
2022-03-30,Store_Chennai,Sports,CUST_2683,2,1324.05,20.0,2118.48,Cash
2022-03-30,Store_Bangalore,Home & Kitchen,CUST_1044,2,2274.82,0.0,4549.64,Debit Card
2022-03-31,Store_Chennai,Clothing,CUST_2390,5,1095.19,0.0,5475.95,Debit Card
2022-03-31,Store_Mumbai,Electronics,CUST_1147,3,6377.81,10.0,17220.09,Cash
2022-03-31,Store_Bangalore,Home & Kitchen,CUST_1277,2,1925.63,10.0,3466.13,Cash
2022-03-31,Store_Hyderabad,Home & Kitchen,CUST_3182,5,2353.47,5.0,11178.98,Credit Card
2022-03-31,Store_Mumbai,Groceries,CUST_3462,2,426.48,5.0,810.31,Cash
2022-03-31,Store_Chennai,Sports,CUST_2887,2,1547.47,10.0,2785.45,Debit Card
2022-03-31,Store_Delhi,Groceries,CUST_1305,1,264.55,10.0,238.1,Credit Card
2022-04-01,Store_Mumbai,Electronics,CUST_3665,1,6518.64,10.0,5866.78,Cash
2022-04-01,Store_Hyderabad,Clothing,CUST_3540,4,789.57,20.0,2526.62,Credit Card
2022-04-01,Store_Chennai,Home & Kitchen,CUST_2921,3,2495.09,10.0,6736.74,Debit Card
2022-04-01,Store_Mumbai,Home & Kitchen,CUST_2760,4,2311.76,10.0,8322.34,Debit Card
2022-04-01,Store_Delhi,Electronics,CUST_1467,2,6692.43,0.0,13384.86,Cash
2022-04-01,Store_Hyderabad,Groceries,CUST_3059,3,378.54,5.0,1078.84,UPI
2022-04-01,Store_Bangalore,Home & Kitchen,CUST_1059,2,1542.3,0.0,3084.6,Debit Card
2022-04-02,Store_Hyderabad,Electronics,CUST_1568,3,6636.26,0.0,19908.78,Credit Card
2022-04-02,Store_Hyderabad,Sports,CUST_3669,4,1517.24,0.0,6068.96,Cash
2022-04-02,Store_Delhi,Clothing,CUST_2708,2,1244.41,0.0,2488.82,Debit Card
2022-04-02,Store_Mumbai,Sports,CUST_3341,4,1598.2,15.0,5433.88,Debit Card
2022-04-02,Store_Chennai,Sports,CUST_2485,3,1486.67,0.0,4460.01,Credit Card
2022-04-02,Store_Mumbai,Electronics,CUST_2579,5,7353.71,0.0,36768.55,Credit Card
2022-04-03,Store_Bangalore,Electronics,CUST_3815,4,6765.71,5.0,25709.7,Debit Card
2022-04-03,Store_Chennai,Groceries,CUST_3237,1,267.17,5.0,253.81,UPI
2022-04-03,Store_Delhi,Groceries,CUST_2985,4,372.13,0.0,1488.52,Cash
2022-04-03,Store_Delhi,Sports,CUST_2878,4,1375.54,5.0,5227.05,Debit Card
2022-04-03,Store_Chennai,Groceries,CUST_3240,5,255.73,15.0,1086.85,Credit Card
2022-04-03,Store_Hyderabad,Sports,CUST_2135,1,1630.16,10.0,1467.14,Cash
2022-04-03,Store_Chennai,Electronics,CUST_2644,3,8361.26,0.0,25083.78,Debit Card
2022-04-04,Store_Mumbai,Electronics,CUST_1652,4,7996.35,0.0,31985.4,Credit Card
2022-04-04,Store_Delhi,Home & Kitchen,CUST_2066,1,1999.77,10.0,1799.79,UPI
2022-04-04,Store_Chennai,Home & Kitchen,CUST_1923,2,2125.05,0.0,4250.1,Cash
2022-04-04,Store_Bangalore,Home & Kitchen,CUST_2802,3,2950.78,5.0,8409.72,Credit Card
2022-04-04,Store_Hyderabad,Clothing,CUST_1941,3,1296.59,0.0,3889.77,UPI
2022-04-04,Store_Mumbai,Electronics,CUST_2966,2,6964.44,5.0,13232.44,Debit Card
2022-04-04,Store_Chennai,Sports,CUST_2652,4,1481.29,5.0,5628.9,Credit Card
2022-04-05,Store_Delhi,Sports,CUST_1259,1,2158.27,0.0,2158.27,Debit Card
2022-04-05,Store_Chennai,Electronics,CUST_1746,2,7821.7,0.0,15643.4,Credit Card
2022-04-05,Store_Bangalore,Clothing,CUST_1797,1,827.85,5.0,786.46,UPI
2022-04-05,Store_Mumbai,Electronics,CUST_1621,3,6738.51,5.0,19204.75,Credit Card
2022-04-05,Store_Bangalore,Groceries,CUST_1421,2,391.45,5.0,743.76,UPI
2022-04-05,Store_Bangalore,Clothing,CUST_2519,1,1162.44,5.0,1104.32,Credit Card
2022-04-05,Store_Delhi,Clothing,CUST_2539,3,890.07,0.0,2670.21,UPI
2022-04-06,Store_Bangalore,Home & Kitchen,CUST_1456,3,2238.82,0.0,6716.46,UPI
2022-04-06,Store_Delhi,Groceries,CUST_2306,5,301.0,5.0,1429.75,Credit Card
2022-04-06,Store_Bangalore,Clothing,CUST_3307,4,877.18,0.0,3508.72,Credit Card
2022-04-06,Store_Delhi,Electronics,CUST_2089,2,7109.04,0.0,14218.08,UPI
2022-04-06,Store_Mumbai,Home & Kitchen,CUST_3430,4,2364.03,20.0,7564.9,Cash
2022-04-06,Store_Hyderabad,Clothing,CUST_1018,2,986.66,0.0,1973.32,UPI
2022-04-06,Store_Delhi,Clothing,CUST_1861,5,945.19,0.0,4725.95,Debit Card
2022-04-07,Store_Chennai,Electronics,CUST_1270,5,5178.76,5.0,24599.11,Cash
2022-04-07,Store_Hyderabad,Home & Kitchen,CUST_2771,5,1657.66,0.0,8288.3,UPI
2022-04-07,Store_Delhi,Clothing,CUST_1721,1,1128.13,5.0,1071.72,Credit Card
2022-04-07,Store_Mumbai,Electronics,CUST_2449,2,8293.17,15.0,14098.39,UPI
2022-04-07,Store_Bangalore,Electronics,CUST_1223,5,7876.67,5.0,37414.18,Debit Card
2022-04-07,Store_Mumbai,Groceries,CUST_3244,1,336.34,0.0,336.34,Credit Card
2022-04-07,Store_Hyderabad,Sports,CUST_3170,3,1494.38,0.0,4483.14,Cash
2022-04-08,Store_Chennai,Groceries,CUST_1588,2,301.75,0.0,603.5,Credit Card
2022-04-08,Store_Delhi,Groceries,CUST_2714,3,375.97,0.0,1127.91,Debit Card
2022-04-08,Store_Delhi,Groceries,CUST_3381,5,370.79,20.0,1483.16,Cash
2022-04-08,Store_Delhi,Sports,CUST_3160,1,2080.7,15.0,1768.59,UPI
2022-04-08,Store_Delhi,Home & Kitchen,CUST_1305,1,2136.07,5.0,2029.27,Cash
2022-04-08,Store_Mumbai,Electronics,CUST_3936,1,8776.43,10.0,7898.79,Debit Card
2022-04-08,Store_Chennai,Sports,CUST_3705,3,1459.97,0.0,4379.91,Debit Card
2022-04-09,Store_Chennai,Home & Kitchen,CUST_3279,1,1713.96,10.0,1542.56,Cash
2022-04-09,Store_Mumbai,Home & Kitchen,CUST_1903,1,2031.96,0.0,2031.96,UPI
2022-04-09,Store_Delhi,Sports,CUST_3038,5,1201.77,10.0,5407.96,UPI
2022-04-09,Store_Delhi,Clothing,CUST_2170,4,817.33,0.0,3269.32,Credit Card
2022-04-09,Store_Chennai,Sports,CUST_1704,2,2076.91,0.0,4153.82,Cash
2022-04-09,Store_Chennai,Groceries,CUST_2312,3,356.57,5.0,1016.22,Credit Card
2022-04-10,Store_Chennai,Home & Kitchen,CUST_2633,3,1644.12,20.0,3945.89,Credit Card
2022-04-10,Store_Chennai,Sports,CUST_1684,4,1761.09,10.0,6339.92,Debit Card
2022-04-10,Store_Mumbai,Sports,CUST_1626,2,2195.17,0.0,4390.34,Credit Card
2022-04-10,Store_Chennai,Groceries,CUST_3662,5,383.51,0.0,1917.55,Cash
2022-04-10,Store_Chennai,Sports,CUST_2158,4,1513.85,0.0,6055.4,UPI
2022-04-10,Store_Hyderabad,Home & Kitchen,CUST_3580,3,2128.79,5.0,6067.05,Credit Card
2022-04-10,Store_Hyderabad,Sports,CUST_1027,5,1490.75,20.0,5963.0,Debit Card
2022-04-11,Store_Bangalore,Clothing,CUST_3597,1,967.97,20.0,774.38,Cash
2022-04-11,Store_Delhi,Groceries,CUST_2554,2,388.57,5.0,738.28,Debit Card
2022-04-11,Store_Hyderabad,Electronics,CUST_1152,4,6947.84,15.0,23622.66,Debit Card
2022-04-11,Store_Delhi,Electronics,CUST_2938,4,6147.71,0.0,24590.84,Cash
2022-04-11,Store_Chennai,Electronics,CUST_3919,3,6086.08,0.0,18258.24,Debit Card
2022-04-11,Store_Hyderabad,Clothing,CUST_3920,1,1135.67,5.0,1078.89,Debit Card
2022-04-11,Store_Chennai,Clothing,CUST_1380,2,995.27,0.0,1990.54,Debit Card
2022-04-12,Store_Bangalore,Home & Kitchen,CUST_2912,1,1931.28,0.0,1931.28,Credit Card
2022-04-12,Store_Mumbai,Sports,CUST_3819,5,1748.01,10.0,7866.04,Cash
2022-04-12,Store_Hyderabad,Sports,CUST_3815,2,1254.77,10.0,2258.59,Credit Card
2022-04-12,Store_Bangalore,Sports,CUST_1652,3,1264.83,15.0,3225.32,Debit Card
2022-04-12,Store_Mumbai,Sports,CUST_1571,2,1652.14,5.0,3139.07,UPI
2022-04-12,Store_Delhi,Sports,CUST_1787,2,1968.36,10.0,3543.05,UPI
2022-04-12,Store_Mumbai,Electronics,CUST_2605,5,8282.58,5.0,39342.25,UPI
2022-04-13,Store_Chennai,Clothing,CUST_2749,3,1090.72,10.0,2944.94,Credit Card
2022-04-13,Store_Chennai,Home & Kitchen,CUST_3371,3,2560.89,15.0,6530.27,Cash
2022-04-13,Store_Bangalore,Home & Kitchen,CUST_3514,3,2349.09,20.0,5637.82,Credit Card
2022-04-13,Store_Bangalore,Electronics,CUST_2296,3,6044.11,15.0,15412.48,UPI
2022-04-13,Store_Delhi,Sports,CUST_3262,3,1701.34,20.0,4083.22,UPI
2022-04-13,Store_Delhi,Electronics,CUST_2307,1,7117.82,0.0,7117.82,UPI
2022-04-13,Store_Chennai,Groceries,CUST_2894,5,342.95,0.0,1714.75,Debit Card
2022-04-14,Store_Chennai,Groceries,CUST_3716,4,354.04,15.0,1203.74,Cash
2022-04-14,Store_Mumbai,Groceries,CUST_2754,3,360.03,15.0,918.08,Cash
2022-04-14,Store_Mumbai,Electronics,CUST_3212,3,8398.06,0.0,25194.18,Debit Card
2022-04-14,Store_Bangalore,Groceries,CUST_2710,1,388.63,15.0,330.34,Debit Card
2022-04-14,Store_Chennai,Home & Kitchen,CUST_3710,5,2385.19,0.0,11925.95,Debit Card
2022-04-14,Store_Hyderabad,Clothing,CUST_3294,2,982.07,10.0,1767.73,Debit Card
2022-04-14,Store_Chennai,Sports,CUST_2907,1,1549.42,5.0,1471.95,Debit Card
2022-04-15,Store_Bangalore,Sports,CUST_2105,1,1205.1,5.0,1144.84,Cash
2022-04-15,Store_Delhi,Sports,CUST_2380,1,1556.53,0.0,1556.53,Cash
2022-04-15,Store_Bangalore,Sports,CUST_3353,4,1697.73,0.0,6790.92,Debit Card
2022-04-15,Store_Hyderabad,Electronics,CUST_2958,3,6549.85,10.0,17684.6,Cash
2022-04-15,Store_Hyderabad,Electronics,CUST_2511,1,7875.39,0.0,7875.39,Cash
2022-04-15,Store_Bangalore,Sports,CUST_3721,2,1205.51,20.0,1928.82,Debit Card
2022-04-15,Store_Delhi,Groceries,CUST_3172,1,446.77,5.0,424.43,Debit Card
2022-04-16,Store_Hyderabad,Groceries,CUST_1227,3,424.3,0.0,1272.9,Credit Card
2022-04-16,Store_Mumbai,Clothing,CUST_3741,2,802.35,0.0,1604.7,UPI
2022-04-16,Store_Delhi,Electronics,CUST_1918,5,8533.82,15.0,36268.74,UPI
2022-04-16,Store_Chennai,Clothing,CUST_2319,2,1216.77,5.0,2311.86,UPI
2022-04-16,Store_Hyderabad,Electronics,CUST_3521,4,9716.02,0.0,38864.08,Cash
2022-04-16,Store_Bangalore,Groceries,CUST_3007,4,383.57,0.0,1534.28,Debit Card
2022-04-17,Store_Chennai,Electronics,CUST_1950,1,6106.55,0.0,6106.55,UPI
2022-04-17,Store_Mumbai,Groceries,CUST_3601,5,471.23,,2238.34,Cash
2022-04-17,Store_Hyderabad,Electronics,CUST_2230,2,6155.53,0.0,12311.06,Cash
2022-04-17,Store_Chennai,Groceries,CUST_3900,1,327.06,0.0,327.06,Debit Card
2022-04-17,Store_Delhi,Sports,CUST_1060,1,1800.05,15.0,1530.04,Debit Card
2022-04-17,Store_Hyderabad,Home & Kitchen,CUST_1534,1,2588.33,0.0,2588.33,Credit Card
2022-04-17,Store_Mumbai,Sports,CUST_2039,4,1413.91,0.0,5655.64,UPI
2022-04-18,Store_Chennai,Clothing,CUST_3847,2,918.47,15.0,1561.4,UPI
2022-04-18,Store_Bangalore,Home & Kitchen,CUST_1901,1,1932.67,0.0,1932.67,UPI
2022-04-18,Store_Delhi,Electronics,CUST_1547,2,5821.84,20.0,9314.94,Cash
2022-04-18,Store_Delhi,Groceries,CUST_1598,1,393.39,15.0,334.38,Debit Card
2022-04-18,Store_Delhi,Clothing,CUST_3728,3,1035.83,0.0,3107.49,Cash
2022-04-18,Store_Chennai,Clothing,CUST_2759,2,1406.9,5.0,2673.11,Debit Card
2022-04-18,Store_Hyderabad,Clothing,CUST_3121,2,1188.87,0.0,2377.74,Cash
2022-04-19,Store_Chennai,Clothing,CUST_1573,3,1183.32,10.0,3194.96,Credit Card
2022-04-19,Store_Chennai,Home & Kitchen,CUST_3161,1,1926.43,5.0,1830.11,Credit Card
2022-04-19,Store_Delhi,Electronics,CUST_3584,4,6005.02,0.0,24020.08,UPI
2022-04-19,Store_Delhi,Groceries,CUST_1608,5,298.87,0.0,1494.35,Debit Card
2022-04-19,Store_Bangalore,Sports,CUST_3883,1,1258.23,0.0,1258.23,Cash
2022-04-19,Store_Bangalore,Electronics,CUST_3708,5,7607.0,10.0,34231.5,Cash
2022-04-19,Store_Hyderabad,Sports,CUST_1556,2,1494.6,0.0,2989.2,Cash
2022-04-20,Store_Hyderabad,Electronics,CUST_2427,1,7472.69,0.0,7472.69,Credit Card
2022-04-20,Store_Chennai,Home & Kitchen,CUST_1530,1,2063.55,0.0,2063.55,Credit Card
2022-04-20,Store_Hyderabad,Home & Kitchen,CUST_2503,2,2070.82,20.0,3313.31,UPI
2022-04-20,Store_Delhi,Groceries,CUST_1176,2,433.61,0.0,867.22,Debit Card
2022-04-20,Store_Chennai,Groceries,CUST_2798,1,398.7,10.0,358.83,Cash
2022-04-20,Store_Mumbai,Sports,CUST_1486,1,1258.73,10.0,1132.86,UPI
2022-04-20,Store_Mumbai,Home & Kitchen,CUST_1537,1,1740.42,5.0,1653.4,Cash
2022-04-21,Store_Bangalore,Sports,CUST_2537,4,1613.98,10.0,5810.33,Credit Card
2022-04-21,Store_Mumbai,Electronics,CUST_3657,4,8771.51,10.0,31577.44,UPI
2022-04-21,Store_Mumbai,Clothing,CUST_3134,5,798.31,0.0,3991.55,Cash
2022-04-21,Store_Delhi,Electronics,CUST_2535,4,8814.8,20.0,28207.36,Credit Card
2022-04-21,Store_Mumbai,Groceries,CUST_1277,2,431.9,5.0,820.61,Debit Card
2022-04-21,Store_Hyderabad,Home & Kitchen,CUST_1479,4,2640.65,0.0,10562.6,Credit Card
2022-04-21,Store_Chennai,Home & Kitchen,CUST_3570,3,2276.96,0.0,6830.88,Cash
2022-04-22,Store_Chennai,Clothing,CUST_2989,5,1191.67,10.0,5362.52,Cash
2022-04-22,Store_Bangalore,Clothing,CUST_1471,5,1320.1,10.0,5940.45,UPI
2022-04-22,Store_Delhi,Groceries,CUST_3569,2,432.38,0.0,864.76,Cash
2022-04-22,Store_Hyderabad,Electronics,CUST_1515,1,8894.36,5.0,8449.64,Credit Card
2022-04-22,Store_Hyderabad,Sports,CUST_1018,2,1587.32,20.0,2539.71,Cash
2022-04-22,Store_Hyderabad,Home & Kitchen,CUST_3942,1,2236.71,0.0,2236.71,Credit Card
2022-04-22,Store_Mumbai,Electronics,CUST_1468,2,6929.54,5.0,13166.13,UPI
2022-04-23,Store_Mumbai,Home & Kitchen,CUST_1853,5,2139.84,15.0,9094.32,UPI
2022-04-23,Store_Delhi,Home & Kitchen,CUST_2152,2,2034.49,0.0,4068.98,Cash
2022-04-23,Store_Hyderabad,Sports,CUST_2680,4,1644.69,0.0,6578.76,UPI
2022-04-23,Store_Chennai,Clothing,CUST_3104,3,1005.86,5.0,2866.7,Cash
2022-04-23,Store_Bangalore,Groceries,CUST_2321,2,257.48,15.0,437.72,Debit Card
2022-04-23,Store_Chennai,Clothing,CUST_3838,1,1050.12,5.0,997.61,Credit Card
2022-04-24,Store_Hyderabad,Electronics,CUST_2255,4,6715.32,10.0,24175.15,Credit Card
2022-04-24,Store_Bangalore,Sports,CUST_1434,2,1414.9,0.0,2829.8,Credit Card
2022-04-24,Store_Hyderabad,Sports,CUST_1308,2,1416.37,0.0,2832.74,Debit Card
2022-04-24,Store_Hyderabad,Home & Kitchen,CUST_1524,1,3099.33,15.0,2634.43,Credit Card
2022-04-24,Store_Bangalore,Home & Kitchen,CUST_2274,2,2349.09,5.0,4463.27,Credit Card
2022-04-24,Store_Bangalore,Home & Kitchen,CUST_2437,2,1798.44,20.0,2877.5,Cash
2022-04-24,Store_Delhi,Groceries,CUST_3945,5,316.7,0.0,1583.5,Credit Card
2022-04-25,Store_Chennai,Home & Kitchen,CUST_1996,4,2529.83,10.0,9107.39,Credit Card
2022-04-25,Store_Hyderabad,Clothing,CUST_3830,4,922.61,10.0,3321.4,Debit Card
2022-04-25,Store_Delhi,Sports,CUST_2201,5,1490.17,0.0,7450.85,UPI
2022-04-25,Store_Hyderabad,Home & Kitchen,CUST_1899,3,1856.56,,5012.71,Cash
2022-04-25,Store_Chennai,Home & Kitchen,CUST_3284,2,3094.71,5.0,5879.95,Cash
2022-04-25,Store_Bangalore,Groceries,CUST_1615,5,274.1,10.0,1233.45,Debit Card
2022-04-25,Store_Delhi,Clothing,CUST_2755,1,814.36,0.0,814.36,Cash
2022-04-26,Store_Bangalore,Home & Kitchen,CUST_3529,5,2573.72,15.0,10938.31,Cash
2022-04-26,Store_Hyderabad,Sports,CUST_3883,2,1762.79,0.0,3525.58,UPI
2022-04-26,Store_Delhi,Electronics,CUST_1654,1,9085.89,0.0,9085.89,Cash
2022-04-26,Store_Delhi,Sports,CUST_1847,3,1306.83,20.0,3136.39,Credit Card
2022-04-26,Store_Mumbai,Electronics,CUST_1657,4,6610.92,10.0,23799.31,Cash
2022-04-26,Store_Chennai,Groceries,CUST_1428,1,357.73,0.0,357.73,Cash
2022-04-26,Store_Hyderabad,Home & Kitchen,CUST_3911,2,2458.0,0.0,4916.0,Cash
2022-04-27,Store_Hyderabad,Electronics,CUST_1560,3,5928.2,15.0,15116.91,Credit Card
2022-04-27,Store_Mumbai,Electronics,CUST_1246,3,6923.96,0.0,20771.88,Debit Card
2022-04-27,Store_Chennai,Groceries,CUST_2484,2,412.95,0.0,825.9,Cash
2022-04-27,Store_Chennai,Home & Kitchen,CUST_1753,4,2397.0,10.0,8629.2,UPI
2022-04-27,Store_Mumbai,Electronics,CUST_1206,4,7176.22,15.0,24399.15,
2022-04-27,Store_Mumbai,Sports,CUST_1044,5,1455.94,15.0,6187.75,UPI
2022-04-27,Store_Hyderabad,Home & Kitchen,CUST_3475,4,2815.41,0.0,11261.64,Cash
2022-04-28,Store_Delhi,Home & Kitchen,CUST_2320,3,2563.25,20.0,6151.8,UPI
2022-04-28,Store_Delhi,Sports,CUST_3439,2,1691.56,20.0,2706.5,Credit Card
2022-04-28,Store_Bangalore,Home & Kitchen,CUST_2168,1,1839.39,0.0,1839.39,Cash
2022-04-28,Store_Delhi,Clothing,CUST_2598,1,906.73,20.0,725.38,Credit Card
2022-04-28,Store_Chennai,Home & Kitchen,CUST_2401,2,1898.83,15.0,3228.01,Cash
2022-04-28,Store_Mumbai,Clothing,CUST_1079,1,1206.58,10.0,1085.92,Credit Card
2022-04-28,Store_Mumbai,Home & Kitchen,CUST_2080,1,2418.6,5.0,2297.67,UPI
2022-04-29,Store_Delhi,Groceries,CUST_1551,1,381.09,5.0,362.04,Cash
2022-04-29,Store_Chennai,Electronics,CUST_2207,5,6710.04,0.0,33550.2,Cash
2022-04-29,Store_Chennai,Sports,CUST_3258,5,1643.24,10.0,7394.58,Credit Card
2022-04-29,Store_Hyderabad,Clothing,CUST_1573,3,937.99,0.0,2813.97,Credit Card
2022-04-29,Store_Mumbai,Groceries,CUST_2104,1,348.7,20.0,278.96,Credit Card
2022-04-29,Store_Mumbai,Sports,CUST_3332,4,2171.92,5.0,8253.3,Debit Card
2022-04-29,Store_Bangalore,Home & Kitchen,CUST_1779,3,1739.99,0.0,5219.97,Credit Card
2022-04-30,Store_Hyderabad,Electronics,CUST_3318,3,5932.57,0.0,17797.71,Debit Card
2022-04-30,Store_Mumbai,Home & Kitchen,CUST_3772,5,2465.34,0.0,12326.7,Debit Card
2022-04-30,Store_Bangalore,Sports,CUST_3939,1,1277.01,0.0,1277.01,Credit Card
2022-04-30,Store_Hyderabad,Groceries,CUST_2607,4,372.92,5.0,1417.1,Debit Card
2022-04-30,Store_Hyderabad,Home & Kitchen,CUST_3541,2,1747.35,5.0,3319.96,Cash
2022-04-30,Store_Chennai,Groceries,CUST_1959,2,305.05,15.0,518.58,Debit Card
2022-05-01,Store_Bangalore,Home & Kitchen,CUST_1403,4,1723.21,0.0,6892.84,Debit Card
2022-05-01,Store_Delhi,Home & Kitchen,CUST_2643,1,1987.13,5.0,1887.77,Cash
2022-05-01,Store_Hyderabad,Clothing,CUST_2131,4,1273.08,5.0,4837.7,UPI
2022-05-01,Store_Hyderabad,Electronics,CUST_1502,4,5867.5,15.0,19949.5,Credit Card
2022-05-01,Store_Hyderabad,Clothing,CUST_1325,5,1091.38,15.0,4638.37,UPI
2022-05-01,Store_Hyderabad,Sports,CUST_2602,2,1677.75,10.0,3019.95,Credit Card
2022-05-01,Store_Delhi,Home & Kitchen,CUST_3647,5,2173.49,5.0,10324.08,Debit Card
2022-05-02,Store_Bangalore,Home & Kitchen,CUST_1276,3,2293.43,0.0,6880.29,Credit Card
2022-05-02,Store_Mumbai,Groceries,CUST_3850,3,376.4,0.0,1129.2,UPI
2022-05-02,Store_Mumbai,Electronics,CUST_2443,5,9210.17,0.0,46050.85,Cash
2022-05-02,Store_Bangalore,Groceries,CUST_2371,1,334.57,5.0,317.84,Debit Card
2022-05-02,Store_Chennai,Groceries,CUST_1441,2,312.84,15.0,531.83,Debit Card
2022-05-02,Store_Mumbai,Sports,CUST_2548,4,1621.84,0.0,6487.36,Cash
2022-05-02,Store_Hyderabad,Electronics,CUST_1516,1,8169.72,0.0,8169.72,Credit Card
2022-05-03,Store_Hyderabad,Groceries,CUST_3590,5,385.75,5.0,1832.31,Debit Card
2022-05-03,Store_Chennai,Sports,CUST_3785,5,1341.75,5.0,6373.31,Cash
2022-05-03,Store_Hyderabad,Electronics,CUST_2114,4,6799.85,15.0,23119.49,Cash
2022-05-03,Store_Hyderabad,Home & Kitchen,CUST_2075,1,1885.8,5.0,1791.51,Cash
2022-05-03,Store_Bangalore,Clothing,CUST_1478,5,892.21,0.0,4461.05,UPI
2022-05-03,Store_Hyderabad,Clothing,CUST_1162,3,1275.71,0.0,3827.13,UPI
2022-05-03,Store_Hyderabad,Home & Kitchen,CUST_2115,2,2255.81,0.0,4511.62,Credit Card
2022-05-04,Store_Delhi,Sports,CUST_3175,4,1492.78,0.0,5971.12,Credit Card
2022-05-04,Store_Hyderabad,Sports,CUST_1223,3,1741.53,10.0,4702.13,Credit Card
2022-05-04,Store_Hyderabad,Groceries,CUST_1771,1,475.3,0.0,475.3,Credit Card
2022-05-04,Store_Chennai,Sports,CUST_3068,4,1989.76,0.0,7959.04,Cash
2022-05-04,Store_Hyderabad,Groceries,CUST_3718,4,429.56,10.0,1546.42,Credit Card
2022-05-04,Store_Mumbai,Electronics,CUST_1209,1,8217.97,0.0,8217.97,UPI
2022-05-04,Store_Mumbai,Sports,CUST_3057,2,1271.17,5.0,2415.22,Cash
2022-05-05,Store_Hyderabad,Home & Kitchen,CUST_1386,4,1979.11,20.0,6333.15,Cash
2022-05-05,Store_Hyderabad,Sports,CUST_2607,2,1836.65,10.0,3305.97,Debit Card
2022-05-05,Store_Delhi,Groceries,CUST_1887,1,251.43,10.0,226.29,Cash
2022-05-05,Store_Chennai,Sports,CUST_1357,2,1910.93,0.0,3821.86,Credit Card
2022-05-05,Store_Bangalore,Groceries,CUST_2013,1,334.13,0.0,334.13,Credit Card
2022-05-05,Store_Delhi,Home & Kitchen,CUST_2689,2,2448.96,5.0,4653.02,Cash
2022-05-05,Store_Hyderabad,Sports,CUST_2448,4,1263.34,0.0,5053.36,Credit Card
2022-05-06,Store_Delhi,Home & Kitchen,CUST_2996,5,1983.05,5.0,9419.49,Debit Card
2022-05-06,Store_Hyderabad,Sports,CUST_3601,3,1594.44,10.0,4304.99,Cash
2022-05-06,Store_Hyderabad,Home & Kitchen,CUST_3970,1,1667.78,10.0,1501.0,Cash
2022-05-06,Store_Bangalore,Clothing,CUST_1313,2,818.54,15.0,1391.52,Cash
2022-05-06,Store_Delhi,Clothing,CUST_3451,2,1295.73,0.0,2591.46,Cash
2022-05-06,Store_Mumbai,Electronics,CUST_1104,1,7512.83,0.0,7512.83,UPI
2022-05-06,Store_Chennai,Groceries,CUST_2559,4,286.27,0.0,1145.08,UPI
2022-05-07,Store_Mumbai,Home & Kitchen,CUST_2802,3,2203.93,0.0,6611.79,Cash
2022-05-07,Store_Bangalore,Clothing,CUST_1977,3,1441.63,0.0,4324.89,Credit Card
2022-05-07,Store_Hyderabad,Electronics,CUST_3054,2,6354.65,5.0,12073.84,Debit Card
2022-05-07,Store_Bangalore,Clothing,CUST_2667,1,931.45,20.0,745.16,Credit Card
2022-05-07,Store_Mumbai,Clothing,CUST_1546,5,1362.58,0.0,6812.9,Debit Card
2022-05-07,Store_Mumbai,Electronics,CUST_1618,1,7276.14,0.0,7276.14,Credit Card
2022-05-08,Store_Delhi,Home & Kitchen,CUST_3481,5,1662.95,20.0,6651.8,Cash
2022-05-08,Store_Bangalore,Clothing,CUST_2308,2,1228.86,10.0,2211.95,Credit Card
2022-05-08,Store_Hyderabad,Sports,CUST_3608,1,1941.15,15.0,1649.98,UPI
2022-05-08,Store_Delhi,Clothing,CUST_3918,4,834.94,10.0,3005.78,UPI
2022-05-08,Store_Hyderabad,Groceries,CUST_2411,4,297.14,15.0,1010.28,UPI
2022-05-08,Store_Mumbai,Sports,CUST_2872,4,1600.13,20.0,5120.42,UPI
2022-05-08,Store_Delhi,Sports,CUST_3744,2,1658.15,0.0,3316.3,Cash
2022-05-09,Store_Delhi,Sports,CUST_3382,2,1649.54,10.0,2969.17,Cash
2022-05-09,Store_Delhi,Home & Kitchen,CUST_2293,2,1939.87,15.0,3297.78,Credit Card
2022-05-09,Store_Chennai,Groceries,CUST_3302,2,331.16,0.0,662.32,UPI
2022-05-09,Store_Mumbai,Clothing,CUST_2115,1,1070.9,5.0,1017.36,Cash
2022-05-09,Store_Mumbai,Sports,CUST_3696,4,1885.27,20.0,6032.86,Cash
2022-05-09,Store_Hyderabad,Electronics,CUST_3300,3,5515.03,15.0,14063.33,Cash
2022-05-09,Store_Bangalore,Clothing,CUST_3790,2,1362.07,5.0,2587.93,Cash
2022-05-10,Store_Mumbai,Groceries,CUST_1046,1,252.71,10.0,227.44,Credit Card
2022-05-10,Store_Hyderabad,Clothing,CUST_1682,5,1224.41,10.0,5509.84,Debit Card
2022-05-10,Store_Bangalore,Clothing,CUST_1396,5,959.43,5.0,4557.29,Credit Card
2022-05-10,Store_Chennai,Clothing,CUST_3857,1,1206.61,10.0,1085.95,UPI
2022-05-10,Store_Mumbai,Electronics,CUST_3147,4,7827.63,5.0,29744.99,Cash
2022-05-10,Store_Mumbai,Home & Kitchen,CUST_1541,5,1814.55,10.0,8165.48,Debit Card
2022-05-10,Store_Hyderabad,Electronics,CUST_3766,1,6620.83,10.0,5958.75,Credit Card
2022-05-11,Store_Chennai,Groceries,CUST_1166,2,352.29,0.0,704.58,Cash
2022-05-11,Store_Mumbai,Electronics,CUST_1523,1,7505.44,0.0,7505.44,Credit Card
2022-05-11,Store_Delhi,Clothing,CUST_3316,4,893.76,5.0,3396.29,Credit Card
2022-05-11,Store_Mumbai,Electronics,CUST_3598,3,7008.34,0.0,21025.02,UPI
2022-05-11,Store_Bangalore,Clothing,CUST_1677,1,846.12,15.0,719.2,UPI
2022-05-11,Store_Hyderabad,Clothing,CUST_2948,3,1227.49,0.0,3682.47,UPI
2022-05-11,Store_Hyderabad,Clothing,CUST_2127,4,1157.87,0.0,4631.48,Credit Card
2022-05-12,Store_Hyderabad,Electronics,CUST_1078,5,6392.8,0.0,31964.0,Cash
2022-05-12,Store_Mumbai,Clothing,CUST_3178,1,1365.86,5.0,1297.57,UPI
2022-05-12,Store_Hyderabad,Groceries,CUST_1132,1,386.08,0.0,386.08,Debit Card
2022-05-12,Store_Chennai,Groceries,CUST_3076,1,427.6,10.0,384.84,Credit Card
2022-05-12,Store_Hyderabad,Home & Kitchen,CUST_2429,5,1937.0,5.0,9200.75,Debit Card
2022-05-12,Store_Mumbai,Groceries,CUST_1350,2,289.35,0.0,578.7,Debit Card
2022-05-12,Store_Hyderabad,Electronics,CUST_1769,3,5966.36,10.0,16109.17,Credit Card
2022-05-13,Store_Hyderabad,Groceries,CUST_3880,2,456.51,10.0,821.72,Debit Card
2022-05-13,Store_Delhi,Groceries,CUST_2428,2,439.58,0.0,879.16,Cash
2022-05-13,Store_Chennai,Clothing,CUST_2040,3,1119.52,5.0,3190.63,Cash
2022-05-13,Store_Chennai,Clothing,CUST_3773,4,1032.29,0.0,4129.16,UPI
2022-05-13,Store_Delhi,Electronics,CUST_1672,5,7479.49,0.0,37397.45,Debit Card
2022-05-13,Store_Delhi,Groceries,CUST_1616,4,366.12,0.0,1464.48,Debit Card
2022-05-13,Store_Chennai,Groceries,CUST_1340,2,423.97,0.0,847.94,Cash
2022-05-14,Store_Delhi,Home & Kitchen,CUST_2049,5,1923.04,5.0,9134.44,Debit Card
2022-05-14,Store_Bangalore,Electronics,CUST_1920,3,6920.15,15.0,17646.38,Debit Card
2022-05-14,Store_Bangalore,Groceries,CUST_1696,3,316.43,10.0,854.36,Cash
2022-05-14,Store_Chennai,Home & Kitchen,CUST_3247,5,2448.08,10.0,11016.36,Cash
2022-05-14,Store_Hyderabad,Home & Kitchen,CUST_1550,4,2380.85,0.0,9523.4,UPI
2022-05-14,Store_Bangalore,Home & Kitchen,CUST_3554,1,1582.95,10.0,1424.66,Debit Card
2022-05-15,Store_Hyderabad,Home & Kitchen,CUST_1977,1,2199.75,10.0,1979.78,Debit Card
2022-05-15,Store_Bangalore,Clothing,CUST_3521,4,999.08,5.0,3796.5,Debit Card
2022-05-15,Store_Hyderabad,Sports,CUST_3104,5,1338.63,15.0,5689.18,Cash
2022-05-15,Store_Chennai,Electronics,CUST_2463,2,7082.03,15.0,12039.45,Credit Card
2022-05-15,Store_Delhi,Clothing,CUST_2973,1,1203.46,0.0,1203.46,Cash
2022-05-15,Store_Bangalore,Groceries,CUST_1841,3,438.68,5.0,1250.24,Cash
2022-05-15,Store_Hyderabad,Sports,CUST_1591,3,1332.68,5.0,3798.14,Credit Card
2022-05-16,Store_Chennai,Clothing,CUST_2808,4,1034.12,0.0,4136.48,Debit Card
2022-05-16,Store_Bangalore,Groceries,CUST_1258,4,346.54,10.0,1247.54,UPI
2022-05-16,Store_Mumbai,Electronics,CUST_2144,1,9704.17,5.0,9218.96,Cash
2022-05-16,Store_Hyderabad,Clothing,CUST_3815,3,1132.04,0.0,3396.12,Debit Card
2022-05-16,Store_Hyderabad,Sports,CUST_2817,3,1725.31,5.0,4917.13,UPI
2022-05-16,Store_Bangalore,Home & Kitchen,CUST_1925,3,2546.06,10.0,6874.36,Credit Card
2022-05-16,Store_Delhi,Home & Kitchen,CUST_3147,3,2349.18,15.0,5990.41,Credit Card
2022-05-17,Store_Chennai,Home & Kitchen,CUST_1083,3,2289.44,5.0,6524.9,UPI
2022-05-17,Store_Mumbai,Home & Kitchen,CUST_2527,2,2057.22,5.0,3908.72,Debit Card
2022-05-17,Store_Hyderabad,Groceries,CUST_3165,5,321.88,0.0,1609.4,UPI
2022-05-17,Store_Hyderabad,Groceries,CUST_1934,1,441.71,5.0,419.62,Cash
2022-05-17,Store_Mumbai,Groceries,CUST_2172,1,425.66,0.0,425.66,
2022-05-17,Store_Mumbai,Home & Kitchen,CUST_1845,4,1887.66,15.0,6418.04,Debit Card
2022-05-17,Store_Bangalore,Electronics,CUST_1242,3,7745.42,0.0,23236.26,Debit Card
2022-05-18,Store_Bangalore,Electronics,CUST_1611,3,6817.32,0.0,20451.96,Debit Card
2022-05-18,Store_Mumbai,Sports,CUST_3269,2,1531.33,0.0,3062.66,Credit Card
2022-05-18,Store_Mumbai,Home & Kitchen,CUST_3897,1,1691.59,0.0,1691.59,Credit Card
2022-05-18,Store_Delhi,Clothing,CUST_2336,3,1023.16,20.0,2455.58,Debit Card
2022-05-18,Store_Chennai,Home & Kitchen,CUST_1674,4,1958.27,5.0,7441.43,UPI
2022-05-18,Store_Mumbai,Sports,CUST_1617,2,1375.54,5.0,2613.53,Debit Card
2022-05-18,Store_Delhi,Sports,CUST_3375,4,1636.31,15.0,5563.45,UPI
2022-05-19,Store_Hyderabad,Electronics,CUST_2894,5,8662.04,0.0,43310.2,UPI
2022-05-19,Store_Mumbai,Sports,CUST_2030,2,1697.16,0.0,3394.32,Cash
2022-05-19,Store_Mumbai,Sports,CUST_2263,3,1564.32,20.0,3754.37,Credit Card
2022-05-19,Store_Mumbai,Groceries,CUST_2897,3,359.55,0.0,1078.65,UPI
2022-05-19,Store_Chennai,Clothing,CUST_1792,1,1241.85,0.0,1241.85,UPI
2022-05-19,Store_Mumbai,Home & Kitchen,CUST_2097,1,1997.28,0.0,1997.28,Debit Card
2022-05-19,Store_Mumbai,Groceries,CUST_1751,3,397.73,15.0,1014.21,Cash
2022-05-20,Store_Hyderabad,Groceries,CUST_3810,3,306.96,20.0,736.7,Debit Card
2022-05-20,Store_Mumbai,Sports,CUST_2737,3,1706.32,0.0,5118.96,Cash
2022-05-20,Store_Hyderabad,Home & Kitchen,CUST_1748,5,2447.93,15.0,10403.7,Credit Card
2022-05-20,Store_Chennai,Groceries,CUST_1784,1,359.59,5.0,341.61,Cash
2022-05-20,Store_Bangalore,Clothing,CUST_3484,2,1057.72,20.0,1692.35,Credit Card
2022-05-20,Store_Mumbai,Clothing,CUST_2325,1,1031.66,10.0,928.49,UPI
2022-05-20,Store_Chennai,Groceries,CUST_1347,3,390.19,5.0,1112.04,Credit Card
2022-05-21,Store_Hyderabad,Home & Kitchen,CUST_2824,1,2625.86,10.0,2363.27,Cash
2022-05-21,Store_Mumbai,Electronics,CUST_1114,5,6986.66,0.0,34933.3,UPI
2022-05-21,Store_Bangalore,Sports,CUST_1368,1,1286.16,5.0,1221.85,Cash
2022-05-21,Store_Bangalore,Groceries,CUST_2469,3,307.08,0.0,921.24,Credit Card
2022-05-21,Store_Mumbai,Sports,CUST_3947,2,1178.85,5.0,2239.81,UPI
2022-05-21,Store_Delhi,Home & Kitchen,CUST_2103,3,2503.72,15.0,6384.49,Debit Card
2022-05-22,Store_Delhi,Groceries,CUST_3687,1,371.29,0.0,371.29,Credit Card
2022-05-22,Store_Chennai,Clothing,CUST_2398,2,1085.68,20.0,1737.09,Credit Card
2022-05-22,Store_Mumbai,Electronics,CUST_2979,4,6311.09,5.0,23982.14,Debit Card
2022-05-22,Store_Chennai,Electronics,CUST_3906,4,8826.47,0.0,35305.88,Debit Card
2022-05-22,Store_Bangalore,Sports,CUST_2412,5,1904.14,0.0,9520.7,UPI
2022-05-22,Store_Delhi,Home & Kitchen,CUST_2503,3,1642.72,5.0,4681.75,UPI
2022-05-22,Store_Chennai,Sports,CUST_3650,5,1819.05,10.0,8185.72,Debit Card
2022-05-23,Store_Bangalore,Electronics,CUST_2531,2,7146.79,15.0,12149.54,Debit Card
2022-05-23,Store_Hyderabad,Sports,CUST_2168,1,1802.24,5.0,1712.13,Debit Card
2022-05-23,Store_Chennai,Sports,CUST_1502,5,1674.47,0.0,8372.35,Debit Card
2022-05-23,Store_Bangalore,Electronics,CUST_1223,2,9130.65,10.0,16435.17,Credit Card
2022-05-23,Store_Hyderabad,Home & Kitchen,CUST_2341,3,1794.64,5.0,5114.72,Cash
2022-05-23,Store_Delhi,Clothing,CUST_1393,1,995.17,10.0,895.65,Credit Card
2022-05-23,Store_Bangalore,Home & Kitchen,CUST_3268,5,2571.72,5.0,12215.67,Cash
2022-05-24,Store_Chennai,Home & Kitchen,CUST_2127,3,1740.14,20.0,4176.34,UPI
2022-05-24,Store_Bangalore,Groceries,CUST_3070,4,476.37,5.0,1810.21,UPI
2022-05-24,Store_Bangalore,Sports,CUST_3923,3,1505.11,20.0,3612.26,Debit Card
2022-05-24,Store_Bangalore,Groceries,CUST_1442,2,379.6,15.0,645.32,Credit Card
2022-05-24,Store_Chennai,Electronics,CUST_1488,4,7257.79,5.0,27579.6,UPI
2022-05-24,Store_Hyderabad,Home & Kitchen,CUST_2810,5,2400.53,10.0,10802.39,Debit Card
2022-05-24,Store_Chennai,Clothing,CUST_1913,5,971.44,0.0,4857.2,Debit Card
2022-05-25,Store_Mumbai,Groceries,CUST_1048,1,282.07,10.0,253.86,Credit Card
2022-05-25,Store_Mumbai,Sports,CUST_2232,5,1851.16,0.0,9255.8,UPI
2022-05-25,Store_Delhi,Electronics,CUST_2763,2,7137.28,10.0,12847.1,Debit Card
2022-05-25,Store_Mumbai,Electronics,CUST_2419,5,8792.45,,43962.25,Debit Card
2022-05-25,Store_Hyderabad,Groceries,CUST_3122,5,350.13,10.0,1575.58,Credit Card
2022-05-25,Store_Hyderabad,Home & Kitchen,CUST_3987,3,2528.15,10.0,6826.01,Cash
2022-05-25,Store_Mumbai,Groceries,CUST_1572,5,383.86,0.0,1919.3,UPI
2022-05-26,Store_Hyderabad,Electronics,CUST_3371,3,8643.59,5.0,24634.23,Credit Card
2022-05-26,Store_Hyderabad,Electronics,CUST_2150,1,8091.81,5.0,7687.22,Cash
2022-05-26,Store_Bangalore,Groceries,CUST_1339,2,428.93,0.0,857.86,Cash
2022-05-26,Store_Bangalore,Home & Kitchen,CUST_1604,3,2671.47,0.0,8014.41,Credit Card
2022-05-26,Store_Mumbai,Sports,CUST_2877,2,1357.05,0.0,2714.1,
2022-05-26,Store_Delhi,Home & Kitchen,CUST_3648,4,2273.36,10.0,8184.1,Credit Card
2022-05-26,Store_Hyderabad,Home & Kitchen,CUST_1631,1,2037.65,0.0,2037.65,Debit Card
2022-05-27,Store_Mumbai,Sports,CUST_2102,4,1928.18,10.0,6941.45,UPI
2022-05-27,Store_Mumbai,Clothing,CUST_1729,2,999.57,10.0,1799.23,Cash
2022-05-27,Store_Delhi,Groceries,CUST_2629,1,331.65,0.0,331.65,Credit Card
2022-05-27,Store_Chennai,Home & Kitchen,CUST_1056,4,2822.84,5.0,10726.79,Cash
2022-05-27,Store_Mumbai,Groceries,CUST_3403,1,321.91,0.0,321.91,UPI
2022-05-27,Store_Mumbai,Groceries,CUST_1433,3,371.82,0.0,1115.46,UPI
2022-05-27,Store_Bangalore,Electronics,CUST_1252,5,6328.74,0.0,31643.7,UPI
2022-05-28,Store_Chennai,Clothing,CUST_3315,1,1111.39,15.0,944.68,Credit Card
2022-05-28,Store_Hyderabad,Clothing,CUST_1313,3,1250.78,20.0,3001.87,Cash
2022-05-28,Store_Bangalore,Sports,CUST_3462,1,1635.88,0.0,1635.88,Credit Card
2022-05-28,Store_Chennai,Groceries,CUST_3118,5,474.15,10.0,2133.68,UPI
2022-05-28,Store_Hyderabad,Clothing,CUST_3886,4,1014.1,5.0,3853.58,Credit Card
2022-05-28,Store_Hyderabad,Sports,CUST_1470,3,1592.65,15.0,4061.26,Cash
2022-05-29,Store_Delhi,Home & Kitchen,CUST_2293,4,2234.01,0.0,8936.04,Cash
2022-05-29,Store_Mumbai,Sports,CUST_3711,3,1161.3,15.0,2961.31,Debit Card
2022-05-29,Store_Hyderabad,Clothing,CUST_1848,1,1056.0,0.0,1056.0,Cash
2022-05-29,Store_Hyderabad,Clothing,CUST_3957,4,1064.91,10.0,3833.68,UPI
2022-05-29,Store_Mumbai,Clothing,CUST_1105,2,1253.68,0.0,2507.36,UPI
2022-05-29,Store_Hyderabad,Electronics,CUST_3632,4,6149.41,15.0,20907.99,Cash
2022-05-29,Store_Mumbai,Sports,CUST_3047,3,1946.31,0.0,5838.93,Cash
2022-05-30,Store_Hyderabad,Home & Kitchen,CUST_3286,2,2540.63,0.0,5081.26,UPI
2022-05-30,Store_Delhi,Electronics,CUST_1191,3,6415.77,5.0,18284.94,Cash
2022-05-30,Store_Hyderabad,Sports,CUST_2386,5,2132.27,5.0,10128.28,UPI
2022-05-30,Store_Bangalore,Clothing,CUST_3753,4,1231.53,0.0,4926.12,Cash
2022-05-30,Store_Bangalore,Clothing,CUST_1832,3,1270.14,15.0,3238.86,UPI
2022-05-30,Store_Hyderabad,Sports,CUST_2529,1,1507.51,5.0,1432.13,Cash
2022-05-30,Store_Bangalore,Home & Kitchen,CUST_3107,1,1739.31,20.0,1391.45,Cash
2022-05-31,Store_Delhi,Electronics,CUST_2465,1,5495.31,0.0,5495.31,Cash
2022-05-31,Store_Mumbai,Home & Kitchen,CUST_2731,5,2495.72,0.0,12478.6,Debit Card
2022-05-31,Store_Mumbai,Groceries,CUST_3001,2,266.54,5.0,506.43,Credit Card
2022-05-31,Store_Bangalore,Sports,CUST_3152,1,1576.74,,1497.9,Credit Card
2022-05-31,Store_Hyderabad,Home & Kitchen,CUST_1332,1,2525.46,0.0,2525.46,Cash
2022-05-31,Store_Bangalore,Sports,CUST_3956,1,1659.08,0.0,1659.08,Cash
2022-05-31,Store_Chennai,Home & Kitchen,CUST_2518,2,2137.7,10.0,3847.86,Cash
2022-06-01,Store_Bangalore,Clothing,CUST_2936,5,1438.21,0.0,7191.05,Credit Card
2022-06-01,Store_Chennai,Home & Kitchen,CUST_1792,1,2823.37,5.0,2682.2,UPI
2022-06-01,Store_Chennai,Electronics,CUST_2777,4,11957.07,20.0,38262.62,UPI
2022-06-01,Store_Hyderabad,Clothing,CUST_2932,2,1571.04,0.0,3142.08,UPI
2022-06-01,Store_Delhi,Home & Kitchen,CUST_2162,2,3277.59,0.0,6555.18,Credit Card
2022-06-01,Store_Delhi,Groceries,CUST_2177,4,548.32,10.0,1973.95,UPI
2022-06-01,Store_Bangalore,Groceries,CUST_3649,2,490.68,5.0,932.29,Debit Card
2022-06-02,Store_Bangalore,Groceries,CUST_2098,5,473.19,5.0,2247.65,Debit Card
2022-06-02,Store_Hyderabad,Electronics,CUST_3572,3,10496.1,0.0,31488.3,Credit Card
2022-06-02,Store_Bangalore,Clothing,CUST_3846,2,1816.96,5.0,3452.22,Cash
2022-06-02,Store_Delhi,Clothing,CUST_3425,3,1387.78,0.0,4163.34,Debit Card
2022-06-02,Store_Mumbai,Sports,CUST_3185,1,1733.77,5.0,1647.08,UPI
2022-06-02,Store_Chennai,Home & Kitchen,CUST_2986,5,3573.51,10.0,16080.8,Cash
2022-06-02,Store_Delhi,Clothing,CUST_1185,4,1500.38,15.0,5101.29,UPI
2022-06-03,Store_Hyderabad,Electronics,CUST_2259,5,8129.82,10.0,36584.19,Credit Card
2022-06-03,Store_Bangalore,Home & Kitchen,CUST_3015,1,3420.32,20.0,2736.26,Debit Card
2022-06-03,Store_Chennai,Home & Kitchen,CUST_3731,3,3275.7,10.0,8844.39,Debit Card
2022-06-03,Store_Mumbai,Groceries,CUST_2099,5,641.38,5.0,3046.56,Cash
2022-06-03,Store_Bangalore,Sports,CUST_3135,2,1941.21,5.0,3688.3,Credit Card
2022-06-03,Store_Chennai,Electronics,CUST_1981,5,9144.25,0.0,45721.25,UPI
2022-06-03,Store_Delhi,Clothing,CUST_1544,1,1826.35,0.0,1826.35,Debit Card
2022-06-04,Store_Bangalore,Sports,CUST_3311,3,2914.51,,8743.53,Credit Card
2022-06-04,Store_Mumbai,Groceries,CUST_3224,5,547.09,5.0,2598.68,Cash
2022-06-04,Store_Chennai,Electronics,CUST_2278,3,11202.65,20.0,26886.36,UPI
2022-06-04,Store_Mumbai,Electronics,CUST_3111,5,10817.95,0.0,54089.75,UPI
2022-06-04,Store_Bangalore,Home & Kitchen,CUST_2336,3,2811.57,0.0,8434.71,Debit Card
2022-06-04,Store_Chennai,Clothing,CUST_2156,4,1592.51,0.0,6370.04,Cash
2022-06-05,Store_Delhi,Electronics,CUST_1309,5,10909.87,0.0,54549.35,UPI
2022-06-05,Store_Mumbai,Clothing,CUST_1730,1,1633.68,15.0,1388.63,Cash
2022-06-05,Store_Bangalore,Groceries,CUST_1270,3,618.86,0.0,1856.58,Cash
2022-06-05,Store_Chennai,Sports,CUST_2190,4,2280.7,0.0,9122.8,Cash
2022-06-05,Store_Hyderabad,Clothing,CUST_2232,3,1600.84,0.0,4802.52,Credit Card
2022-06-05,Store_Mumbai,Electronics,CUST_2962,2,12912.93,10.0,23243.27,Cash
2022-06-05,Store_Mumbai,Home & Kitchen,CUST_1147,1,2347.75,15.0,1995.59,Debit Card
2022-06-06,Store_Bangalore,Sports,CUST_1228,4,2927.11,20.0,9366.75,Debit Card
2022-06-06,Store_Mumbai,Electronics,CUST_2725,4,10709.13,0.0,42836.52,UPI
2022-06-06,Store_Bangalore,Groceries,CUST_2863,4,615.71,0.0,2462.84,Credit Card
2022-06-06,Store_Delhi,Sports,CUST_3191,1,2636.63,5.0,2504.8,UPI
2022-06-06,Store_Bangalore,Clothing,CUST_2195,1,1495.79,0.0,1495.79,Credit Card
2022-06-06,Store_Delhi,Groceries,CUST_1987,2,539.74,5.0,1025.51,Debit Card
2022-06-06,Store_Mumbai,Sports,CUST_3393,2,2220.79,20.0,3553.26,Cash
2022-06-07,Store_Bangalore,Home & Kitchen,CUST_1010,5,3377.88,0.0,16889.4,Debit Card
2022-06-07,Store_Chennai,Clothing,CUST_2374,1,1787.69,10.0,1608.92,Cash
2022-06-07,Store_Mumbai,Clothing,CUST_1203,5,1485.46,0.0,7427.3,Cash
2022-06-07,Store_Delhi,Home & Kitchen,CUST_1252,2,2775.98,5.0,5274.36,Cash
2022-06-07,Store_Mumbai,Sports,CUST_3379,3,2063.2,5.0,5880.12,Debit Card
2022-06-07,Store_Mumbai,Electronics,CUST_2835,2,9762.01,10.0,17571.62,Debit Card
2022-06-07,Store_Chennai,Clothing,CUST_2009,2,1351.45,0.0,2702.9,UPI
2022-06-08,Store_Chennai,Clothing,CUST_3133,2,1620.42,0.0,3240.84,Debit Card
2022-06-08,Store_Hyderabad,Groceries,CUST_3178,1,540.08,10.0,486.07,UPI
2022-06-08,Store_Chennai,Electronics,CUST_2806,5,10483.17,20.0,41932.68,Credit Card
2022-06-08,Store_Delhi,Sports,CUST_1117,1,2303.2,0.0,2303.2,Cash
2022-06-08,Store_Hyderabad,Groceries,CUST_1865,3,524.96,0.0,1574.88,Debit Card
2022-06-08,Store_Hyderabad,Clothing,CUST_2733,4,1531.02,10.0,5511.67,Cash
2022-06-08,Store_Mumbai,Clothing,CUST_3169,5,1731.94,0.0,8659.7,Credit Card
2022-06-09,Store_Chennai,Clothing,CUST_1924,5,1941.72,0.0,9708.6,UPI
2022-06-09,Store_Bangalore,Home & Kitchen,CUST_1990,4,2724.48,5.0,10353.02,Cash
2022-06-09,Store_Chennai,Clothing,CUST_3648,1,1287.34,20.0,1029.87,Credit Card
2022-06-09,Store_Hyderabad,Electronics,CUST_1270,5,12712.48,0.0,63562.4,Cash
2022-06-09,Store_Hyderabad,Groceries,CUST_1797,2,507.39,20.0,811.82,Credit Card
2022-06-09,Store_Delhi,Groceries,CUST_1295,4,559.71,0.0,2238.84,Debit Card
2022-06-09,Store_Bangalore,Home & Kitchen,CUST_1760,3,3529.32,20.0,8470.37,Credit Card
2022-06-10,Store_Delhi,Groceries,CUST_2648,4,546.25,20.0,1748.0,Cash
2022-06-10,Store_Hyderabad,Groceries,CUST_2691,1,441.22,5.0,419.16,Credit Card
2022-06-10,Store_Mumbai,Electronics,CUST_2559,3,9917.23,10.0,26776.52,UPI
2022-06-10,Store_Mumbai,Clothing,CUST_2088,3,1487.62,5.0,4239.72,Credit Card
2022-06-10,Store_Mumbai,Sports,CUST_1186,1,2452.55,20.0,1962.04,UPI
2022-06-10,Store_Bangalore,Home & Kitchen,CUST_1384,2,3412.57,0.0,6825.14,UPI
2022-06-10,Store_Delhi,Sports,CUST_1441,3,2247.83,0.0,6743.49,Cash
2022-06-11,Store_Mumbai,Clothing,CUST_1256,2,1698.22,0.0,3396.44,Debit Card
2022-06-11,Store_Bangalore,Electronics,CUST_2832,1,8003.87,10.0,7203.48,Credit Card
2022-06-11,Store_Bangalore,Electronics,CUST_1901,1,13050.88,10.0,11745.79,Debit Card
2022-06-11,Store_Bangalore,Electronics,CUST_1315,1,11142.48,15.0,9471.11,Credit Card
2022-06-11,Store_Chennai,Sports,CUST_2596,2,2168.77,5.0,4120.66,Debit Card
2022-06-11,Store_Bangalore,Electronics,CUST_1963,4,8371.16,10.0,30136.18,UPI
2022-06-12,Store_Bangalore,Clothing,CUST_1229,5,1798.33,0.0,8991.65,Credit Card
2022-06-12,Store_Delhi,Clothing,CUST_1600,1,1636.52,0.0,1636.52,UPI
2022-06-12,Store_Mumbai,Sports,CUST_3059,3,1938.03,10.0,5232.68,Credit Card
2022-06-12,Store_Bangalore,Groceries,CUST_1646,5,392.52,20.0,1570.08,Debit Card
2022-06-12,Store_Mumbai,Groceries,CUST_2845,4,550.17,20.0,1760.54,Debit Card
2022-06-12,Store_Bangalore,Sports,CUST_1879,3,2143.43,5.0,6108.78,Credit Card
2022-06-12,Store_Chennai,Groceries,CUST_3969,5,464.03,0.0,2320.15,Cash
2022-06-13,Store_Bangalore,Home & Kitchen,CUST_3110,3,4234.41,0.0,12703.23,UPI
2022-06-13,Store_Mumbai,Electronics,CUST_2620,4,11634.34,5.0,44210.49,UPI
2022-06-13,Store_Delhi,Electronics,CUST_3411,5,9211.18,10.0,41450.31,UPI
2022-06-13,Store_Chennai,Clothing,CUST_1652,5,1203.89,5.0,5718.48,Debit Card
2022-06-13,Store_Chennai,Electronics,CUST_1769,3,9186.03,20.0,22046.47,Credit Card
2022-06-13,Store_Hyderabad,Clothing,CUST_1383,3,1628.24,0.0,4884.72,UPI
2022-06-13,Store_Delhi,Home & Kitchen,CUST_2642,5,2526.93,15.0,10739.45,UPI
2022-06-14,Store_Bangalore,Electronics,CUST_1964,2,9670.58,5.0,18374.1,UPI
2022-06-14,Store_Chennai,Home & Kitchen,CUST_3982,3,3902.46,0.0,11707.38,Cash
2022-06-14,Store_Hyderabad,Home & Kitchen,CUST_2194,5,3297.17,5.0,15661.56,UPI
2022-06-14,Store_Mumbai,Groceries,CUST_2860,5,416.66,10.0,1874.97,Credit Card
2022-06-14,Store_Mumbai,Clothing,CUST_3667,4,1505.52,0.0,6022.08,Cash
2022-06-14,Store_Chennai,Clothing,CUST_3233,2,1534.43,5.0,2915.42,Cash
2022-06-14,Store_Chennai,Home & Kitchen,CUST_2123,1,3330.25,0.0,3330.25,Cash
2022-06-15,Store_Delhi,Sports,CUST_3223,2,2500.7,10.0,4501.26,Cash
2022-06-15,Store_Chennai,Sports,CUST_1040,1,2262.27,0.0,2262.27,Cash
2022-06-15,Store_Hyderabad,Groceries,CUST_2779,3,666.13,10.0,1798.55,
2022-06-15,Store_Delhi,Groceries,CUST_1143,1,594.44,0.0,594.44,Debit Card
2022-06-15,Store_Bangalore,Sports,CUST_3844,1,2838.61,10.0,2554.75,Cash
2022-06-15,Store_Delhi,Electronics,CUST_1588,1,10912.82,0.0,10912.82,Credit Card
2022-06-15,Store_Chennai,Groceries,CUST_1991,2,479.02,0.0,958.04,Cash
2022-06-16,Store_Delhi,Electronics,CUST_3750,2,11551.45,5.0,21947.76,Debit Card
2022-06-16,Store_Delhi,Sports,CUST_2136,4,2271.11,0.0,9084.44,Cash
2022-06-16,Store_Mumbai,Sports,CUST_2505,4,2676.22,0.0,10704.88,UPI
2022-06-16,Store_Hyderabad,Clothing,CUST_3247,1,1440.33,10.0,1296.3,Cash
2022-06-16,Store_Mumbai,Sports,CUST_1798,5,1764.4,10.0,7939.8,UPI
2022-06-16,Store_Mumbai,Clothing,CUST_2672,4,1822.25,0.0,7289.0,UPI
2022-06-16,Store_Hyderabad,Groceries,CUST_2676,2,513.57,5.0,975.78,Debit Card
2022-06-17,Store_Hyderabad,Sports,CUST_2535,3,2309.72,5.0,6582.7,Debit Card
2022-06-17,Store_Delhi,Home & Kitchen,CUST_2773,2,3357.77,15.0,5708.21,Credit Card
2022-06-17,Store_Mumbai,Clothing,CUST_1707,1,1209.68,10.0,1088.71,UPI
2022-06-17,Store_Mumbai,Groceries,CUST_1734,3,531.72,15.0,1355.89,Cash
2022-06-17,Store_Delhi,Sports,CUST_3015,1,2120.83,5.0,2014.79,UPI
2022-06-17,Store_Chennai,Sports,CUST_2592,1,2120.13,0.0,2120.13,Debit Card
2022-06-17,Store_Mumbai,Clothing,CUST_3239,3,1841.87,10.0,4973.05,Debit Card
2022-06-18,Store_Mumbai,Groceries,CUST_3708,4,623.59,10.0,2244.92,Debit Card
2022-06-18,Store_Bangalore,Electronics,CUST_2937,1,11022.38,0.0,11022.38,Debit Card
2022-06-18,Store_Delhi,Groceries,CUST_1688,1,410.12,15.0,348.6,Credit Card
2022-06-18,Store_Hyderabad,Electronics,CUST_2348,3,10963.77,0.0,32891.31,UPI
2022-06-18,Store_Chennai,Clothing,CUST_2254,2,1792.27,0.0,3584.54,Cash
2022-06-18,Store_Bangalore,Groceries,CUST_3867,5,525.12,0.0,2625.6,Credit Card
2022-06-19,Store_Delhi,Home & Kitchen,CUST_2796,1,4185.41,0.0,4185.41,Debit Card
2022-06-19,Store_Mumbai,Electronics,CUST_3440,3,11054.37,10.0,29846.8,Debit Card
2022-06-19,Store_Bangalore,Clothing,CUST_3273,2,1405.78,0.0,2811.56,Debit Card
2022-06-19,Store_Chennai,Sports,CUST_2589,3,1906.94,10.0,5148.74,Credit Card
2022-06-19,Store_Hyderabad,Electronics,CUST_3645,5,9682.01,0.0,48410.05,Cash
2022-06-19,Store_Bangalore,Home & Kitchen,CUST_1122,1,3154.13,0.0,3154.13,Cash
2022-06-19,Store_Chennai,Sports,CUST_2148,3,2323.36,0.0,6970.08,Credit Card
2022-06-20,Store_Bangalore,Groceries,CUST_1212,5,461.0,10.0,2074.5,Credit Card
2022-06-20,Store_Hyderabad,Clothing,CUST_1426,5,1604.45,5.0,7621.14,UPI
2022-06-20,Store_Hyderabad,Home & Kitchen,CUST_1982,2,3709.39,0.0,7418.78,Cash
2022-06-20,Store_Chennai,Groceries,CUST_1849,4,535.55,0.0,2142.2,Credit Card
2022-06-20,Store_Chennai,Groceries,CUST_3936,1,574.76,5.0,546.02,Debit Card
2022-06-20,Store_Chennai,Groceries,CUST_1089,4,473.5,5.0,1799.3,Cash
2022-06-20,Store_Mumbai,Electronics,CUST_1781,4,9746.88,0.0,38987.52,Credit Card
2022-06-21,Store_Mumbai,Home & Kitchen,CUST_2076,3,3563.92,5.0,10157.17,Credit Card
2022-06-21,Store_Delhi,Home & Kitchen,CUST_2985,2,3206.9,0.0,6413.8,UPI
2022-06-21,Store_Delhi,Sports,CUST_2045,5,1963.26,0.0,9816.3,Debit Card
2022-06-21,Store_Delhi,Clothing,CUST_2859,3,1641.04,15.0,4184.65,UPI
2022-06-21,Store_Chennai,Electronics,CUST_2594,2,11004.82,5.0,20909.16,UPI
2022-06-21,Store_Chennai,Home & Kitchen,CUST_3481,4,3120.2,0.0,12480.8,Debit Card
2022-06-21,Store_Bangalore,Clothing,CUST_3696,1,1146.48,20.0,917.18,Debit Card
2022-06-22,Store_Mumbai,Electronics,CUST_3492,4,10666.19,10.0,38398.28,Cash
2022-06-22,Store_Hyderabad,Clothing,CUST_1187,4,1160.16,5.0,4408.61,Credit Card
2022-06-22,Store_Delhi,Electronics,CUST_1302,1,11395.11,15.0,9685.84,Cash
2022-06-22,Store_Delhi,Electronics,CUST_2124,5,9348.9,0.0,46744.5,Credit Card
2022-06-22,Store_Chennai,Sports,CUST_1827,5,2756.88,,13784.4,Debit Card
2022-06-22,Store_Chennai,Sports,CUST_1259,5,2388.8,0.0,11944.0,Cash
2022-06-22,Store_Hyderabad,Groceries,CUST_2848,3,473.01,20.0,1135.22,Credit Card
2022-06-23,Store_Mumbai,Electronics,CUST_2694,5,11293.52,0.0,56467.6,Cash
2022-06-23,Store_Mumbai,Home & Kitchen,CUST_2851,2,2574.77,0.0,5149.54,Cash
2022-06-23,Store_Hyderabad,Electronics,CUST_3982,1,9581.36,0.0,9581.36,Cash
2022-06-23,Store_Delhi,Groceries,CUST_1873,3,614.52,5.0,1751.38,Credit Card
2022-06-23,Store_Delhi,Groceries,CUST_1159,4,561.97,5.0,2135.49,Cash
2022-06-23,Store_Mumbai,Clothing,CUST_3788,4,1348.49,10.0,4854.56,Credit Card
2022-06-23,Store_Bangalore,Electronics,CUST_1716,3,8881.35,5.0,25311.85,Credit Card
2022-06-24,Store_Chennai,Clothing,CUST_2319,5,1248.24,10.0,5617.08,Credit Card
2022-06-24,Store_Chennai,Groceries,CUST_3538,5,493.76,0.0,2468.8,Cash
2022-06-24,Store_Chennai,Clothing,CUST_3411,2,1374.98,0.0,2749.96,Debit Card
2022-06-24,Store_Hyderabad,Clothing,CUST_3538,2,1683.77,5.0,3199.16,Debit Card
2022-06-24,Store_Bangalore,Groceries,CUST_3965,1,532.56,10.0,479.3,Debit Card
2022-06-24,Store_Mumbai,Electronics,CUST_2115,4,10880.89,0.0,43523.56,Debit Card
2022-06-24,Store_Chennai,Sports,CUST_1829,3,2063.51,0.0,6190.53,Debit Card
2022-06-25,Store_Bangalore,Electronics,CUST_3428,3,11165.91,5.0,31822.84,Debit Card
2022-06-25,Store_Bangalore,Home & Kitchen,CUST_1332,5,3718.92,0.0,18594.6,Credit Card
2022-06-25,Store_Mumbai,Electronics,CUST_1302,3,9180.55,15.0,23410.4,Debit Card
2022-06-25,Store_Chennai,Groceries,CUST_1412,3,536.61,10.0,1448.85,Cash
2022-06-25,Store_Hyderabad,Sports,CUST_1415,3,2156.09,5.0,6144.86,Credit Card
2022-06-25,Store_Mumbai,Groceries,CUST_1467,1,532.77,15.0,452.85,Credit Card
2022-06-26,Store_Mumbai,Sports,CUST_1126,5,2311.26,5.0,10978.48,Credit Card
2022-06-26,Store_Delhi,Sports,CUST_1912,5,2222.17,0.0,11110.85,UPI
2022-06-26,Store_Bangalore,Home & Kitchen,CUST_2793,5,3606.67,20.0,14426.68,Cash
2022-06-26,Store_Mumbai,Groceries,CUST_1207,2,465.21,15.0,790.86,Credit Card
2022-06-26,Store_Hyderabad,Home & Kitchen,CUST_2446,3,3105.55,0.0,9316.65,Debit Card
2022-06-26,Store_Mumbai,Sports,CUST_2689,4,1867.08,0.0,7468.32,UPI
2022-06-26,Store_Delhi,Groceries,CUST_1560,3,411.99,0.0,1235.97,Credit Card
2022-06-27,Store_Bangalore,Electronics,CUST_3268,5,8248.92,15.0,35057.91,Cash
2022-06-27,Store_Chennai,Groceries,CUST_2698,3,466.41,10.0,1259.31,Credit Card
2022-06-27,Store_Delhi,Sports,CUST_3241,1,2781.36,10.0,2503.22,UPI
2022-06-27,Store_Hyderabad,Groceries,CUST_2897,3,575.69,0.0,1727.07,UPI
2022-06-27,Store_Chennai,Sports,CUST_1275,1,2698.57,0.0,2698.57,Debit Card
2022-06-27,Store_Delhi,Clothing,CUST_3722,3,1416.97,15.0,3613.27,Debit Card
2022-06-27,Store_Mumbai,Clothing,CUST_3195,2,1520.08,0.0,3040.16,Debit Card
2022-06-28,Store_Hyderabad,Sports,CUST_3172,1,2085.21,15.0,1772.43,Cash
2022-06-28,Store_Chennai,Home & Kitchen,CUST_1493,2,3404.02,15.0,5786.83,Cash
2022-06-28,Store_Chennai,Clothing,CUST_1025,2,1364.6,5.0,2592.74,UPI
2022-06-28,Store_Chennai,Home & Kitchen,CUST_3938,1,3028.23,0.0,3028.23,Debit Card
2022-06-28,Store_Bangalore,Groceries,CUST_3048,1,621.22,10.0,559.1,Debit Card
2022-06-28,Store_Chennai,Home & Kitchen,CUST_3563,5,3280.88,10.0,14763.96,Debit Card
2022-06-28,Store_Chennai,Sports,CUST_1144,5,1782.89,0.0,8914.45,Debit Card
2022-06-29,Store_Mumbai,Clothing,CUST_2110,2,1471.69,0.0,2943.38,Credit Card
2022-06-29,Store_Bangalore,Clothing,CUST_2750,2,1687.08,20.0,2699.33,Cash
2022-06-29,Store_Chennai,Electronics,CUST_2842,4,8361.75,10.0,30102.3,Debit Card
2022-06-29,Store_Bangalore,Clothing,CUST_2285,4,1380.21,0.0,5520.84,Cash
2022-06-29,Store_Hyderabad,Groceries,CUST_1819,5,570.19,10.0,2565.86,Credit Card
2022-06-29,Store_Chennai,Clothing,CUST_1454,2,1628.65,20.0,2605.84,Debit Card
2022-06-29,Store_Hyderabad,Groceries,CUST_2017,1,556.91,10.0,501.22,UPI
2022-06-30,Store_Chennai,Clothing,CUST_1402,1,1473.05,10.0,1325.74,Cash
2022-06-30,Store_Bangalore,Clothing,CUST_2437,5,1885.46,0.0,9427.3,Credit Card
2022-06-30,Store_Delhi,Groceries,CUST_3305,2,493.66,5.0,937.95,Debit Card
2022-06-30,Store_Delhi,Sports,CUST_1092,4,2147.15,0.0,8588.6,Cash
2022-06-30,Store_Chennai,Clothing,CUST_2136,2,1475.12,0.0,2950.24,UPI
2022-06-30,Store_Delhi,Clothing,CUST_2969,3,1667.45,0.0,5002.35,Credit Card
2022-06-30,Store_Delhi,Home & Kitchen,CUST_2057,3,4019.93,0.0,12059.79,UPI
2022-07-01,Store_Mumbai,Groceries,CUST_2616,3,527.51,5.0,1503.4,Cash
2022-07-01,Store_Chennai,Groceries,CUST_3962,5,515.84,15.0,2192.32,Debit Card
2022-07-01,Store_Mumbai,Electronics,CUST_2710,1,10216.01,0.0,10216.01,Cash
2022-07-01,Store_Bangalore,Groceries,CUST_1528,3,453.03,20.0,1087.27,Debit Card
2022-07-01,Store_Delhi,Sports,CUST_2233,2,1898.27,0.0,3796.54,UPI
2022-07-01,Store_Hyderabad,Electronics,CUST_1890,5,9951.93,0.0,49759.65,UPI
2022-07-01,Store_Chennai,Electronics,CUST_2471,2,8897.46,10.0,16015.43,Cash
2022-07-02,Store_Bangalore,Electronics,CUST_2700,2,12681.47,20.0,20290.35,Debit Card
2022-07-02,Store_Delhi,Home & Kitchen,CUST_1750,4,3135.61,5.0,11915.32,UPI
2022-07-02,Store_Mumbai,Sports,CUST_1546,2,2890.49,0.0,5780.98,Cash
2022-07-02,Store_Bangalore,Clothing,CUST_1389,3,1827.29,10.0,4933.68,Credit Card
2022-07-02,Store_Mumbai,Sports,CUST_3106,1,1955.17,5.0,1857.41,Cash
2022-07-02,Store_Delhi,Home & Kitchen,CUST_3956,2,2613.2,10.0,4703.76,UPI
2022-07-03,Store_Delhi,Groceries,CUST_2915,5,471.48,0.0,2357.4,Credit Card
2022-07-03,Store_Mumbai,Home & Kitchen,CUST_3320,2,2730.19,20.0,4368.3,Debit Card
2022-07-03,Store_Bangalore,Sports,CUST_1585,3,2163.8,15.0,5517.69,Credit Card
2022-07-03,Store_Mumbai,Home & Kitchen,CUST_2738,5,3559.18,0.0,17795.9,
2022-07-03,Store_Delhi,Clothing,CUST_1784,5,1683.99,5.0,7998.95,Credit Card
2022-07-03,Store_Bangalore,Sports,CUST_3693,1,1935.58,0.0,1935.58,Credit Card
2022-07-03,Store_Hyderabad,Groceries,CUST_3302,3,516.12,10.0,1393.52,Debit Card
2022-07-04,Store_Delhi,Clothing,CUST_2787,4,1439.99,0.0,5759.96,Cash
2022-07-04,Store_Mumbai,Clothing,CUST_2894,3,1884.76,0.0,5654.28,Cash
2022-07-04,Store_Hyderabad,Electronics,CUST_1414,5,8128.49,0.0,40642.45,Credit Card
2022-07-04,Store_Chennai,Groceries,CUST_3169,2,622.85,15.0,1058.84,Credit Card
2022-07-04,Store_Mumbai,Groceries,CUST_1381,1,619.53,5.0,588.55,Credit Card
2022-07-04,Store_Bangalore,Sports,CUST_1039,5,2285.35,20.0,9141.4,Debit Card
2022-07-04,Store_Delhi,Sports,CUST_1458,5,2314.96,0.0,11574.8,Debit Card
2022-07-05,Store_Bangalore,Clothing,CUST_3511,5,1860.53,5.0,8837.52,Credit Card
2022-07-05,Store_Hyderabad,Sports,CUST_1417,1,2757.59,0.0,2757.59,Credit Card
2022-07-05,Store_Mumbai,Sports,CUST_1837,3,2572.61,10.0,6946.05,Debit Card
2022-07-05,Store_Chennai,Groceries,CUST_2047,1,454.34,0.0,454.34,Debit Card
2022-07-05,Store_Bangalore,Home & Kitchen,CUST_3896,5,3525.5,5.0,16746.12,Debit Card
2022-07-05,Store_Chennai,Electronics,CUST_2265,5,9883.04,10.0,44473.68,Credit Card
2022-07-05,Store_Hyderabad,Clothing,CUST_2068,3,1461.25,5.0,4164.56,UPI
2022-07-06,Store_Chennai,Home & Kitchen,CUST_2100,1,3000.28,20.0,2400.22,Debit Card
2022-07-06,Store_Bangalore,Home & Kitchen,CUST_3787,3,4002.79,20.0,9606.7,Credit Card
2022-07-06,Store_Chennai,Electronics,CUST_2348,3,10194.29,0.0,30582.87,Debit Card
2022-07-06,Store_Delhi,Clothing,CUST_2414,5,1651.84,15.0,7020.32,UPI
2022-07-06,Store_Delhi,Sports,CUST_3347,2,2262.48,5.0,4298.71,Credit Card
2022-07-06,Store_Chennai,Groceries,CUST_3984,4,661.8,0.0,2647.2,Credit Card
2022-07-06,Store_Chennai,Sports,CUST_2209,4,1986.19,0.0,7944.76,Credit Card
2022-07-07,Store_Mumbai,Groceries,CUST_2973,3,563.42,0.0,1690.26,Credit Card
2022-07-07,Store_Chennai,Sports,CUST_2251,1,2961.05,0.0,2961.05,Credit Card
2022-07-07,Store_Chennai,Home & Kitchen,CUST_2005,3,3093.46,5.0,8816.36,Cash
2022-07-07,Store_Bangalore,Electronics,CUST_2480,2,9689.96,10.0,17441.93,Credit Card
2022-07-07,Store_Bangalore,Clothing,CUST_2758,3,1571.54,10.0,4243.16,Cash
2022-07-07,Store_Bangalore,Groceries,CUST_1114,5,471.31,5.0,2238.72,Debit Card
2022-07-07,Store_Bangalore,Home & Kitchen,CUST_3013,2,2429.0,20.0,3886.4,Credit Card
2022-07-08,Store_Hyderabad,Electronics,CUST_1023,2,12382.41,0.0,24764.82,Cash
2022-07-08,Store_Mumbai,Sports,CUST_3425,3,2221.12,5.0,6330.19,UPI
2022-07-08,Store_Mumbai,Home & Kitchen,CUST_1154,4,3973.67,20.0,12715.74,UPI
2022-07-08,Store_Bangalore,Home & Kitchen,CUST_1258,2,3806.76,0.0,7613.52,Cash
2022-07-08,Store_Mumbai,Groceries,CUST_2595,2,577.71,10.0,1039.88,Cash
2022-07-08,Store_Delhi,Electronics,CUST_1068,5,11461.89,15.0,48713.03,Credit Card
2022-07-08,Store_Mumbai,Sports,CUST_3226,1,2162.87,0.0,2162.87,Cash
2022-07-09,Store_Mumbai,Sports,CUST_3010,5,2312.68,0.0,11563.4,Cash
2022-07-09,Store_Mumbai,Sports,CUST_1554,5,2736.78,0.0,13683.9,Cash
2022-07-09,Store_Bangalore,Sports,CUST_1595,1,1886.86,0.0,1886.86,Cash
2022-07-09,Store_Hyderabad,Home & Kitchen,CUST_2255,1,3510.18,15.0,2983.65,Credit Card
2022-07-09,Store_Mumbai,Home & Kitchen,CUST_3429,4,3269.01,20.0,10460.83,Credit Card
2022-07-09,Store_Bangalore,Sports,CUST_2494,2,2148.59,5.0,4082.32,
2022-07-10,Store_Delhi,Electronics,CUST_3922,5,11558.11,10.0,52011.5,Debit Card
2022-07-10,Store_Chennai,Sports,CUST_1335,2,2201.56,0.0,4403.12,Debit Card
2022-07-10,Store_Bangalore,Home & Kitchen,CUST_3667,2,3484.69,0.0,6969.38,Cash
2022-07-10,Store_Delhi,Electronics,CUST_1255,4,8518.65,0.0,34074.6,Debit Card
2022-07-10,Store_Bangalore,Electronics,CUST_2282,2,11285.06,10.0,20313.11,Credit Card
2022-07-10,Store_Mumbai,Sports,CUST_2397,3,2240.99,0.0,6722.97,Cash
2022-07-10,Store_Bangalore,Groceries,CUST_2515,2,558.94,15.0,950.2,Debit Card
2022-07-11,Store_Bangalore,Groceries,CUST_1820,1,464.44,0.0,464.44,Credit Card
2022-07-11,Store_Delhi,Electronics,CUST_3457,2,8407.57,20.0,13452.11,Debit Card
2022-07-11,Store_Chennai,Sports,CUST_2906,5,2265.85,5.0,10762.79,Credit Card
2022-07-11,Store_Hyderabad,Home & Kitchen,CUST_1967,4,3130.1,15.0,10642.34,Credit Card
2022-07-11,Store_Chennai,Clothing,CUST_3754,5,1300.31,0.0,6501.55,Credit Card
2022-07-11,Store_Chennai,Clothing,CUST_3179,3,1661.52,15.0,4236.88,Cash
2022-07-11,Store_Delhi,Electronics,CUST_3619,1,9783.87,20.0,7827.1,Cash
2022-07-12,Store_Hyderabad,Home & Kitchen,CUST_3209,5,2869.82,0.0,14349.1,UPI
2022-07-12,Store_Bangalore,Sports,CUST_3753,4,2156.26,0.0,8625.04,Cash
2022-07-12,Store_Chennai,Groceries,CUST_2564,3,445.43,5.0,1269.48,UPI
2022-07-12,Store_Hyderabad,Groceries,CUST_2158,4,477.15,5.0,1813.17,Credit Card
2022-07-12,Store_Hyderabad,Groceries,CUST_1332,4,449.67,20.0,1438.94,Cash
2022-07-12,Store_Chennai,Groceries,CUST_2910,1,506.57,0.0,506.57,UPI
2022-07-12,Store_Delhi,Clothing,CUST_2179,1,1597.89,0.0,1597.89,Credit Card
2022-07-13,Store_Hyderabad,Electronics,CUST_1976,2,12200.09,5.0,23180.17,Credit Card
2022-07-13,Store_Mumbai,Electronics,CUST_1972,2,11730.19,10.0,21114.34,Debit Card
2022-07-13,Store_Chennai,Groceries,CUST_1873,5,533.03,10.0,2398.63,Cash
2022-07-13,Store_Chennai,Electronics,CUST_2879,4,12279.35,5.0,46661.53,Cash
2022-07-13,Store_Delhi,Clothing,CUST_1944,4,1671.78,10.0,6018.41,Cash
2022-07-13,Store_Mumbai,Clothing,CUST_1447,4,1365.2,15.0,4641.68,Debit Card
2022-07-13,Store_Mumbai,Electronics,CUST_1987,4,9069.35,5.0,34463.53,Credit Card
2022-07-14,Store_Chennai,Clothing,CUST_1324,5,1570.17,0.0,7850.85,Credit Card
2022-07-14,Store_Chennai,Electronics,CUST_3331,3,9772.13,0.0,29316.39,UPI
2022-07-14,Store_Chennai,Clothing,CUST_2958,3,1356.63,,4069.89,Debit Card
2022-07-14,Store_Delhi,Home & Kitchen,CUST_1588,1,3080.24,0.0,3080.24,Cash
2022-07-14,Store_Delhi,Electronics,CUST_3571,1,12920.81,5.0,12274.77,UPI
2022-07-14,Store_Delhi,Clothing,CUST_2245,5,1547.83,0.0,7739.15,UPI
2022-07-14,Store_Mumbai,Home & Kitchen,CUST_2652,2,2857.48,5.0,5429.21,Credit Card
2022-07-15,Store_Hyderabad,Groceries,CUST_3917,5,436.39,20.0,1745.56,Debit Card
2022-07-15,Store_Hyderabad,Home & Kitchen,CUST_3105,4,2810.1,5.0,10678.38,Cash
2022-07-15,Store_Delhi,Sports,CUST_1621,3,2221.95,0.0,6665.85,UPI
2022-07-15,Store_Mumbai,Sports,CUST_1582,1,1781.88,0.0,1781.88,Debit Card
2022-07-15,Store_Chennai,Home & Kitchen,CUST_2183,1,2666.6,10.0,2399.94,Credit Card
2022-07-15,Store_Chennai,Sports,CUST_2504,2,2201.65,5.0,4183.14,Debit Card
2022-07-15,Store_Delhi,Groceries,CUST_1959,4,464.49,10.0,1672.16,Cash
2022-07-16,Store_Delhi,Sports,CUST_1124,5,2059.83,15.0,8754.28,UPI
2022-07-16,Store_Bangalore,Clothing,CUST_1660,4,1888.77,10.0,6799.57,Cash
2022-07-16,Store_Hyderabad,Sports,CUST_3093,1,1990.99,10.0,1791.89,Debit Card
2022-07-16,Store_Delhi,Groceries,CUST_1743,4,450.49,0.0,1801.96,UPI
2022-07-16,Store_Mumbai,Groceries,CUST_2937,5,516.85,10.0,2325.83,Credit Card
2022-07-16,Store_Chennai,Sports,CUST_1714,4,2097.19,20.0,6711.01,Credit Card
2022-07-17,Store_Chennai,Clothing,CUST_2981,5,1934.91,20.0,7739.64,Cash
2022-07-17,Store_Mumbai,Clothing,CUST_1417,4,1479.76,0.0,5919.04,UPI
2022-07-17,Store_Chennai,Home & Kitchen,CUST_3068,4,2735.79,5.0,10396.0,Credit Card
2022-07-17,Store_Mumbai,Electronics,CUST_2583,2,12706.61,10.0,22871.9,Credit Card
2022-07-17,Store_Chennai,Sports,CUST_3487,4,2725.79,10.0,9812.84,Debit Card
2022-07-17,Store_Hyderabad,Electronics,CUST_3648,1,12290.39,10.0,11061.35,Debit Card
2022-07-17,Store_Chennai,Sports,CUST_1653,1,2311.49,5.0,2195.92,Credit Card
2022-07-18,Store_Bangalore,Home & Kitchen,CUST_3341,3,2886.65,0.0,8659.95,Credit Card
2022-07-18,Store_Hyderabad,Home & Kitchen,CUST_2848,5,3298.91,10.0,14845.1,Debit Card
2022-07-18,Store_Chennai,Sports,CUST_1992,3,2871.32,0.0,8613.96,Debit Card
2022-07-18,Store_Delhi,Clothing,CUST_3737,5,1492.94,5.0,7091.46,Debit Card
2022-07-18,Store_Hyderabad,Home & Kitchen,CUST_3160,3,2731.64,5.0,7785.17,Cash
2022-07-18,Store_Delhi,Electronics,CUST_1531,3,11123.51,10.0,30033.48,UPI
2022-07-18,Store_Bangalore,Electronics,CUST_3220,4,10503.5,10.0,37812.6,Debit Card
2022-07-19,Store_Chennai,Electronics,CUST_3939,1,11125.54,10.0,10012.99,Debit Card
2022-07-19,Store_Chennai,Home & Kitchen,CUST_2532,2,3222.12,10.0,5799.82,Debit Card
2022-07-19,Store_Mumbai,Home & Kitchen,CUST_2081,4,4024.68,0.0,16098.72,Debit Card
2022-07-19,Store_Delhi,Clothing,CUST_3543,4,1635.96,10.0,5889.46,Cash
2022-07-19,Store_Bangalore,Electronics,CUST_1717,4,8250.36,10.0,29701.3,Debit Card
2022-07-19,Store_Bangalore,Electronics,CUST_2541,3,8304.04,0.0,24912.12,Credit Card
2022-07-19,Store_Bangalore,Groceries,CUST_1978,2,537.51,5.0,1021.27,Debit Card
2022-07-20,Store_Hyderabad,Groceries,CUST_3812,1,569.38,0.0,569.38,Debit Card
2022-07-20,Store_Hyderabad,Home & Kitchen,CUST_3796,2,3048.45,0.0,6096.9,UPI
2022-07-20,Store_Hyderabad,Electronics,CUST_1789,5,12403.57,0.0,62017.85,Cash
2022-07-20,Store_Hyderabad,Clothing,CUST_3403,4,1633.62,5.0,6207.76,Debit Card
2022-07-20,Store_Hyderabad,Clothing,CUST_2654,2,1296.69,15.0,2204.37,Debit Card
2022-07-20,Store_Bangalore,Sports,CUST_1806,2,2826.33,0.0,5652.66,Credit Card
2022-07-20,Store_Delhi,Home & Kitchen,CUST_3337,2,3416.82,0.0,6833.64,Credit Card
2022-07-21,Store_Bangalore,Groceries,CUST_3337,5,510.27,0.0,2551.35,Credit Card
2022-07-21,Store_Mumbai,Electronics,CUST_1704,1,11873.16,10.0,10685.84,Credit Card
2022-07-21,Store_Hyderabad,Sports,CUST_1639,5,2688.1,15.0,11424.42,Credit Card
2022-07-21,Store_Mumbai,Clothing,CUST_2651,5,1648.44,5.0,7830.09,Cash
2022-07-21,Store_Mumbai,Electronics,CUST_2947,3,11473.06,10.0,30977.26,UPI
2022-07-21,Store_Chennai,Clothing,CUST_1620,2,1925.48,5.0,3658.41,Cash
2022-07-21,Store_Mumbai,Clothing,CUST_2839,5,1571.75,0.0,7858.75,Credit Card
2022-07-22,Store_Mumbai,Groceries,CUST_3525,3,654.15,15.0,1668.08,UPI
2022-07-22,Store_Bangalore,Sports,CUST_1759,1,2795.43,5.0,2655.66,UPI
2022-07-22,Store_Mumbai,Electronics,CUST_2197,1,11110.36,10.0,9999.32,UPI
2022-07-22,Store_Mumbai,Electronics,CUST_2383,3,10335.2,5.0,29455.32,UPI
2022-07-22,Store_Mumbai,Clothing,CUST_1898,2,1380.26,0.0,2760.52,UPI
2022-07-22,Store_Bangalore,Sports,CUST_1553,5,2800.83,0.0,14004.15,UPI
2022-07-22,Store_Mumbai,Electronics,CUST_3264,4,8293.44,20.0,26539.01,Cash
2022-07-23,Store_Bangalore,Home & Kitchen,CUST_2723,5,2918.26,20.0,11673.04,UPI
2022-07-23,Store_Chennai,Sports,CUST_2507,2,2339.66,0.0,4679.32,Cash
2022-07-23,Store_Delhi,Home & Kitchen,CUST_1306,3,3474.35,5.0,9901.9,Credit Card
2022-07-23,Store_Delhi,Groceries,CUST_2057,1,423.66,0.0,423.66,Debit Card
2022-07-23,Store_Bangalore,Groceries,CUST_1771,5,499.93,15.0,2124.7,Credit Card
2022-07-23,Store_Mumbai,Home & Kitchen,CUST_2341,2,3919.92,0.0,7839.84,Debit Card
2022-07-24,Store_Mumbai,Groceries,CUST_1717,1,563.33,0.0,563.33,Debit Card
2022-07-24,Store_Chennai,Electronics,CUST_2483,5,9879.68,20.0,39518.72,Credit Card
2022-07-24,Store_Delhi,Clothing,CUST_2647,1,1448.77,10.0,1303.89,Credit Card
2022-07-24,Store_Chennai,Groceries,CUST_1823,5,546.84,0.0,2734.2,Cash
2022-07-24,Store_Mumbai,Groceries,CUST_2832,3,523.48,5.0,1491.92,Credit Card
2022-07-24,Store_Bangalore,Clothing,CUST_3519,3,1555.86,5.0,4434.2,UPI
2022-07-24,Store_Chennai,Home & Kitchen,CUST_3060,3,2742.54,5.0,7816.24,UPI
2022-07-25,Store_Chennai,Home & Kitchen,CUST_2851,5,2940.36,0.0,14701.8,Cash
2022-07-25,Store_Mumbai,Home & Kitchen,CUST_1359,5,3338.32,0.0,16691.6,Credit Card
2022-07-25,Store_Mumbai,Sports,CUST_1722,3,2573.88,15.0,6563.39,Debit Card
2022-07-25,Store_Chennai,Sports,CUST_1390,5,1953.25,0.0,9766.25,Cash
2022-07-25,Store_Delhi,Electronics,CUST_3531,4,9849.12,0.0,39396.48,UPI
2022-07-25,Store_Delhi,Electronics,CUST_3787,2,11986.26,10.0,21575.27,Debit Card
2022-07-25,Store_Hyderabad,Sports,CUST_1501,5,2402.48,5.0,11411.78,Credit Card
2022-07-26,Store_Bangalore,Sports,CUST_2440,5,2017.45,0.0,10087.25,Cash
2022-07-26,Store_Delhi,Groceries,CUST_3369,3,559.58,0.0,1678.74,UPI
2022-07-26,Store_Mumbai,Electronics,CUST_3968,3,9218.19,10.0,24889.11,Cash
2022-07-26,Store_Hyderabad,Home & Kitchen,CUST_1538,5,3521.03,20.0,14084.12,Cash
2022-07-26,Store_Mumbai,Clothing,CUST_2141,3,1805.47,5.0,5145.59,Credit Card
2022-07-26,Store_Bangalore,Groceries,CUST_2440,2,539.93,10.0,971.87,Debit Card
2022-07-26,Store_Chennai,Groceries,CUST_2093,5,443.89,10.0,1997.5,Debit Card
2022-07-27,Store_Hyderabad,Groceries,CUST_1217,4,614.53,5.0,2335.21,Credit Card
2022-07-27,Store_Chennai,Groceries,CUST_1367,4,550.23,0.0,2200.92,Credit Card
2022-07-27,Store_Chennai,Clothing,CUST_1875,1,1551.95,5.0,1474.35,Credit Card
2022-07-27,Store_Hyderabad,Electronics,CUST_2559,2,11501.01,5.0,21851.92,Debit Card
2022-07-27,Store_Mumbai,Home & Kitchen,CUST_1095,3,3882.05,0.0,11646.15,UPI
2022-07-27,Store_Mumbai,Clothing,CUST_2133,5,1689.89,5.0,8026.98,Credit Card
2022-07-27,Store_Chennai,Clothing,CUST_1070,5,1248.79,0.0,6243.95,Credit Card
2022-07-28,Store_Mumbai,Groceries,CUST_2886,5,521.52,20.0,2086.08,Cash
2022-07-28,Store_Bangalore,Groceries,CUST_1175,1,568.96,0.0,568.96,Credit Card
2022-07-28,Store_Chennai,Clothing,CUST_3517,3,1487.37,0.0,4462.11,UPI
2022-07-28,Store_Bangalore,Sports,CUST_2043,4,2128.51,0.0,8514.04,Cash
2022-07-28,Store_Bangalore,Electronics,CUST_1015,2,10940.23,10.0,19692.41,UPI
2022-07-28,Store_Delhi,Sports,CUST_1315,2,2328.96,20.0,3726.34,Cash
2022-07-28,Store_Chennai,Sports,CUST_3744,4,2067.46,0.0,8269.84,Debit Card
2022-07-29,Store_Chennai,Electronics,CUST_1815,5,11270.69,0.0,56353.45,UPI
2022-07-29,Store_Hyderabad,Home & Kitchen,CUST_2203,5,3189.09,10.0,14350.9,Cash
2022-07-29,Store_Bangalore,Home & Kitchen,CUST_1730,3,2706.82,10.0,7308.41,Credit Card
2022-07-29,Store_Bangalore,Electronics,CUST_1857,2,9404.55,10.0,16928.19,Debit Card
2022-07-29,Store_Mumbai,Electronics,CUST_2558,1,11826.97,0.0,11826.97,Cash
2022-07-29,Store_Delhi,Electronics,CUST_2088,4,12848.11,20.0,41113.95,Credit Card
2022-07-29,Store_Bangalore,Clothing,CUST_2839,5,1735.28,0.0,8676.4,Cash
2022-07-30,Store_Chennai,Electronics,CUST_2262,4,8745.22,5.0,33231.84,Debit Card
2022-07-30,Store_Delhi,Sports,CUST_3666,4,2419.67,5.0,9194.75,UPI
2022-07-30,Store_Delhi,Sports,CUST_3925,3,2552.74,20.0,6126.58,Cash
2022-07-30,Store_Hyderabad,Electronics,CUST_1081,3,9437.4,5.0,26896.59,Credit Card
2022-07-30,Store_Bangalore,Electronics,CUST_2525,5,9318.62,10.0,41933.79,Cash
2022-07-30,Store_Mumbai,Clothing,CUST_2753,5,1825.47,10.0,8214.62,Cash
2022-07-31,Store_Mumbai,Sports,CUST_2081,4,2420.96,0.0,9683.84,UPI
2022-07-31,Store_Mumbai,Sports,CUST_1589,5,2524.82,5.0,11992.9,Cash
2022-07-31,Store_Bangalore,Groceries,CUST_2745,5,448.16,0.0,2240.8,Debit Card
2022-07-31,Store_Mumbai,Sports,CUST_3522,2,2634.68,0.0,5269.36,Credit Card
2022-07-31,Store_Hyderabad,Clothing,CUST_1132,2,1500.81,0.0,3001.62,UPI
2022-07-31,Store_Hyderabad,Sports,CUST_2885,2,2248.59,10.0,4047.46,Cash
2022-07-31,Store_Chennai,Home & Kitchen,CUST_3161,2,3766.23,5.0,7155.84,Credit Card
2022-08-01,Store_Bangalore,Groceries,CUST_3193,2,330.63,0.0,661.26,UPI
2022-08-01,Store_Bangalore,Clothing,CUST_1170,3,882.07,5.0,2513.9,Cash
2022-08-01,Store_Delhi,Sports,CUST_3837,2,1360.86,5.0,2585.63,Debit Card
2022-08-01,Store_Delhi,Clothing,CUST_3774,2,965.99,0.0,1931.98,Cash
2022-08-01,Store_Hyderabad,Sports,CUST_3940,2,1390.5,0.0,2781.0,Credit Card
2022-08-01,Store_Hyderabad,Sports,CUST_3726,1,1988.32,5.0,1888.9,UPI
2022-08-01,Store_Hyderabad,Electronics,CUST_1848,5,7161.17,0.0,35805.85,Cash
2022-08-02,Store_Delhi,Clothing,CUST_2711,1,1252.7,0.0,1252.7,Credit Card
2022-08-02,Store_Bangalore,Sports,CUST_2360,5,1459.92,5.0,6934.62,UPI
2022-08-02,Store_Chennai,Home & Kitchen,CUST_2866,5,2985.47,10.0,13434.62,UPI
2022-08-02,Store_Delhi,Clothing,CUST_3225,3,1378.02,10.0,3720.65,Debit Card
2022-08-02,Store_Chennai,Electronics,CUST_2911,2,5912.99,0.0,11825.98,Credit Card
2022-08-02,Store_Chennai,Electronics,CUST_3123,5,6814.98,0.0,34074.9,Debit Card
2022-08-02,Store_Hyderabad,Sports,CUST_2857,2,1713.27,20.0,2741.23,Credit Card
2022-08-03,Store_Delhi,Electronics,CUST_3253,2,8030.98,10.0,14455.76,Cash
2022-08-03,Store_Hyderabad,Sports,CUST_1453,4,1505.62,10.0,5420.23,Credit Card
2022-08-03,Store_Delhi,Groceries,CUST_3667,5,375.2,5.0,1782.2,UPI
2022-08-03,Store_Chennai,Home & Kitchen,CUST_1275,2,2213.73,0.0,4427.46,UPI
2022-08-03,Store_Mumbai,Sports,CUST_2408,3,1482.47,0.0,4447.41,Credit Card
2022-08-03,Store_Hyderabad,Electronics,CUST_2433,3,6779.62,15.0,17288.03,Cash
2022-08-03,Store_Chennai,Groceries,CUST_2414,4,402.79,15.0,1369.49,Cash
2022-08-04,Store_Delhi,Home & Kitchen,CUST_1045,4,2720.96,5.0,10339.65,Debit Card
2022-08-04,Store_Mumbai,Electronics,CUST_1639,2,6424.29,0.0,12848.58,Cash
2022-08-04,Store_Hyderabad,Sports,CUST_2816,2,1480.77,0.0,2961.54,Debit Card
2022-08-04,Store_Chennai,Home & Kitchen,CUST_2732,5,2354.42,10.0,10594.89,UPI
2022-08-04,Store_Hyderabad,Home & Kitchen,CUST_3050,1,2067.78,5.0,1964.39,Credit Card
2022-08-04,Store_Mumbai,Sports,CUST_2410,3,1790.11,0.0,5370.33,Credit Card
2022-08-04,Store_Mumbai,Home & Kitchen,CUST_1181,4,2493.42,10.0,8976.31,Debit Card
2022-08-05,Store_Delhi,Electronics,CUST_3498,4,5913.06,5.0,22469.63,Debit Card
2022-08-05,Store_Mumbai,Home & Kitchen,CUST_3996,3,2286.64,0.0,6859.92,Cash
2022-08-05,Store_Bangalore,Groceries,CUST_3527,1,493.78,15.0,419.71,Credit Card
2022-08-05,Store_Delhi,Home & Kitchen,CUST_3679,3,2442.38,0.0,7327.14,Cash
2022-08-05,Store_Chennai,Clothing,CUST_1392,4,1067.29,0.0,4269.16,Debit Card
2022-08-05,Store_Hyderabad,Home & Kitchen,CUST_2050,5,1583.57,10.0,7126.06,Cash
2022-08-05,Store_Bangalore,Electronics,CUST_2565,1,6442.59,0.0,6442.59,Cash
2022-08-06,Store_Mumbai,Home & Kitchen,CUST_2869,1,2545.09,0.0,2545.09,Cash
2022-08-06,Store_Bangalore,Home & Kitchen,CUST_3694,2,2469.39,10.0,4444.9,Credit Card
2022-08-06,Store_Hyderabad,Sports,CUST_2607,4,1179.62,10.0,4246.63,UPI
2022-08-06,Store_Chennai,Clothing,CUST_3921,5,1208.3,5.0,5739.42,Debit Card
2022-08-06,Store_Mumbai,Sports,CUST_2465,2,1867.39,20.0,2987.82,Cash
2022-08-06,Store_Mumbai,Electronics,CUST_1516,1,7506.2,15.0,6380.27,Cash
2022-08-07,Store_Hyderabad,Sports,CUST_1319,4,1419.45,0.0,5677.8,UPI
2022-08-07,Store_Chennai,Clothing,CUST_2896,4,1302.13,10.0,4687.67,Cash
2022-08-07,Store_Chennai,Electronics,CUST_2094,2,6434.6,5.0,12225.74,Debit Card
2022-08-07,Store_Delhi,Clothing,CUST_2000,5,886.82,0.0,4434.1,Debit Card
2022-08-07,Store_Mumbai,Clothing,CUST_3343,1,1092.16,0.0,1092.16,Cash
2022-08-07,Store_Chennai,Home & Kitchen,CUST_3043,2,2105.91,0.0,4211.82,UPI
2022-08-07,Store_Delhi,Electronics,CUST_3151,4,7240.76,5.0,27514.89,Cash
2022-08-08,Store_Hyderabad,Sports,CUST_2110,3,1949.66,15.0,4971.63,Credit Card
2022-08-08,Store_Delhi,Home & Kitchen,CUST_2977,2,2741.81,10.0,4935.26,Cash
2022-08-08,Store_Delhi,Electronics,CUST_3509,2,7123.17,0.0,14246.34,Credit Card
2022-08-08,Store_Chennai,Home & Kitchen,CUST_3357,5,2554.14,20.0,10216.56,Cash
2022-08-08,Store_Mumbai,Home & Kitchen,CUST_1993,1,2020.83,5.0,1919.79,UPI
2022-08-08,Store_Mumbai,Electronics,CUST_2703,4,5581.67,0.0,22326.68,Cash
2022-08-08,Store_Bangalore,Sports,CUST_2024,1,1441.8,5.0,1369.71,Credit Card
2022-08-09,Store_Bangalore,Home & Kitchen,CUST_2790,4,2652.63,15.0,9018.94,Debit Card
2022-08-09,Store_Hyderabad,Electronics,CUST_2884,5,6434.77,10.0,28956.47,Debit Card
2022-08-09,Store_Mumbai,Sports,CUST_2841,4,1369.34,0.0,5477.36,Debit Card
2022-08-09,Store_Hyderabad,Electronics,CUST_1723,2,6976.35,10.0,12557.43,Debit Card
2022-08-09,Store_Chennai,Clothing,CUST_1337,2,1263.47,0.0,2526.94,Cash
2022-08-09,Store_Bangalore,Groceries,CUST_3022,2,367.09,5.0,697.47,Cash
2022-08-09,Store_Hyderabad,Sports,CUST_2254,5,1533.06,15.0,6515.5,Credit Card
2022-08-10,Store_Bangalore,Sports,CUST_1470,4,1545.61,0.0,6182.44,Credit Card
2022-08-10,Store_Chennai,Home & Kitchen,CUST_2711,4,2370.87,20.0,7586.78,UPI
2022-08-10,Store_Chennai,Electronics,CUST_3832,3,6582.87,15.0,16786.32,
2022-08-10,Store_Bangalore,Electronics,CUST_3595,2,6469.49,10.0,11645.08,Debit Card
2022-08-10,Store_Hyderabad,Sports,CUST_2603,3,1779.05,0.0,5337.15,Cash
2022-08-10,Store_Bangalore,Groceries,CUST_3442,4,374.53,0.0,1498.12,Credit Card
2022-08-10,Store_Delhi,Sports,CUST_2910,2,1191.22,20.0,1905.95,Debit Card
2022-08-11,Store_Hyderabad,Groceries,CUST_3040,1,332.38,0.0,332.38,Debit Card
2022-08-11,Store_Delhi,Electronics,CUST_1594,3,9405.81,10.0,25395.69,Debit Card
2022-08-11,Store_Chennai,Sports,CUST_3155,1,2014.03,5.0,1913.33,Cash
2022-08-11,Store_Bangalore,Groceries,CUST_2062,2,376.21,0.0,752.42,Cash
2022-08-11,Store_Mumbai,Groceries,CUST_2764,4,471.66,10.0,1697.98,Credit Card
2022-08-11,Store_Mumbai,Home & Kitchen,CUST_2880,2,1895.13,15.0,3221.72,Credit Card
2022-08-11,Store_Hyderabad,Home & Kitchen,CUST_3773,5,2502.02,5.0,11884.6,Debit Card
2022-08-12,Store_Mumbai,Sports,CUST_3937,4,1814.39,20.0,5806.05,Cash
2022-08-12,Store_Mumbai,Groceries,CUST_2257,4,390.24,0.0,1560.96,UPI
2022-08-12,Store_Bangalore,Home & Kitchen,CUST_1287,1,2334.0,0.0,2334.0,Debit Card
2022-08-12,Store_Mumbai,Home & Kitchen,CUST_3832,1,3109.58,5.0,2954.1,Credit Card
2022-08-12,Store_Bangalore,Electronics,CUST_1406,4,7007.38,10.0,25226.57,Cash
2022-08-12,Store_Bangalore,Home & Kitchen,CUST_2616,4,2412.03,10.0,8683.31,UPI
2022-08-12,Store_Delhi,Groceries,CUST_1453,3,351.8,10.0,949.86,Debit Card
2022-08-13,Store_Chennai,Sports,CUST_1362,4,1178.92,15.0,4008.33,
2022-08-13,Store_Delhi,Clothing,CUST_2398,1,1340.1,0.0,1340.1,Cash
2022-08-13,Store_Mumbai,Electronics,CUST_3487,4,7425.47,15.0,25246.6,UPI
2022-08-13,Store_Hyderabad,Sports,CUST_3737,5,1604.22,10.0,7218.99,Debit Card
2022-08-13,Store_Chennai,Electronics,CUST_2455,4,7651.46,0.0,30605.84,UPI
2022-08-13,Store_Mumbai,Home & Kitchen,CUST_1819,5,1927.09,,9153.68,Cash
2022-08-14,Store_Delhi,Clothing,CUST_2075,4,1043.4,0.0,4173.6,Cash
2022-08-14,Store_Bangalore,Clothing,CUST_2742,1,971.42,5.0,922.85,UPI
2022-08-14,Store_Chennai,Sports,CUST_1626,2,1740.37,5.0,3306.7,UPI
2022-08-14,Store_Hyderabad,Home & Kitchen,CUST_3094,1,2215.28,5.0,2104.52,Credit Card
2022-08-14,Store_Mumbai,Electronics,CUST_2543,1,5310.57,5.0,5045.04,UPI
2022-08-14,Store_Mumbai,Sports,CUST_3674,3,2057.08,10.0,5554.12,Credit Card
2022-08-14,Store_Hyderabad,Groceries,CUST_3803,3,289.58,0.0,868.74,Cash
2022-08-15,Store_Bangalore,Groceries,CUST_2857,5,435.06,0.0,2175.3,Debit Card
2022-08-15,Store_Delhi,Sports,CUST_1105,5,1505.52,0.0,7527.6,Credit Card
2022-08-15,Store_Chennai,Sports,CUST_1368,5,1238.38,,5882.3,Cash
2022-08-15,Store_Chennai,Clothing,CUST_3842,5,1002.01,0.0,5010.05,Debit Card
2022-08-15,Store_Chennai,Groceries,CUST_2304,4,403.45,0.0,1613.8,Cash
2022-08-15,Store_Chennai,Home & Kitchen,CUST_2182,2,1949.59,0.0,3899.18,UPI
2022-08-15,Store_Bangalore,Home & Kitchen,CUST_2620,2,2905.87,0.0,5811.74,UPI
2022-08-16,Store_Bangalore,Sports,CUST_3461,4,1752.47,0.0,7009.88,Debit Card
2022-08-16,Store_Chennai,Groceries,CUST_3698,1,410.07,10.0,369.06,Cash
2022-08-16,Store_Mumbai,Groceries,CUST_3653,4,344.49,0.0,1377.96,UPI
2022-08-16,Store_Mumbai,Groceries,CUST_3841,2,431.24,5.0,819.36,Debit Card
2022-08-16,Store_Chennai,Home & Kitchen,CUST_1569,1,2472.17,5.0,2348.56,UPI
2022-08-16,Store_Bangalore,Clothing,CUST_1669,4,1331.32,10.0,4792.75,UPI
2022-08-16,Store_Chennai,Groceries,CUST_2059,5,356.02,15.0,1513.08,Credit Card
2022-08-17,Store_Bangalore,Home & Kitchen,CUST_1962,4,1981.66,20.0,6341.31,Debit Card
2022-08-17,Store_Hyderabad,Clothing,CUST_3572,5,1333.0,0.0,6665.0,Credit Card
2022-08-17,Store_Hyderabad,Home & Kitchen,CUST_3487,4,2301.05,0.0,9204.2,Cash
2022-08-17,Store_Chennai,Clothing,CUST_1048,4,955.04,5.0,3629.15,Cash
2022-08-17,Store_Bangalore,Clothing,CUST_1755,4,931.66,0.0,3726.64,Credit Card
2022-08-17,Store_Delhi,Clothing,CUST_1619,4,980.49,10.0,3529.76,Credit Card
2022-08-17,Store_Bangalore,Clothing,CUST_1296,4,1116.76,0.0,4467.04,UPI
2022-08-18,Store_Bangalore,Clothing,CUST_1071,4,1249.44,5.0,4747.87,UPI
2022-08-18,Store_Hyderabad,Home & Kitchen,CUST_3884,1,2151.56,15.0,1828.83,Debit Card
2022-08-18,Store_Hyderabad,Home & Kitchen,CUST_1440,3,3006.35,0.0,9019.05,UPI
2022-08-18,Store_Mumbai,Home & Kitchen,CUST_3318,4,2139.15,5.0,8128.77,Credit Card
2022-08-18,Store_Mumbai,Groceries,CUST_2138,3,324.33,5.0,924.34,UPI
2022-08-18,Store_Mumbai,Clothing,CUST_2556,1,1309.77,5.0,1244.28,Credit Card
2022-08-18,Store_Chennai,Sports,CUST_2908,5,1513.61,0.0,7568.05,Credit Card
2022-08-19,Store_Hyderabad,Sports,CUST_1999,4,1392.38,5.0,5291.04,Debit Card
2022-08-19,Store_Bangalore,Home & Kitchen,CUST_3070,1,1734.57,20.0,1387.66,Credit Card
2022-08-19,Store_Mumbai,Groceries,CUST_3668,2,342.04,5.0,649.88,Cash
2022-08-19,Store_Bangalore,Home & Kitchen,CUST_2046,4,2950.61,10.0,10622.2,UPI
2022-08-19,Store_Mumbai,Groceries,CUST_2061,3,321.99,10.0,869.37,Cash
2022-08-19,Store_Delhi,Home & Kitchen,CUST_3170,3,2280.8,15.0,5816.04,Debit Card
2022-08-19,Store_Delhi,Electronics,CUST_3470,3,9188.71,10.0,24809.52,Credit Card
2022-08-20,Store_Hyderabad,Groceries,CUST_2285,4,354.59,10.0,1276.52,Debit Card
2022-08-20,Store_Hyderabad,Groceries,CUST_2169,3,428.65,0.0,1285.95,UPI
2022-08-20,Store_Mumbai,Groceries,CUST_2356,5,399.08,0.0,1995.4,UPI
2022-08-20,Store_Delhi,Electronics,CUST_3887,5,7287.82,5.0,34617.14,Cash
2022-08-20,Store_Chennai,Electronics,CUST_1184,3,7434.32,15.0,18957.52,Debit Card
2022-08-20,Store_Chennai,Groceries,CUST_2523,3,403.53,5.0,1150.06,Debit Card
2022-08-21,Store_Bangalore,Groceries,CUST_2904,1,422.77,0.0,422.77,UPI
2022-08-21,Store_Chennai,Clothing,CUST_1499,2,1243.4,0.0,2486.8,Credit Card
2022-08-21,Store_Bangalore,Home & Kitchen,CUST_2511,5,2316.08,5.0,11001.38,UPI
2022-08-21,Store_Chennai,Electronics,CUST_3376,4,6092.09,0.0,24368.36,Debit Card
2022-08-21,Store_Delhi,Electronics,CUST_1176,5,7346.15,0.0,36730.75,UPI
2022-08-21,Store_Delhi,Electronics,CUST_3732,1,7440.33,5.0,7068.31,Debit Card
2022-08-21,Store_Hyderabad,Home & Kitchen,CUST_2122,3,2570.25,5.0,7325.21,UPI
2022-08-22,Store_Chennai,Home & Kitchen,CUST_2383,3,2270.19,10.0,6129.51,UPI
2022-08-22,Store_Hyderabad,Home & Kitchen,CUST_3488,5,2296.05,0.0,11480.25,Credit Card
2022-08-22,Store_Delhi,Home & Kitchen,CUST_3361,4,2531.14,10.0,9112.1,Cash
2022-08-22,Store_Chennai,Sports,CUST_1914,1,1322.87,5.0,1256.73,Debit Card
2022-08-22,Store_Chennai,Groceries,CUST_2246,4,318.72,15.0,1083.65,Debit Card
2022-08-22,Store_Hyderabad,Home & Kitchen,CUST_3952,3,2197.06,5.0,6261.62,Cash
2022-08-22,Store_Mumbai,Electronics,CUST_3341,5,8803.46,10.0,39615.57,UPI
2022-08-23,Store_Hyderabad,Home & Kitchen,CUST_2071,5,1990.77,10.0,8958.46,Debit Card
2022-08-23,Store_Mumbai,Electronics,CUST_3340,4,8697.63,5.0,33050.99,Cash
2022-08-23,Store_Hyderabad,Home & Kitchen,CUST_3309,1,1900.13,15.0,1615.11,UPI
2022-08-23,Store_Mumbai,Groceries,CUST_1725,5,319.97,15.0,1359.87,Credit Card
2022-08-23,Store_Mumbai,Home & Kitchen,CUST_2917,4,1826.66,0.0,7306.64,UPI
2022-08-23,Store_Bangalore,Sports,CUST_2845,2,1414.75,10.0,2546.55,UPI
2022-08-23,Store_Delhi,Groceries,CUST_1727,3,440.99,15.0,1124.52,Cash
2022-08-24,Store_Mumbai,Home & Kitchen,CUST_1263,4,1699.53,0.0,6798.12,Credit Card
2022-08-24,Store_Mumbai,Clothing,CUST_2335,1,1251.71,0.0,1251.71,UPI
2022-08-24,Store_Delhi,Sports,CUST_2310,2,1731.89,5.0,3290.59,Credit Card
2022-08-24,Store_Bangalore,Home & Kitchen,CUST_1889,3,2596.53,5.0,7400.11,Debit Card
2022-08-24,Store_Mumbai,Clothing,CUST_2953,1,1052.57,20.0,842.06,Credit Card
2022-08-24,Store_Chennai,Clothing,CUST_1718,1,1073.9,20.0,859.12,Debit Card
2022-08-24,Store_Hyderabad,Clothing,CUST_3765,5,1101.28,0.0,5506.4,Cash
2022-08-25,Store_Hyderabad,Sports,CUST_1597,3,1157.57,0.0,3472.71,Cash
2022-08-25,Store_Bangalore,Groceries,CUST_1850,5,267.5,10.0,1203.75,Debit Card
2022-08-25,Store_Mumbai,Home & Kitchen,CUST_3389,1,1686.97,0.0,1686.97,Cash
2022-08-25,Store_Hyderabad,Electronics,CUST_2729,5,7527.73,10.0,33874.78,UPI
2022-08-25,Store_Chennai,Sports,CUST_2240,5,1127.5,10.0,5073.75,UPI
2022-08-25,Store_Mumbai,Clothing,CUST_2092,4,947.12,20.0,3030.78,Debit Card
2022-08-25,Store_Chennai,Clothing,CUST_1229,3,1024.53,5.0,2919.91,Credit Card
2022-08-26,Store_Hyderabad,Clothing,CUST_3947,1,1125.51,0.0,1125.51,Debit Card
2022-08-26,Store_Hyderabad,Clothing,CUST_3337,1,1017.53,0.0,1017.53,Debit Card
2022-08-26,Store_Delhi,Home & Kitchen,CUST_2167,3,1992.03,10.0,5378.48,Cash
2022-08-26,Store_Delhi,Clothing,CUST_1895,4,991.23,15.0,3370.18,Cash
2022-08-26,Store_Chennai,Home & Kitchen,CUST_2897,3,2170.74,10.0,5861.0,Cash
2022-08-26,Store_Delhi,Groceries,CUST_3089,4,372.79,5.0,1416.6,Debit Card
2022-08-26,Store_Hyderabad,Clothing,CUST_2916,4,1033.02,10.0,3718.87,Cash
2022-08-27,Store_Chennai,Sports,CUST_1191,5,1530.89,5.0,7271.73,Debit Card
2022-08-27,Store_Delhi,Electronics,CUST_1153,3,6715.05,0.0,20145.15,UPI
2022-08-27,Store_Hyderabad,Groceries,CUST_3735,1,388.58,0.0,388.58,Credit Card
2022-08-27,Store_Delhi,Home & Kitchen,CUST_1458,5,2188.46,0.0,10942.3,Cash
2022-08-27,Store_Chennai,Electronics,CUST_3965,2,7011.91,15.0,11920.25,UPI
2022-08-27,Store_Delhi,Electronics,CUST_1317,5,7229.13,10.0,32531.09,UPI
2022-08-28,Store_Mumbai,Sports,CUST_3542,1,1678.12,5.0,1594.21,Credit Card
2022-08-28,Store_Hyderabad,Home & Kitchen,CUST_2930,3,2298.38,5.0,6550.38,Cash
2022-08-28,Store_Hyderabad,Electronics,CUST_1482,3,5947.08,20.0,14272.99,Debit Card
2022-08-28,Store_Delhi,Sports,CUST_1121,4,1549.2,5.0,5886.96,Debit Card
2022-08-28,Store_Bangalore,Clothing,CUST_2810,1,960.91,15.0,816.77,Cash
2022-08-28,Store_Delhi,Groceries,CUST_2421,5,321.51,20.0,1286.04,Credit Card
2022-08-28,Store_Delhi,Home & Kitchen,CUST_2245,2,2344.74,5.0,4455.01,Cash
2022-08-29,Store_Mumbai,Clothing,CUST_2549,2,1117.39,5.0,2123.04,Cash
2022-08-29,Store_Delhi,Groceries,CUST_2059,5,330.43,10.0,1486.94,Debit Card
2022-08-29,Store_Chennai,Clothing,CUST_2016,1,942.15,5.0,895.04,Credit Card
2022-08-29,Store_Hyderabad,Groceries,CUST_2553,2,403.58,0.0,807.16,UPI
2022-08-29,Store_Bangalore,Home & Kitchen,CUST_2506,2,2503.89,5.0,4757.39,Debit Card
2022-08-29,Store_Mumbai,Sports,CUST_3018,3,1600.17,5.0,4560.48,Debit Card
2022-08-29,Store_Mumbai,Groceries,CUST_1188,3,352.65,10.0,952.15,UPI
2022-08-30,Store_Delhi,Clothing,CUST_3377,3,1047.28,0.0,3141.84,Cash
2022-08-30,Store_Hyderabad,Groceries,CUST_2651,1,428.62,5.0,407.19,Debit Card
2022-08-30,Store_Mumbai,Home & Kitchen,CUST_3486,5,1994.96,20.0,7979.84,Cash
2022-08-30,Store_Chennai,Sports,CUST_2361,4,1570.3,15.0,5339.02,Debit Card
2022-08-30,Store_Hyderabad,Home & Kitchen,CUST_1030,2,2367.98,20.0,3788.77,UPI
2022-08-30,Store_Mumbai,Sports,CUST_3274,4,1556.57,5.0,5914.97,UPI
2022-08-30,Store_Chennai,Home & Kitchen,CUST_3079,5,1673.34,5.0,7948.36,Debit Card
2022-08-31,Store_Delhi,Clothing,CUST_3413,5,1244.7,5.0,5912.32,Cash
2022-08-31,Store_Bangalore,Groceries,CUST_1418,2,483.27,15.0,821.56,Credit Card
2022-08-31,Store_Hyderabad,Groceries,CUST_1091,3,311.87,5.0,888.83,Debit Card
2022-08-31,Store_Bangalore,Groceries,CUST_3977,3,405.33,10.0,1094.39,UPI
2022-08-31,Store_Mumbai,Clothing,CUST_2597,2,1104.91,15.0,1878.35,Credit Card
2022-08-31,Store_Hyderabad,Clothing,CUST_3467,4,902.82,20.0,2889.02,Credit Card
2022-08-31,Store_Hyderabad,Clothing,CUST_2672,3,1178.53,5.0,3358.81,UPI
2022-09-01,Store_Delhi,Home & Kitchen,CUST_2690,5,2272.73,20.0,9090.92,Credit Card
2022-09-01,Store_Hyderabad,Electronics,CUST_1782,1,8145.1,,7330.59,Cash
2022-09-01,Store_Mumbai,Electronics,CUST_2830,1,8907.39,10.0,8016.65,Cash
2022-09-01,Store_Chennai,Groceries,CUST_1842,1,310.33,0.0,310.33,Credit Card
2022-09-01,Store_Hyderabad,Groceries,CUST_2877,3,445.62,0.0,1336.86,UPI
2022-09-01,Store_Hyderabad,Electronics,CUST_3060,2,8408.78,0.0,16817.56,Debit Card
2022-09-01,Store_Hyderabad,Home & Kitchen,CUST_1192,4,1934.38,0.0,7737.52,Debit Card
2022-09-02,Store_Bangalore,Electronics,CUST_1683,3,6501.36,0.0,19504.08,UPI
2022-09-02,Store_Mumbai,Sports,CUST_3010,4,1509.32,,5735.42,Debit Card
2022-09-02,Store_Chennai,Clothing,CUST_2064,4,855.16,20.0,2736.51,Credit Card
2022-09-02,Store_Bangalore,Home & Kitchen,CUST_2500,5,2076.38,0.0,10381.9,UPI
2022-09-02,Store_Bangalore,Sports,CUST_3966,2,1393.96,5.0,2648.52,Cash
2022-09-02,Store_Delhi,Clothing,CUST_3404,1,1054.13,15.0,896.01,UPI
2022-09-02,Store_Hyderabad,Clothing,CUST_2300,1,826.75,0.0,826.75,Cash
2022-09-03,Store_Mumbai,Home & Kitchen,CUST_3467,3,2667.73,10.0,7202.87,UPI
2022-09-03,Store_Chennai,Electronics,CUST_2288,5,9445.02,0.0,47225.1,UPI
2022-09-03,Store_Delhi,Home & Kitchen,CUST_1240,5,2702.72,5.0,12837.92,Debit Card
2022-09-03,Store_Delhi,Electronics,CUST_1007,4,5439.88,5.0,20671.54,Credit Card
2022-09-03,Store_Delhi,Groceries,CUST_2541,4,360.01,10.0,1296.04,Cash
2022-09-03,Store_Chennai,Sports,CUST_2359,3,1471.47,15.0,3752.25,Debit Card
2022-09-04,Store_Chennai,Clothing,CUST_1663,1,837.57,5.0,795.69,Cash
2022-09-04,Store_Mumbai,Electronics,CUST_2083,5,7522.97,0.0,37614.85,Credit Card
2022-09-04,Store_Chennai,Sports,CUST_3637,3,1959.37,0.0,5878.11,UPI
2022-09-04,Store_Bangalore,Clothing,CUST_1404,3,1048.93,5.0,2989.45,Debit Card
2022-09-04,Store_Hyderabad,Clothing,CUST_1987,2,1340.95,10.0,2413.71,Credit Card
2022-09-04,Store_Bangalore,Sports,CUST_1616,1,1524.43,15.0,1295.77,Credit Card
2022-09-04,Store_Delhi,Home & Kitchen,CUST_1452,3,2064.25,,5263.84,Credit Card
2022-09-05,Store_Chennai,Sports,CUST_2133,2,1826.85,0.0,3653.7,Credit Card
2022-09-05,Store_Mumbai,Groceries,CUST_2486,2,336.04,0.0,672.08,Cash
2022-09-05,Store_Hyderabad,Electronics,CUST_1266,4,8852.16,5.0,33638.21,Credit Card
2022-09-05,Store_Delhi,Electronics,CUST_3199,3,6488.64,5.0,18492.62,UPI
2022-09-05,Store_Chennai,Clothing,CUST_1903,1,1317.43,0.0,1317.43,Debit Card
2022-09-05,Store_Bangalore,Home & Kitchen,CUST_1339,4,2701.35,0.0,10805.4,UPI
2022-09-05,Store_Mumbai,Sports,CUST_1602,5,1826.62,20.0,7306.48,Credit Card
2022-09-06,Store_Bangalore,Sports,CUST_3038,4,1371.11,10.0,4936.0,UPI
2022-09-06,Store_Delhi,Sports,CUST_2282,3,1126.31,5.0,3209.98,UPI
2022-09-06,Store_Bangalore,Sports,CUST_2465,2,1330.82,10.0,2395.48,Credit Card
2022-09-06,Store_Delhi,Groceries,CUST_1742,5,369.68,0.0,1848.4,Cash
2022-09-06,Store_Delhi,Groceries,CUST_1213,5,310.83,5.0,1476.44,Credit Card
2022-09-06,Store_Hyderabad,Groceries,CUST_1986,3,369.87,0.0,1109.61,Debit Card
2022-09-06,Store_Delhi,Sports,CUST_1304,3,1864.16,0.0,5592.48,UPI
2022-09-07,Store_Chennai,Electronics,CUST_2024,5,6339.1,20.0,25356.4,Cash
2022-09-07,Store_Bangalore,Groceries,CUST_1491,1,295.89,15.0,251.51,Credit Card
2022-09-07,Store_Chennai,Home & Kitchen,CUST_1038,4,2209.27,20.0,7069.66,UPI
2022-09-07,Store_Delhi,Clothing,CUST_3422,4,1070.53,15.0,3639.8,Cash
2022-09-07,Store_Chennai,Home & Kitchen,CUST_2317,3,2190.39,0.0,6571.17,UPI
2022-09-07,Store_Delhi,Clothing,CUST_3930,2,1233.45,5.0,2343.55,UPI
2022-09-07,Store_Delhi,Sports,CUST_2790,2,1773.56,0.0,3547.12,Debit Card
2022-09-08,Store_Bangalore,Electronics,CUST_1031,1,6410.58,0.0,6410.58,UPI
2022-09-08,Store_Mumbai,Clothing,CUST_1987,2,1074.6,0.0,2149.2,Cash
2022-09-08,Store_Delhi,Sports,CUST_2934,2,1500.93,10.0,2701.67,Debit Card
2022-09-08,Store_Delhi,Groceries,CUST_1868,1,447.2,0.0,447.2,Debit Card
2022-09-08,Store_Bangalore,Electronics,CUST_3765,2,6490.21,0.0,12980.42,UPI
2022-09-08,Store_Chennai,Electronics,CUST_2953,5,8144.68,5.0,38687.23,UPI
2022-09-08,Store_Chennai,Clothing,CUST_1527,3,1002.23,0.0,3006.69,UPI
2022-09-09,Store_Mumbai,Groceries,CUST_2332,4,317.54,5.0,1206.65,Cash
2022-09-09,Store_Delhi,Sports,CUST_1455,1,1587.49,5.0,1508.12,Credit Card
2022-09-09,Store_Mumbai,Home & Kitchen,CUST_1233,3,2873.42,5.0,8189.25,Credit Card
2022-09-09,Store_Hyderabad,Home & Kitchen,CUST_2485,3,1958.91,10.0,5289.06,Cash
2022-09-09,Store_Bangalore,Sports,CUST_1804,1,2173.5,0.0,2173.5,UPI
2022-09-09,Store_Hyderabad,Home & Kitchen,CUST_2651,4,1835.03,15.0,6239.1,Debit Card
2022-09-09,Store_Hyderabad,Home & Kitchen,CUST_3105,2,2342.17,10.0,4215.91,Credit Card
2022-09-10,Store_Delhi,Electronics,CUST_2601,5,6289.05,20.0,25156.2,Credit Card
2022-09-10,Store_Chennai,Sports,CUST_3803,4,1702.86,5.0,6470.87,Credit Card
2022-09-10,Store_Hyderabad,Groceries,CUST_2553,4,392.21,20.0,1255.07,Debit Card
2022-09-10,Store_Bangalore,Groceries,CUST_2320,4,431.76,5.0,1640.69,Cash
2022-09-10,Store_Mumbai,Clothing,CUST_3156,2,906.72,0.0,1813.44,Cash
2022-09-10,Store_Chennai,Electronics,CUST_2545,3,7031.84,0.0,21095.52,Cash
2022-09-11,Store_Bangalore,Groceries,CUST_3371,4,341.83,5.0,1298.95,Cash
2022-09-11,Store_Delhi,Sports,CUST_1216,4,1636.03,0.0,6544.12,Cash
2022-09-11,Store_Bangalore,Clothing,CUST_2057,4,1119.24,0.0,4476.96,Cash
2022-09-11,Store_Chennai,Electronics,CUST_3481,3,8250.41,0.0,24751.23,Cash
2022-09-11,Store_Delhi,Clothing,CUST_1269,1,1182.18,0.0,1182.18,Debit Card
2022-09-11,Store_Mumbai,Clothing,CUST_3591,5,1158.35,0.0,5791.75,Cash
2022-09-11,Store_Bangalore,Home & Kitchen,CUST_3693,2,2828.89,0.0,5657.78,UPI
2022-09-12,Store_Chennai,Clothing,CUST_3857,4,1084.54,5.0,4121.25,Cash
2022-09-12,Store_Mumbai,Sports,CUST_1803,1,1683.57,15.0,1431.03,Credit Card
2022-09-12,Store_Mumbai,Sports,CUST_1221,3,1843.08,10.0,4976.32,Credit Card
2022-09-12,Store_Delhi,Home & Kitchen,CUST_1111,5,2613.48,20.0,10453.92,Cash
2022-09-12,Store_Chennai,Clothing,CUST_1277,1,954.83,0.0,954.83,UPI
2022-09-12,Store_Delhi,Electronics,CUST_3773,1,8876.1,0.0,8876.1,UPI
2022-09-12,Store_Hyderabad,Electronics,CUST_1924,2,6356.09,0.0,12712.18,UPI
2022-09-13,Store_Mumbai,Home & Kitchen,CUST_3275,3,1896.75,10.0,5121.23,Cash
2022-09-13,Store_Delhi,Clothing,CUST_3551,2,1199.48,0.0,2398.96,Debit Card
2022-09-13,Store_Bangalore,Electronics,CUST_1735,4,5230.6,10.0,18830.16,Cash
2022-09-13,Store_Chennai,Clothing,CUST_2304,4,1165.9,10.0,4197.24,Credit Card
2022-09-13,Store_Mumbai,Clothing,CUST_1132,2,1055.15,5.0,2004.78,Debit Card
2022-09-13,Store_Chennai,Home & Kitchen,CUST_3291,2,2443.91,10.0,4399.04,Cash
2022-09-13,Store_Bangalore,Sports,CUST_2720,2,1498.76,0.0,2997.52,Cash
2022-09-14,Store_Bangalore,Groceries,CUST_1041,5,410.62,15.0,1745.13,Cash
2022-09-14,Store_Chennai,Electronics,CUST_1710,4,6924.01,15.0,23541.63,Credit Card
2022-09-14,Store_Bangalore,Groceries,CUST_2469,4,362.7,10.0,1305.72,UPI
2022-09-14,Store_Mumbai,Groceries,CUST_2265,4,308.74,0.0,1234.96,Cash
2022-09-14,Store_Mumbai,Sports,CUST_2294,4,1652.33,20.0,5287.46,UPI
2022-09-14,Store_Bangalore,Sports,CUST_1325,4,1679.5,0.0,6718.0,UPI
2022-09-14,Store_Delhi,Electronics,CUST_2220,3,6127.57,15.0,15625.3,Cash
2022-09-15,Store_Chennai,Groceries,CUST_3914,5,458.32,15.0,1947.86,UPI
2022-09-15,Store_Hyderabad,Electronics,CUST_1649,1,5024.32,0.0,5024.32,Cash
2022-09-15,Store_Hyderabad,Electronics,CUST_1758,4,7216.98,0.0,28867.92,Debit Card
2022-09-15,Store_Chennai,Electronics,CUST_1848,5,8827.04,10.0,39721.68,UPI
2022-09-15,Store_Bangalore,Groceries,CUST_1113,2,282.92,5.0,537.55,Debit Card
2022-09-15,Store_Chennai,Electronics,CUST_2987,2,6821.97,20.0,10915.15,Cash
2022-09-15,Store_Delhi,Clothing,CUST_1827,5,1490.07,0.0,7450.35,Credit Card
2022-09-16,Store_Mumbai,Sports,CUST_1613,4,1865.04,10.0,6714.14,UPI
2022-09-16,Store_Chennai,Home & Kitchen,CUST_1730,4,2358.37,0.0,9433.48,Cash
2022-09-16,Store_Bangalore,Electronics,CUST_1865,1,6696.72,0.0,6696.72,Credit Card
2022-09-16,Store_Bangalore,Sports,CUST_1988,2,1726.82,10.0,3108.28,Cash
2022-09-16,Store_Chennai,Electronics,CUST_3596,2,7052.57,,13399.88,UPI
2022-09-16,Store_Delhi,Home & Kitchen,CUST_2171,2,2275.37,0.0,4550.74,Credit Card
2022-09-16,Store_Chennai,Groceries,CUST_2622,5,300.7,0.0,1503.5,Credit Card
2022-09-17,Store_Hyderabad,Sports,CUST_3915,4,1470.12,0.0,5880.48,UPI
2022-09-17,Store_Chennai,Electronics,CUST_2400,4,7593.12,0.0,30372.48,Cash
2022-09-17,Store_Hyderabad,Clothing,CUST_3643,5,906.93,0.0,4534.65,Cash
2022-09-17,Store_Hyderabad,Home & Kitchen,CUST_1617,2,2473.37,15.0,4204.73,Credit Card
2022-09-17,Store_Bangalore,Groceries,CUST_1020,2,349.48,10.0,629.06,UPI
2022-09-17,Store_Chennai,Home & Kitchen,CUST_2979,5,2476.25,10.0,11143.12,UPI
2022-09-18,Store_Chennai,Electronics,CUST_3062,1,7571.63,,7571.63,Cash
2022-09-18,Store_Hyderabad,Electronics,CUST_3502,4,5596.16,10.0,20146.18,Cash
2022-09-18,Store_Bangalore,Electronics,CUST_3326,2,5834.0,20.0,9334.4,Debit Card
2022-09-18,Store_Chennai,Sports,CUST_3321,3,1409.58,10.0,3805.87,Cash
2022-09-18,Store_Mumbai,Groceries,CUST_1545,4,241.72,0.0,966.88,UPI
2022-09-18,Store_Chennai,Clothing,CUST_3365,5,772.65,0.0,3863.25,Credit Card
2022-09-18,Store_Delhi,Electronics,CUST_3848,1,8427.29,10.0,7584.56,Debit Card
2022-09-19,Store_Mumbai,Home & Kitchen,CUST_1070,4,2398.78,10.0,8635.61,Credit Card
2022-09-19,Store_Chennai,Groceries,CUST_3940,1,384.92,5.0,365.67,UPI
2022-09-19,Store_Mumbai,Electronics,CUST_1259,1,6094.56,10.0,5485.1,Cash
2022-09-19,Store_Delhi,Groceries,CUST_2302,3,247.65,0.0,742.95,Credit Card
2022-09-19,Store_Mumbai,Home & Kitchen,CUST_1099,2,1879.04,10.0,3382.27,Debit Card
2022-09-19,Store_Delhi,Home & Kitchen,CUST_3862,3,2376.51,15.0,6060.1,Cash
2022-09-19,Store_Hyderabad,Clothing,CUST_2689,2,1220.63,15.0,2075.07,UPI
2022-09-20,Store_Delhi,Electronics,CUST_2637,2,5658.9,10.0,10186.02,Cash
2022-09-20,Store_Bangalore,Groceries,CUST_3526,4,325.05,20.0,1040.16,Debit Card
2022-09-20,Store_Delhi,Clothing,CUST_1375,4,983.87,5.0,3738.71,Debit Card
2022-09-20,Store_Bangalore,Sports,CUST_2847,1,1388.51,20.0,1110.81,Debit Card
2022-09-20,Store_Chennai,Home & Kitchen,CUST_3617,5,2471.28,20.0,9885.12,Credit Card
2022-09-20,Store_Mumbai,Electronics,CUST_3995,4,6801.17,0.0,27204.68,UPI
2022-09-20,Store_Hyderabad,Electronics,CUST_1160,4,5571.09,0.0,22284.36,Cash
2022-09-21,Store_Bangalore,Home & Kitchen,CUST_2486,4,2287.0,5.0,8690.6,Debit Card
2022-09-21,Store_Chennai,Electronics,CUST_2499,1,6269.2,0.0,6269.2,Debit Card
2022-09-21,Store_Hyderabad,Groceries,CUST_2938,3,459.68,5.0,1310.09,Credit Card
2022-09-21,Store_Chennai,Groceries,CUST_3251,4,364.44,0.0,1457.76,UPI
2022-09-21,Store_Delhi,Sports,CUST_2210,3,1583.29,20.0,3799.9,Debit Card
2022-09-21,Store_Chennai,Sports,CUST_2048,4,1535.77,10.0,5528.77,Cash
2022-09-21,Store_Mumbai,Sports,CUST_3007,2,1500.44,15.0,2550.75,Credit Card
2022-09-22,Store_Hyderabad,Groceries,CUST_3522,1,323.53,0.0,323.53,UPI
2022-09-22,Store_Delhi,Home & Kitchen,CUST_3335,2,1901.87,5.0,3613.55,UPI
2022-09-22,Store_Chennai,Electronics,CUST_3746,5,9414.21,15.0,40010.39,Debit Card
2022-09-22,Store_Delhi,Home & Kitchen,CUST_2588,5,2011.54,0.0,10057.7,UPI
2022-09-22,Store_Hyderabad,Groceries,CUST_2089,4,291.56,10.0,1049.62,Credit Card
2022-09-22,Store_Mumbai,Groceries,CUST_2236,5,391.83,0.0,1959.15,Debit Card
2022-09-22,Store_Mumbai,Home & Kitchen,CUST_1178,1,2026.71,10.0,1824.04,Credit Card
2022-09-23,Store_Chennai,Electronics,CUST_3504,4,5910.13,10.0,21276.47,Cash
2022-09-23,Store_Mumbai,Sports,CUST_3501,4,1623.05,5.0,6167.59,Credit Card
2022-09-23,Store_Chennai,Sports,CUST_1959,1,2061.45,0.0,2061.45,Cash
2022-09-23,Store_Hyderabad,Sports,CUST_2986,2,1829.48,10.0,3293.06,Credit Card
2022-09-23,Store_Delhi,Electronics,CUST_2267,2,8227.99,5.0,15633.18,UPI
2022-09-23,Store_Delhi,Groceries,CUST_3095,5,411.35,15.0,1748.24,UPI
2022-09-23,Store_Bangalore,Electronics,CUST_3445,3,5814.54,20.0,13954.9,UPI
2022-09-24,Store_Hyderabad,Sports,CUST_1479,5,1477.97,10.0,6650.87,UPI
2022-09-24,Store_Chennai,Groceries,CUST_2572,2,342.94,10.0,617.29,Credit Card
2022-09-24,Store_Chennai,Groceries,CUST_2313,4,436.54,0.0,1746.16,Credit Card
2022-09-24,Store_Delhi,Groceries,CUST_2519,3,293.26,10.0,791.8,Cash
2022-09-24,Store_Chennai,Electronics,CUST_1701,2,5704.33,0.0,11408.66,Credit Card
2022-09-24,Store_Hyderabad,Home & Kitchen,CUST_1793,1,2194.38,5.0,2084.66,Debit Card
2022-09-25,Store_Chennai,Clothing,CUST_2538,5,834.35,0.0,4171.75,Cash
2022-09-25,Store_Hyderabad,Electronics,CUST_2250,2,5675.17,0.0,11350.34,Cash
2022-09-25,Store_Mumbai,Home & Kitchen,CUST_1902,2,2303.73,,4607.46,Cash
2022-09-25,Store_Bangalore,Clothing,CUST_3505,2,1063.32,0.0,2126.64,Cash
2022-09-25,Store_Delhi,Sports,CUST_2873,1,1856.97,0.0,1856.97,Credit Card
2022-09-25,Store_Delhi,Groceries,CUST_1863,5,342.86,10.0,1542.87,Credit Card
2022-09-25,Store_Delhi,Clothing,CUST_1443,4,754.74,5.0,2868.01,Credit Card
2022-09-26,Store_Hyderabad,Home & Kitchen,CUST_1099,1,2494.91,20.0,1995.93,UPI
2022-09-26,Store_Bangalore,Clothing,CUST_1243,5,1082.12,5.0,5140.07,UPI
2022-09-26,Store_Chennai,Sports,CUST_2386,1,1859.77,20.0,1487.82,UPI
2022-09-26,Store_Delhi,Groceries,CUST_1521,5,340.87,10.0,1533.92,Cash
2022-09-26,Store_Hyderabad,Electronics,CUST_3880,3,7603.56,0.0,22810.68,Cash
2022-09-26,Store_Hyderabad,Groceries,CUST_2428,1,428.23,10.0,385.41,Cash
2022-09-26,Store_Bangalore,Groceries,CUST_2183,5,346.86,10.0,1560.87,Cash
2022-09-27,Store_Bangalore,Sports,CUST_3389,3,1340.27,5.0,3819.77,Credit Card
2022-09-27,Store_Hyderabad,Clothing,CUST_3211,2,1157.7,0.0,2315.4,Cash
2022-09-27,Store_Delhi,Sports,CUST_2342,4,1589.93,0.0,6359.72,Debit Card
2022-09-27,Store_Bangalore,Clothing,CUST_1903,3,1005.21,10.0,2714.07,Credit Card
2022-09-27,Store_Mumbai,Sports,CUST_3076,3,1662.93,15.0,4240.47,Cash
2022-09-27,Store_Bangalore,Home & Kitchen,CUST_3581,1,2244.89,0.0,2244.89,Cash
2022-09-27,Store_Bangalore,Sports,CUST_2663,4,2105.67,15.0,7159.28,Cash
2022-09-28,Store_Delhi,Clothing,CUST_1756,3,1078.43,0.0,3235.29,Debit Card
2022-09-28,Store_Bangalore,Sports,CUST_3054,1,1603.95,0.0,1603.95,Credit Card
2022-09-28,Store_Hyderabad,Groceries,CUST_1121,3,455.03,5.0,1296.84,UPI
2022-09-28,Store_Hyderabad,Electronics,CUST_2207,1,5997.78,,5697.89,Cash
2022-09-28,Store_Chennai,Electronics,CUST_3520,4,5952.0,0.0,23808.0,Debit Card
2022-09-28,Store_Chennai,Home & Kitchen,CUST_3341,5,1946.29,20.0,7785.16,UPI
2022-09-28,Store_Delhi,Electronics,CUST_2359,2,7729.04,0.0,15458.08,UPI
2022-09-29,Store_Bangalore,Electronics,CUST_3432,4,8442.75,0.0,33771.0,Credit Card
2022-09-29,Store_Chennai,Electronics,CUST_1800,3,8761.67,5.0,24970.76,Debit Card
2022-09-29,Store_Mumbai,Home & Kitchen,CUST_2523,1,2658.82,10.0,2392.94,Credit Card
2022-09-29,Store_Mumbai,Sports,CUST_2301,4,1179.15,10.0,4244.94,Cash
2022-09-29,Store_Hyderabad,Clothing,CUST_3118,1,1366.34,0.0,1366.34,Debit Card
2022-09-29,Store_Bangalore,Groceries,CUST_3307,3,336.13,10.0,907.55,Debit Card
2022-09-29,Store_Hyderabad,Electronics,CUST_1745,3,8198.67,10.0,22136.41,Debit Card
2022-09-30,Store_Hyderabad,Groceries,CUST_1452,2,391.86,5.0,744.53,Debit Card
2022-09-30,Store_Chennai,Groceries,CUST_2796,4,324.34,20.0,1037.89,Debit Card
2022-09-30,Store_Delhi,Clothing,CUST_3126,2,1397.57,0.0,2795.14,Debit Card
2022-09-30,Store_Delhi,Groceries,CUST_1277,5,396.85,15.0,1686.61,Debit Card
2022-09-30,Store_Mumbai,Groceries,CUST_2376,2,332.69,0.0,665.38,Credit Card
2022-09-30,Store_Chennai,Home & Kitchen,CUST_1844,1,1938.63,10.0,1744.77,Credit Card
2022-09-30,Store_Bangalore,Sports,CUST_2695,3,2153.0,0.0,6459.0,Cash
2022-10-01,Store_Chennai,Home & Kitchen,CUST_1146,5,3551.66,10.0,15982.47,Cash
2022-10-01,Store_Bangalore,Clothing,CUST_2161,2,2233.02,15.0,3796.13,Debit Card
2022-10-01,Store_Bangalore,Clothing,CUST_2038,3,2292.84,0.0,6878.52,Debit Card
2022-10-01,Store_Hyderabad,Electronics,CUST_2916,1,16586.23,20.0,13268.98,Cash
2022-10-01,Store_Chennai,Sports,CUST_3931,4,3609.49,10.0,12994.16,UPI
2022-10-01,Store_Chennai,Electronics,CUST_3446,5,18129.12,5.0,86113.32,Debit Card
2022-10-02,Store_Hyderabad,Electronics,CUST_3610,4,17782.23,20.0,56903.14,Debit Card
2022-10-02,Store_Chennai,Electronics,CUST_3286,1,15907.21,0.0,15907.21,Debit Card
2022-10-02,Store_Bangalore,Sports,CUST_1753,2,3704.94,10.0,6668.89,Credit Card
2022-10-02,Store_Hyderabad,Home & Kitchen,CUST_3628,4,4314.05,10.0,15530.58,Credit Card
2022-10-02,Store_Mumbai,Home & Kitchen,CUST_2008,3,5439.67,20.0,13055.21,UPI
2022-10-02,Store_Chennai,Groceries,CUST_3156,2,899.15,0.0,1798.3,Cash
2022-10-02,Store_Delhi,Electronics,CUST_2017,5,14419.64,5.0,68493.29,Debit Card
2022-10-03,Store_Chennai,Clothing,CUST_2966,5,2917.35,0.0,14586.75,Debit Card
2022-10-03,Store_Mumbai,Clothing,CUST_1015,5,2895.5,20.0,11582.0,Cash
2022-10-03,Store_Bangalore,Clothing,CUST_2059,4,2769.63,10.0,9970.67,UPI
2022-10-03,Store_Mumbai,Sports,CUST_1061,2,2900.33,0.0,5800.66,Credit Card
2022-10-03,Store_Hyderabad,Groceries,CUST_2442,5,721.51,20.0,2886.04,UPI
2022-10-03,Store_Hyderabad,Electronics,CUST_2722,3,15739.04,5.0,44856.26,UPI
2022-10-03,Store_Delhi,Sports,CUST_1693,2,3974.12,5.0,7550.83,Credit Card
2022-10-04,Store_Hyderabad,Clothing,CUST_3786,2,2012.26,0.0,4024.52,Credit Card
2022-10-04,Store_Hyderabad,Electronics,CUST_1737,5,20018.3,0.0,100091.5,UPI
2022-10-04,Store_Mumbai,Clothing,CUST_1426,1,2619.38,10.0,2357.44,Debit Card
2022-10-04,Store_Chennai,Home & Kitchen,CUST_3986,5,5186.47,20.0,20745.88,Credit Card
2022-10-04,Store_Delhi,Sports,CUST_3228,3,3296.4,0.0,9889.2,Credit Card
2022-10-04,Store_Chennai,Sports,CUST_2134,2,4441.12,15.0,7549.9,Cash
2022-10-04,Store_Chennai,Groceries,CUST_1349,5,797.41,15.0,3388.99,Credit Card
2022-10-05,Store_Delhi,Electronics,CUST_3892,4,18653.81,5.0,70884.48,UPI
2022-10-05,Store_Mumbai,Sports,CUST_3732,5,4149.32,0.0,20746.6,Debit Card
2022-10-05,Store_Chennai,Sports,CUST_2560,4,2866.27,0.0,11465.08,Cash
2022-10-05,Store_Delhi,Home & Kitchen,CUST_3073,4,3827.99,10.0,13780.76,Credit Card
2022-10-05,Store_Hyderabad,Groceries,CUST_1549,5,952.76,5.0,4525.61,UPI
2022-10-05,Store_Delhi,Sports,CUST_1368,1,4175.72,10.0,3758.15,UPI
2022-10-05,Store_Bangalore,Groceries,CUST_3088,1,752.59,5.0,714.96,Cash
2022-10-06,Store_Chennai,Sports,CUST_2775,5,3551.31,0.0,17756.55,Cash
2022-10-06,Store_Bangalore,Home & Kitchen,CUST_1631,4,5244.43,10.0,18879.95,UPI
2022-10-06,Store_Chennai,Sports,CUST_2689,3,3110.95,0.0,9332.85,Credit Card
2022-10-06,Store_Hyderabad,Clothing,CUST_1375,2,1945.52,5.0,3696.49,Credit Card
2022-10-06,Store_Mumbai,Electronics,CUST_3056,3,15668.48,0.0,47005.44,UPI
2022-10-06,Store_Chennai,Electronics,CUST_2154,1,21269.73,15.0,18079.27,Credit Card
2022-10-06,Store_Bangalore,Home & Kitchen,CUST_1998,2,6256.98,15.0,10636.87,Cash
2022-10-07,Store_Bangalore,Home & Kitchen,CUST_3046,4,5461.87,10.0,19662.73,Debit Card
2022-10-07,Store_Bangalore,Electronics,CUST_1083,5,17787.16,5.0,84489.01,Credit Card
2022-10-07,Store_Mumbai,Groceries,CUST_3452,4,600.8,15.0,2042.72,Debit Card
2022-10-07,Store_Bangalore,Electronics,CUST_3672,2,18465.77,0.0,36931.54,UPI
2022-10-07,Store_Delhi,Sports,CUST_3539,2,3245.29,20.0,5192.46,Debit Card
2022-10-07,Store_Bangalore,Sports,CUST_3782,1,4856.72,15.0,4128.21,Cash
2022-10-07,Store_Hyderabad,Home & Kitchen,CUST_3538,2,4552.4,10.0,8194.32,Debit Card
2022-10-08,Store_Delhi,Home & Kitchen,CUST_3740,5,5302.13,5.0,25185.12,Credit Card
2022-10-08,Store_Hyderabad,Electronics,CUST_3157,5,19812.88,10.0,89157.96,Debit Card
2022-10-08,Store_Delhi,Sports,CUST_2669,2,2754.99,5.0,5234.48,Credit Card
2022-10-08,Store_Bangalore,Home & Kitchen,CUST_2765,3,4411.61,5.0,12573.09,Credit Card
2022-10-08,Store_Mumbai,Electronics,CUST_3631,1,18390.95,0.0,18390.95,Debit Card
2022-10-08,Store_Hyderabad,Home & Kitchen,CUST_3121,3,4927.01,10.0,13302.93,Cash
2022-10-09,Store_Hyderabad,Groceries,CUST_1575,3,732.35,5.0,2087.2,UPI
2022-10-09,Store_Hyderabad,Sports,CUST_2934,2,4712.04,0.0,9424.08,Debit Card
2022-10-09,Store_Hyderabad,Home & Kitchen,CUST_2464,1,4763.45,0.0,4763.45,Cash
2022-10-09,Store_Chennai,Sports,CUST_1535,3,2673.57,0.0,8020.71,Debit Card
2022-10-09,Store_Chennai,Clothing,CUST_1930,1,2090.15,0.0,2090.15,Debit Card
2022-10-09,Store_Delhi,Groceries,CUST_3925,3,888.08,5.0,2531.03,UPI
2022-10-09,Store_Hyderabad,Home & Kitchen,CUST_1630,1,4403.5,15.0,3742.98,Credit Card
2022-10-10,Store_Delhi,Sports,CUST_3407,4,4046.74,15.0,13758.92,Debit Card
2022-10-10,Store_Bangalore,Sports,CUST_2971,4,3725.25,10.0,13410.9,Debit Card
2022-10-10,Store_Chennai,Home & Kitchen,CUST_3320,4,5721.13,0.0,22884.52,Credit Card
2022-10-10,Store_Chennai,Groceries,CUST_3805,5,884.48,0.0,4422.4,UPI
2022-10-10,Store_Hyderabad,Sports,CUST_1707,5,2624.16,10.0,11808.72,Credit Card
2022-10-10,Store_Delhi,Sports,CUST_1817,1,3562.5,20.0,2850.0,Credit Card
2022-10-10,Store_Mumbai,Clothing,CUST_2970,5,2184.98,20.0,8739.92,Cash
2022-10-11,Store_Bangalore,Sports,CUST_1528,3,3259.89,0.0,9779.67,Cash
2022-10-11,Store_Delhi,Sports,CUST_1122,2,4577.33,0.0,9154.66,UPI
2022-10-11,Store_Chennai,Sports,CUST_3339,5,3537.99,0.0,17689.95,Cash
2022-10-11,Store_Delhi,Home & Kitchen,CUST_3704,1,4141.27,10.0,3727.14,Debit Card
2022-10-11,Store_Mumbai,Home & Kitchen,CUST_2605,1,5906.73,0.0,5906.73,Debit Card
2022-10-11,Store_Mumbai,Clothing,CUST_2971,4,1931.91,5.0,7341.26,Debit Card
2022-10-11,Store_Chennai,Home & Kitchen,CUST_3830,3,6224.71,5.0,17740.42,UPI
2022-10-12,Store_Chennai,Electronics,CUST_2926,4,12998.06,0.0,51992.24,Cash
2022-10-12,Store_Delhi,Clothing,CUST_1112,4,2220.38,5.0,8437.44,Debit Card
2022-10-12,Store_Chennai,Groceries,CUST_2596,3,676.73,15.0,1725.66,Cash
2022-10-12,Store_Delhi,Clothing,CUST_3078,3,2176.08,0.0,6528.24,Cash
2022-10-12,Store_Chennai,Groceries,CUST_1286,1,741.6,,593.28,Credit Card
2022-10-12,Store_Delhi,Electronics,CUST_2351,4,17572.27,0.0,70289.08,Debit Card
2022-10-12,Store_Hyderabad,Electronics,CUST_3497,4,17171.52,0.0,68686.08,Cash
2022-10-13,Store_Chennai,Electronics,CUST_3779,3,16055.4,10.0,43349.58,Debit Card
2022-10-13,Store_Chennai,Clothing,CUST_2828,4,2661.0,15.0,9047.4,UPI
2022-10-13,Store_Hyderabad,Electronics,CUST_2343,4,15977.42,10.0,57518.71,UPI
2022-10-13,Store_Mumbai,Electronics,CUST_3530,4,13918.82,10.0,50107.75,UPI
2022-10-13,Store_Chennai,Home & Kitchen,CUST_3549,3,5754.03,,15535.88,Cash
2022-10-13,Store_Delhi,Sports,CUST_3899,2,3254.25,5.0,6183.08,Debit Card
2022-10-13,Store_Chennai,Home & Kitchen,CUST_2855,1,5345.07,5.0,5077.82,UPI
2022-10-14,Store_Mumbai,Groceries,CUST_3507,5,560.98,0.0,2804.9,Debit Card
2022-10-14,Store_Bangalore,Electronics,CUST_2612,4,13317.84,5.0,50607.79,Debit Card
2022-10-14,Store_Chennai,Sports,CUST_1250,4,2441.19,0.0,9764.76,Cash
2022-10-14,Store_Hyderabad,Electronics,CUST_2551,2,16725.36,5.0,31778.18,Cash
2022-10-14,Store_Delhi,Clothing,CUST_3989,4,1725.23,5.0,6555.87,Credit Card
2022-10-14,Store_Delhi,Electronics,CUST_1172,1,14334.53,0.0,14334.53,Cash
2022-10-14,Store_Bangalore,Sports,CUST_3262,1,2621.12,20.0,2096.9,Credit Card
2022-10-15,Store_Chennai,Electronics,CUST_2737,4,16998.98,0.0,67995.92,Credit Card
2022-10-15,Store_Chennai,Groceries,CUST_3636,1,852.91,10.0,767.62,Debit Card
2022-10-15,Store_Hyderabad,Electronics,CUST_1277,2,20031.79,0.0,40063.58,UPI
2022-10-15,Store_Chennai,Groceries,CUST_3626,1,600.84,5.0,570.8,Cash
2022-10-15,Store_Mumbai,Sports,CUST_1085,4,4610.44,15.0,15675.5,Debit Card
2022-10-15,Store_Mumbai,Sports,CUST_2621,2,4116.48,10.0,7409.66,
2022-10-16,Store_Chennai,Home & Kitchen,CUST_3932,2,3851.59,0.0,7703.18,UPI
2022-10-16,Store_Bangalore,Electronics,CUST_3193,1,12982.78,5.0,12333.64,Debit Card
2022-10-16,Store_Bangalore,Home & Kitchen,CUST_1587,3,6081.16,15.0,15506.96,Cash
2022-10-16,Store_Bangalore,Electronics,CUST_3558,2,13830.35,0.0,27660.7,Cash
2022-10-16,Store_Chennai,Groceries,CUST_1291,2,794.51,0.0,1589.02,Credit Card
2022-10-16,Store_Delhi,Electronics,CUST_3705,2,12993.87,20.0,20790.19,UPI
2022-10-16,Store_Chennai,Home & Kitchen,CUST_3491,5,4461.1,15.0,18959.68,UPI
2022-10-17,Store_Hyderabad,Home & Kitchen,CUST_2863,5,5818.76,10.0,26184.42,UPI
2022-10-17,Store_Mumbai,Home & Kitchen,CUST_3172,2,4154.11,10.0,7477.4,Debit Card
2022-10-17,Store_Chennai,Groceries,CUST_2869,2,1045.31,5.0,1986.09,Debit Card
2022-10-17,Store_Mumbai,Sports,CUST_3988,3,3244.16,20.0,7785.98,Cash
2022-10-17,Store_Delhi,Groceries,CUST_1543,5,641.3,0.0,3206.5,Credit Card
2022-10-17,Store_Delhi,Clothing,CUST_1368,1,2542.56,20.0,2034.05,Cash
2022-10-17,Store_Bangalore,Sports,CUST_3659,2,2809.64,5.0,5338.32,Cash
2022-10-18,Store_Hyderabad,Groceries,CUST_2254,2,985.17,5.0,1871.82,UPI
2022-10-18,Store_Mumbai,Clothing,CUST_2241,2,2562.84,15.0,4356.83,Debit Card
2022-10-18,Store_Hyderabad,Clothing,CUST_1106,5,2968.41,20.0,11873.64,Cash
2022-10-18,Store_Delhi,Sports,CUST_3941,1,3765.43,10.0,3388.89,Debit Card
2022-10-18,Store_Hyderabad,Clothing,CUST_3883,1,2363.07,20.0,1890.46,Credit Card
2022-10-18,Store_Mumbai,Sports,CUST_2413,1,3072.8,0.0,3072.8,UPI
2022-10-18,Store_Mumbai,Home & Kitchen,CUST_2268,1,5236.41,5.0,4974.59,UPI
2022-10-19,Store_Delhi,Clothing,CUST_3678,2,2063.78,10.0,3714.8,UPI
2022-10-19,Store_Chennai,Sports,CUST_2186,3,4355.44,0.0,13066.32,UPI
2022-10-19,Store_Chennai,Sports,CUST_3284,5,3114.12,0.0,15570.6,Cash
2022-10-19,Store_Delhi,Sports,CUST_2454,5,2754.47,0.0,13772.35,UPI
2022-10-19,Store_Chennai,Groceries,CUST_1792,1,723.08,15.0,614.62,Cash
2022-10-19,Store_Mumbai,Clothing,CUST_3803,1,2005.6,0.0,2005.6,Cash
2022-10-19,Store_Bangalore,Clothing,CUST_2363,3,2814.44,0.0,8443.32,Cash
2022-10-20,Store_Hyderabad,Groceries,CUST_1161,1,974.78,0.0,974.78,UPI
2022-10-20,Store_Chennai,Home & Kitchen,CUST_1084,1,5964.19,0.0,5964.19,Debit Card
2022-10-20,Store_Hyderabad,Clothing,CUST_1553,2,2823.8,0.0,5647.6,Debit Card
2022-10-20,Store_Mumbai,Clothing,CUST_1169,4,1818.3,15.0,6182.22,Cash
2022-10-20,Store_Hyderabad,Electronics,CUST_3748,1,20050.36,20.0,16040.29,Cash
2022-10-20,Store_Chennai,Electronics,CUST_1592,2,18736.81,0.0,37473.62,Debit Card
2022-10-20,Store_Chennai,Home & Kitchen,CUST_2526,3,4095.59,0.0,12286.77,Debit Card
2022-10-21,Store_Hyderabad,Home & Kitchen,CUST_1030,1,5322.83,10.0,4790.55,Cash
2022-10-21,Store_Chennai,Groceries,CUST_2019,3,683.44,20.0,1640.26,UPI
2022-10-21,Store_Hyderabad,Electronics,CUST_2917,2,21239.94,10.0,38231.89,Debit Card
2022-10-21,Store_Delhi,Groceries,CUST_2388,5,648.61,0.0,3243.05,UPI
2022-10-21,Store_Delhi,Groceries,CUST_1374,1,700.53,0.0,700.53,Debit Card
2022-10-21,Store_Hyderabad,Clothing,CUST_2065,1,2355.69,10.0,2120.12,Debit Card
2022-10-21,Store_Delhi,Clothing,CUST_2198,1,2715.78,15.0,2308.41,Debit Card
2022-10-22,Store_Mumbai,Home & Kitchen,CUST_2236,2,4203.59,0.0,8407.18,Debit Card
2022-10-22,Store_Delhi,Home & Kitchen,CUST_1440,1,4405.15,0.0,4405.15,Credit Card
2022-10-22,Store_Delhi,Clothing,CUST_2833,1,2247.93,20.0,1798.34,UPI
2022-10-22,Store_Chennai,Groceries,CUST_1300,3,680.94,20.0,1634.26,
2022-10-22,Store_Chennai,Clothing,CUST_3908,1,2258.59,20.0,1806.87,Debit Card
2022-10-22,Store_Bangalore,Clothing,CUST_3055,5,2024.46,0.0,10122.3,Cash
2022-10-23,Store_Mumbai,Clothing,CUST_3897,3,2314.52,0.0,6943.56,Debit Card
2022-10-23,Store_Hyderabad,Sports,CUST_1765,3,4446.52,0.0,13339.56,Cash
2022-10-23,Store_Mumbai,Sports,CUST_1539,2,4011.1,0.0,8022.2,Cash
2022-10-23,Store_Hyderabad,Clothing,CUST_1505,4,2261.22,0.0,9044.88,UPI
2022-10-23,Store_Delhi,Sports,CUST_1526,2,2689.7,10.0,4841.46,Debit Card
2022-10-23,Store_Bangalore,Electronics,CUST_3065,2,20950.17,0.0,41900.34,UPI
2022-10-23,Store_Hyderabad,Clothing,CUST_3473,3,2201.08,10.0,5942.92,Debit Card
2022-10-24,Store_Chennai,Sports,CUST_1392,2,2671.63,0.0,5343.26,Cash
2022-10-24,Store_Hyderabad,Electronics,CUST_2038,2,16001.95,5.0,30403.7,Credit Card
2022-10-24,Store_Mumbai,Home & Kitchen,CUST_2360,4,4581.08,,18324.32,Credit Card
2022-10-24,Store_Mumbai,Groceries,CUST_3356,1,1020.98,10.0,918.88,Cash
2022-10-24,Store_Delhi,Clothing,CUST_3548,1,2154.31,15.0,1831.16,Credit Card
2022-10-24,Store_Delhi,Home & Kitchen,CUST_3313,5,6173.84,15.0,26238.82,Cash
2022-10-24,Store_Delhi,Home & Kitchen,CUST_1588,2,4500.18,5.0,8550.34,Debit Card
2022-10-25,Store_Delhi,Sports,CUST_3120,1,3389.93,0.0,3389.93,UPI
2022-10-25,Store_Delhi,Groceries,CUST_1647,2,1010.47,10.0,1818.85,Debit Card
2022-10-25,Store_Delhi,Clothing,CUST_3470,2,2881.87,0.0,5763.74,Debit Card
2022-10-25,Store_Chennai,Sports,CUST_3471,2,3593.48,0.0,7186.96,Debit Card
2022-10-25,Store_Chennai,Groceries,CUST_1016,5,669.79,0.0,3348.95,Debit Card
2022-10-25,Store_Hyderabad,Clothing,CUST_2866,4,2588.52,5.0,9836.38,UPI
2022-10-25,Store_Delhi,Home & Kitchen,CUST_2105,1,4545.06,0.0,4545.06,Cash
2022-10-26,Store_Hyderabad,Groceries,CUST_2278,3,743.49,10.0,2007.42,Debit Card
2022-10-26,Store_Chennai,Groceries,CUST_3566,1,848.41,0.0,848.41,Cash
2022-10-26,Store_Bangalore,Home & Kitchen,CUST_2151,1,5167.5,15.0,4392.38,Credit Card
2022-10-26,Store_Chennai,Clothing,CUST_3113,1,1731.04,0.0,1731.04,Cash
2022-10-26,Store_Hyderabad,Groceries,CUST_1090,4,753.44,5.0,2863.07,Credit Card
2022-10-26,Store_Delhi,Home & Kitchen,CUST_1530,5,4277.85,0.0,21389.25,Debit Card
2022-10-26,Store_Bangalore,Clothing,CUST_3223,4,2067.32,0.0,8269.28,UPI
2022-10-27,Store_Hyderabad,Sports,CUST_2403,1,3513.2,15.0,2986.22,Debit Card
2022-10-27,Store_Chennai,Home & Kitchen,CUST_2949,5,4274.04,20.0,17096.16,Cash
2022-10-27,Store_Delhi,Electronics,CUST_2144,2,14585.15,0.0,29170.3,UPI
2022-10-27,Store_Hyderabad,Clothing,CUST_2071,3,2625.45,10.0,7088.71,Cash
2022-10-27,Store_Bangalore,Groceries,CUST_1078,3,653.08,10.0,1763.32,Cash
2022-10-27,Store_Bangalore,Groceries,CUST_2737,5,728.05,0.0,3640.25,Debit Card
2022-10-27,Store_Mumbai,Electronics,CUST_2734,5,16915.84,5.0,80350.24,Credit Card
2022-10-28,Store_Bangalore,Clothing,CUST_1794,4,2836.36,10.0,10210.9,Credit Card
2022-10-28,Store_Chennai,Groceries,CUST_1357,4,861.57,5.0,3273.97,Debit Card
2022-10-28,Store_Mumbai,Sports,CUST_3337,2,4672.43,0.0,9344.86,Debit Card
2022-10-28,Store_Bangalore,Electronics,CUST_3845,3,13728.82,15.0,35008.49,Debit Card
2022-10-28,Store_Bangalore,Electronics,CUST_1860,4,15539.48,0.0,62157.92,Credit Card
2022-10-28,Store_Bangalore,Electronics,CUST_3434,1,14584.5,15.0,12396.82,Cash
2022-10-28,Store_Hyderabad,Groceries,CUST_1475,1,896.54,10.0,806.89,UPI
2022-10-29,Store_Delhi,Home & Kitchen,CUST_2446,1,3933.71,0.0,3933.71,UPI
2022-10-29,Store_Bangalore,Electronics,CUST_1967,3,19329.61,15.0,49290.51,Credit Card
2022-10-29,Store_Hyderabad,Home & Kitchen,CUST_2219,1,3617.8,10.0,3256.02,Debit Card
2022-10-29,Store_Mumbai,Sports,CUST_1846,2,2911.45,10.0,5240.61,Cash
2022-10-29,Store_Chennai,Home & Kitchen,CUST_3017,2,4030.3,0.0,8060.6,Credit Card
2022-10-29,Store_Bangalore,Home & Kitchen,CUST_3076,5,3821.07,5.0,18150.08,Debit Card
2022-10-30,Store_Mumbai,Sports,CUST_3741,2,2668.57,10.0,4803.43,Cash
2022-10-30,Store_Delhi,Home & Kitchen,CUST_2532,2,5484.5,5.0,10420.55,Credit Card
2022-10-30,Store_Delhi,Sports,CUST_1857,1,2678.71,20.0,2142.97,UPI
2022-10-30,Store_Hyderabad,Home & Kitchen,CUST_2825,5,4339.52,5.0,20612.72,Cash
2022-10-30,Store_Chennai,Clothing,CUST_2647,5,2483.05,5.0,11794.49,Cash
2022-10-30,Store_Hyderabad,Electronics,CUST_2722,1,13290.44,0.0,13290.44,UPI
2022-10-30,Store_Bangalore,Sports,CUST_1906,5,3324.81,10.0,14961.64,Cash
2022-10-31,Store_Chennai,Clothing,CUST_3717,1,2706.82,0.0,2706.82,Credit Card
2022-10-31,Store_Delhi,Electronics,CUST_1145,1,13065.79,0.0,13065.79,Debit Card
2022-10-31,Store_Chennai,Clothing,CUST_3147,2,2185.54,0.0,4371.08,Debit Card
2022-10-31,Store_Delhi,Sports,CUST_3640,1,3131.68,20.0,2505.34,Credit Card
2022-10-31,Store_Hyderabad,Sports,CUST_1929,4,2869.62,0.0,11478.48,Credit Card
2022-10-31,Store_Delhi,Sports,CUST_1427,5,3405.73,0.0,17028.65,Debit Card
2022-10-31,Store_Delhi,Home & Kitchen,CUST_1042,3,3682.79,0.0,11048.37,Cash
2022-11-01,Store_Hyderabad,Clothing,CUST_2148,2,2404.55,0.0,4809.1,Credit Card
2022-11-01,Store_Bangalore,Sports,CUST_2732,1,2844.72,,2844.72,Credit Card
2022-11-01,Store_Delhi,Home & Kitchen,CUST_2818,5,5657.91,10.0,25460.6,Debit Card
2022-11-01,Store_Chennai,Clothing,CUST_1802,5,2333.8,,10502.1,UPI
2022-11-01,Store_Chennai,Clothing,CUST_2434,2,1984.84,0.0,3969.68,Credit Card
2022-11-01,Store_Bangalore,Sports,CUST_2345,3,3076.09,20.0,7382.62,Cash
2022-11-01,Store_Mumbai,Sports,CUST_2892,2,3406.25,20.0,5450.0,UPI
2022-11-02,Store_Bangalore,Home & Kitchen,CUST_3503,1,3941.02,0.0,3941.02,Credit Card
2022-11-02,Store_Chennai,Clothing,CUST_2539,3,2062.96,0.0,6188.88,Debit Card
2022-11-02,Store_Hyderabad,Groceries,CUST_1028,5,1081.05,0.0,5405.25,Debit Card
2022-11-02,Store_Mumbai,Sports,CUST_1355,2,3125.07,0.0,6250.14,Credit Card
2022-11-02,Store_Bangalore,Home & Kitchen,CUST_3520,1,6037.15,10.0,5433.44,Debit Card
2022-11-02,Store_Chennai,Electronics,CUST_3822,3,13072.38,0.0,39217.14,Debit Card
2022-11-02,Store_Chennai,Sports,CUST_1838,2,2605.14,15.0,4428.74,Credit Card
2022-11-03,Store_Delhi,Groceries,CUST_3848,2,787.74,0.0,1575.48,Debit Card
2022-11-03,Store_Chennai,Clothing,CUST_2143,4,2159.18,0.0,8636.72,Debit Card
2022-11-03,Store_Chennai,Sports,CUST_1716,5,3836.25,10.0,17263.12,Credit Card
2022-11-03,Store_Delhi,Electronics,CUST_2663,3,12591.6,20.0,30219.84,Credit Card
2022-11-03,Store_Chennai,Home & Kitchen,CUST_3741,3,5143.43,0.0,15430.29,Cash
2022-11-03,Store_Mumbai,Electronics,CUST_3394,1,14385.01,10.0,12946.51,Cash
2022-11-03,Store_Bangalore,Home & Kitchen,CUST_1913,2,4885.75,0.0,9771.5,UPI
2022-11-04,Store_Bangalore,Home & Kitchen,CUST_2625,5,5989.86,15.0,25456.9,Debit Card
2022-11-04,Store_Chennai,Clothing,CUST_1949,1,2040.46,0.0,2040.46,UPI
2022-11-04,Store_Delhi,Home & Kitchen,CUST_1948,1,5298.81,15.0,4503.99,UPI
2022-11-04,Store_Delhi,Sports,CUST_1991,3,3562.94,10.0,9619.94,UPI
2022-11-04,Store_Delhi,Sports,CUST_2048,4,4311.96,0.0,17247.84,Debit Card
2022-11-04,Store_Hyderabad,Electronics,CUST_3040,2,14191.21,10.0,25544.18,Debit Card
2022-11-04,Store_Hyderabad,Sports,CUST_2220,3,3560.44,0.0,10681.32,UPI
2022-11-05,Store_Hyderabad,Sports,CUST_1571,2,4095.88,20.0,6553.41,Credit Card
2022-11-05,Store_Bangalore,Sports,CUST_2620,5,3189.37,10.0,14352.16,Cash
2022-11-05,Store_Bangalore,Clothing,CUST_1159,3,2817.08,0.0,8451.24,Debit Card
2022-11-05,Store_Bangalore,Clothing,CUST_1219,4,2727.99,10.0,9820.76,UPI
2022-11-05,Store_Chennai,Groceries,CUST_3773,2,967.63,10.0,1741.73,UPI
2022-11-05,Store_Bangalore,Sports,CUST_2839,3,3582.34,0.0,10747.02,Cash
2022-11-06,Store_Hyderabad,Electronics,CUST_2282,3,16667.94,10.0,45003.44,Cash
2022-11-06,Store_Delhi,Home & Kitchen,CUST_3057,3,3852.28,0.0,11556.84,Debit Card
2022-11-06,Store_Mumbai,Clothing,CUST_3509,3,2185.52,0.0,6556.56,Cash
2022-11-06,Store_Delhi,Electronics,CUST_1764,4,21824.78,20.0,69839.3,Cash
2022-11-06,Store_Bangalore,Clothing,CUST_2821,1,2545.39,20.0,2036.31,UPI
2022-11-06,Store_Hyderabad,Sports,CUST_3326,5,3048.2,5.0,14478.95,Cash
2022-11-06,Store_Bangalore,Groceries,CUST_1829,4,624.31,15.0,2122.65,UPI
2022-11-07,Store_Hyderabad,Electronics,CUST_3148,1,16997.29,5.0,16147.43,UPI
2022-11-07,Store_Bangalore,Electronics,CUST_2934,2,13725.64,0.0,27451.28,UPI
2022-11-07,Store_Mumbai,Sports,CUST_2324,4,4040.95,10.0,14547.42,Cash
2022-11-07,Store_Bangalore,Electronics,CUST_3609,5,16325.31,10.0,73463.9,Debit Card
2022-11-07,Store_Hyderabad,Clothing,CUST_3545,4,2398.11,10.0,8633.2,Credit Card
2022-11-07,Store_Chennai,Electronics,CUST_1148,1,13872.27,,13872.27,UPI
2022-11-07,Store_Hyderabad,Electronics,CUST_2053,4,14838.57,0.0,59354.28,Debit Card
2022-11-08,Store_Bangalore,Groceries,CUST_3448,2,665.64,,1198.15,Debit Card
2022-11-08,Store_Bangalore,Sports,CUST_2714,4,4221.1,0.0,16884.4,Debit Card
2022-11-08,Store_Chennai,Home & Kitchen,CUST_3956,5,6537.05,15.0,27782.46,UPI
2022-11-08,Store_Hyderabad,Home & Kitchen,CUST_3801,4,4891.46,0.0,19565.84,Cash
2022-11-08,Store_Chennai,Clothing,CUST_3327,3,1903.4,5.0,5424.69,Cash
2022-11-08,Store_Bangalore,Groceries,CUST_2322,5,643.59,20.0,2574.36,UPI
2022-11-08,Store_Chennai,Sports,CUST_1270,4,4181.83,10.0,15054.59,Cash
2022-11-09,Store_Delhi,Sports,CUST_3375,4,4086.54,0.0,16346.16,Cash
2022-11-09,Store_Hyderabad,Clothing,CUST_2506,5,2050.33,0.0,10251.65,UPI
2022-11-09,Store_Mumbai,Clothing,CUST_1948,2,2075.66,5.0,3943.75,Debit Card
2022-11-09,Store_Hyderabad,Electronics,CUST_2801,3,18467.58,0.0,55402.74,Debit Card
2022-11-09,Store_Bangalore,Groceries,CUST_1183,3,910.24,10.0,2457.65,Debit Card
2022-11-09,Store_Delhi,Clothing,CUST_2336,3,1881.44,5.0,5362.1,Credit Card
2022-11-09,Store_Hyderabad,Sports,CUST_1242,5,3204.98,20.0,12819.92,UPI
2022-11-10,Store_Bangalore,Home & Kitchen,CUST_2286,2,5618.84,5.0,10675.8,Debit Card
2022-11-10,Store_Bangalore,Home & Kitchen,CUST_1614,4,5048.74,0.0,20194.96,UPI
2022-11-10,Store_Mumbai,Groceries,CUST_3137,4,745.91,5.0,2834.46,Cash
2022-11-10,Store_Hyderabad,Home & Kitchen,CUST_3509,3,4841.42,10.0,13071.83,Debit Card
2022-11-10,Store_Bangalore,Sports,CUST_1662,5,2771.61,5.0,13165.15,UPI
2022-11-10,Store_Hyderabad,Home & Kitchen,CUST_3045,2,5430.57,20.0,8688.91,Cash
2022-11-10,Store_Hyderabad,Groceries,CUST_3405,4,790.49,0.0,3161.96,Credit Card
2022-11-11,Store_Chennai,Groceries,CUST_1122,4,697.55,10.0,2511.18,Debit Card
2022-11-11,Store_Bangalore,Groceries,CUST_3472,3,977.89,10.0,2640.3,Cash
2022-11-11,Store_Chennai,Sports,CUST_2362,1,3560.32,0.0,3560.32,Cash
2022-11-11,Store_Hyderabad,Home & Kitchen,CUST_1654,2,6515.78,5.0,12379.98,Debit Card
2022-11-11,Store_Mumbai,Home & Kitchen,CUST_2085,1,4964.98,0.0,4964.98,Credit Card
2022-11-11,Store_Hyderabad,Electronics,CUST_1715,4,14141.3,5.0,53736.94,Debit Card
2022-11-11,Store_Chennai,Home & Kitchen,CUST_3758,4,5365.31,15.0,18242.05,Cash
2022-11-12,Store_Chennai,Clothing,CUST_3778,4,2443.15,0.0,9772.6,Credit Card
2022-11-12,Store_Delhi,Groceries,CUST_2803,1,721.81,5.0,685.72,Cash
2022-11-12,Store_Bangalore,Electronics,CUST_2320,4,12351.36,5.0,46935.17,Debit Card
2022-11-12,Store_Bangalore,Home & Kitchen,CUST_1599,4,5644.76,10.0,20321.14,UPI
2022-11-12,Store_Chennai,Electronics,CUST_1686,5,16829.73,10.0,75733.78,UPI
2022-11-12,Store_Hyderabad,Electronics,CUST_2337,3,13939.99,10.0,37637.97,UPI
2022-11-13,Store_Delhi,Groceries,CUST_3988,3,752.63,0.0,2257.89,Credit Card
2022-11-13,Store_Chennai,Clothing,CUST_3525,1,2864.22,5.0,2721.01,UPI
2022-11-13,Store_Chennai,Home & Kitchen,CUST_3163,3,4311.13,0.0,12933.39,Cash
2022-11-13,Store_Delhi,Clothing,CUST_2996,5,2863.85,15.0,12171.36,Debit Card
2022-11-13,Store_Hyderabad,Groceries,CUST_3498,2,577.33,0.0,1154.66,Credit Card
2022-11-13,Store_Bangalore,Home & Kitchen,CUST_2490,2,5439.29,20.0,8702.86,Credit Card
2022-11-13,Store_Bangalore,Home & Kitchen,CUST_3703,2,4031.21,0.0,8062.42,Debit Card
2022-11-14,Store_Hyderabad,Groceries,CUST_3251,3,623.97,20.0,1497.53,Debit Card
2022-11-14,Store_Delhi,Groceries,CUST_1821,2,676.58,10.0,1217.84,Debit Card
2022-11-14,Store_Bangalore,Groceries,CUST_1095,3,884.13,20.0,2121.91,Cash
2022-11-14,Store_Chennai,Sports,CUST_1548,2,4616.82,10.0,8310.28,Debit Card
2022-11-14,Store_Bangalore,Electronics,CUST_2199,3,15678.33,0.0,47034.99,Debit Card
2022-11-14,Store_Bangalore,Groceries,CUST_3003,1,823.54,0.0,823.54,Credit Card
2022-11-14,Store_Mumbai,Home & Kitchen,CUST_3159,1,3554.84,10.0,3199.36,Debit Card
2022-11-15,Store_Mumbai,Sports,CUST_1633,4,3634.93,5.0,13812.73,Debit Card
2022-11-15,Store_Chennai,Sports,CUST_3110,3,2866.63,15.0,7309.91,Debit Card
2022-11-15,Store_Mumbai,Electronics,CUST_3348,4,16591.85,0.0,66367.4,Debit Card
2022-11-15,Store_Hyderabad,Sports,CUST_1173,3,3468.56,5.0,9885.4,Cash
2022-11-15,Store_Hyderabad,Sports,CUST_2612,5,2589.47,5.0,12299.98,Debit Card
2022-11-15,Store_Hyderabad,Home & Kitchen,CUST_2566,3,4591.47,0.0,13774.41,Credit Card
2022-11-15,Store_Chennai,Clothing,CUST_3431,3,2090.82,5.0,5958.84,Credit Card
2022-11-16,Store_Hyderabad,Sports,CUST_1031,5,4909.75,20.0,19639.0,Credit Card
2022-11-16,Store_Bangalore,Sports,CUST_1065,1,4053.97,0.0,4053.97,Cash
2022-11-16,Store_Delhi,Electronics,CUST_1584,4,19374.32,20.0,61997.82,UPI
2022-11-16,Store_Delhi,Clothing,CUST_3922,3,3073.06,10.0,8297.26,Cash
2022-11-16,Store_Bangalore,Groceries,CUST_3348,3,628.01,5.0,1789.83,Credit Card
2022-11-16,Store_Hyderabad,Clothing,CUST_2009,5,1932.44,0.0,9662.2,UPI
2022-11-16,Store_Mumbai,Groceries,CUST_1548,5,656.91,15.0,2791.87,UPI
2022-11-17,Store_Delhi,Home & Kitchen,CUST_2426,2,4184.01,0.0,8368.02,UPI
2022-11-17,Store_Mumbai,Clothing,CUST_1704,5,1873.17,0.0,9365.85,Debit Card
2022-11-17,Store_Chennai,Electronics,CUST_2715,3,16080.07,0.0,48240.21,UPI
2022-11-17,Store_Hyderabad,Home & Kitchen,CUST_3675,2,3855.45,20.0,6168.72,Debit Card
2022-11-17,Store_Delhi,Sports,CUST_1627,4,3904.63,5.0,14837.59,UPI
2022-11-17,Store_Delhi,Groceries,CUST_3950,5,833.78,10.0,3752.01,Cash
2022-11-17,Store_Bangalore,Electronics,CUST_1797,3,13651.27,0.0,40953.81,Cash
2022-11-18,Store_Bangalore,Sports,CUST_1645,5,3618.72,5.0,17188.92,Credit Card
2022-11-18,Store_Hyderabad,Groceries,CUST_3048,5,938.44,0.0,4692.2,Credit Card
2022-11-18,Store_Hyderabad,Sports,CUST_2533,1,3922.94,5.0,3726.79,UPI
2022-11-18,Store_Bangalore,Sports,CUST_1209,2,4189.27,0.0,8378.54,Debit Card
2022-11-18,Store_Mumbai,Groceries,CUST_3499,1,884.41,0.0,884.41,Debit Card
2022-11-18,Store_Delhi,Home & Kitchen,CUST_1138,1,3756.79,5.0,3568.95,UPI
2022-11-18,Store_Hyderabad,Sports,CUST_3161,4,3822.25,0.0,15289.0,Cash
2022-11-19,Store_Bangalore,Home & Kitchen,CUST_1206,3,6834.01,5.0,19476.93,Credit Card
2022-11-19,Store_Mumbai,Clothing,CUST_3272,3,2894.34,20.0,6946.42,Credit Card
2022-11-19,Store_Mumbai,Electronics,CUST_2733,1,15313.22,15.0,13016.24,Debit Card
2022-11-19,Store_Hyderabad,Groceries,CUST_3458,2,856.42,0.0,1712.84,Credit Card
2022-11-19,Store_Hyderabad,Home & Kitchen,CUST_1332,5,5681.72,15.0,24147.31,Debit Card
2022-11-19,Store_Mumbai,Groceries,CUST_1295,5,633.06,15.0,2690.5,Credit Card
2022-11-20,Store_Delhi,Electronics,CUST_1596,1,20628.5,0.0,20628.5,Cash
2022-11-20,Store_Mumbai,Sports,CUST_3750,2,3015.26,10.0,5427.47,Cash
2022-11-20,Store_Hyderabad,Groceries,CUST_3639,2,1043.83,5.0,1983.28,Cash
2022-11-20,Store_Delhi,Electronics,CUST_3366,4,17400.17,10.0,62640.61,Debit Card
2022-11-20,Store_Mumbai,Home & Kitchen,CUST_1453,2,5163.68,0.0,10327.36,Credit Card
2022-11-20,Store_Hyderabad,Clothing,CUST_1785,3,2299.54,,5863.83,UPI
2022-11-20,Store_Hyderabad,Home & Kitchen,CUST_1313,4,4373.36,0.0,17493.44,Debit Card
2022-11-21,Store_Hyderabad,Home & Kitchen,CUST_3816,4,3926.26,0.0,15705.04,UPI
2022-11-21,Store_Chennai,Clothing,CUST_1690,3,1956.27,10.0,5281.93,Credit Card
2022-11-21,Store_Chennai,Home & Kitchen,CUST_1070,3,5983.09,0.0,17949.27,Debit Card
2022-11-21,Store_Hyderabad,Clothing,CUST_1192,4,1836.68,5.0,6979.38,Cash
2022-11-21,Store_Bangalore,Home & Kitchen,CUST_1636,1,5186.05,20.0,4148.84,Credit Card
2022-11-21,Store_Delhi,Groceries,CUST_3079,5,974.38,5.0,4628.3,Cash
2022-11-21,Store_Chennai,Clothing,CUST_3712,5,2228.57,0.0,11142.85,Debit Card
2022-11-22,Store_Delhi,Sports,CUST_2393,4,3766.55,20.0,12052.96,UPI
2022-11-22,Store_Delhi,Clothing,CUST_2604,5,2098.32,5.0,9967.02,UPI
2022-11-22,Store_Hyderabad,Clothing,CUST_2390,1,2308.03,20.0,1846.42,Debit Card
2022-11-22,Store_Delhi,Groceries,CUST_2934,3,762.03,15.0,1943.18,Credit Card
2022-11-22,Store_Mumbai,Sports,CUST_1125,2,3432.38,5.0,6521.52,Cash
2022-11-22,Store_Chennai,Home & Kitchen,CUST_1876,5,6208.7,5.0,29491.32,Credit Card
2022-11-22,Store_Hyderabad,Home & Kitchen,CUST_1728,5,5871.56,5.0,27889.91,UPI
2022-11-23,Store_Bangalore,Home & Kitchen,CUST_3946,2,3769.14,15.0,6407.54,UPI
2022-11-23,Store_Chennai,Sports,CUST_1853,1,3019.12,0.0,3019.12,Debit Card
2022-11-23,Store_Delhi,Clothing,CUST_3235,1,2148.27,5.0,2040.86,Cash
2022-11-23,Store_Mumbai,Groceries,CUST_3078,4,788.33,0.0,3153.32,UPI
2022-11-23,Store_Bangalore,Sports,CUST_1480,3,3919.02,0.0,11757.06,Cash
2022-11-23,Store_Hyderabad,Sports,CUST_3902,5,3492.68,0.0,17463.4,Credit Card
2022-11-23,Store_Hyderabad,Home & Kitchen,CUST_3203,5,4780.56,0.0,23902.8,Credit Card
2022-11-24,Store_Mumbai,Home & Kitchen,CUST_2689,1,3537.05,0.0,3537.05,Debit Card
2022-11-24,Store_Hyderabad,Electronics,CUST_1766,5,19164.83,10.0,86241.74,Credit Card
2022-11-24,Store_Mumbai,Sports,CUST_2473,4,3396.34,10.0,12226.82,Credit Card
2022-11-24,Store_Chennai,Electronics,CUST_3063,4,13530.29,10.0,48709.04,Cash
2022-11-24,Store_Delhi,Groceries,CUST_1561,3,728.74,10.0,1967.6,Debit Card
2022-11-24,Store_Delhi,Electronics,CUST_2371,3,18917.51,10.0,51077.28,Cash
2022-11-24,Store_Bangalore,Groceries,CUST_1463,5,686.34,10.0,3088.53,Debit Card
2022-11-25,Store_Hyderabad,Electronics,CUST_3808,3,15510.97,5.0,44206.26,UPI
2022-11-25,Store_Mumbai,Groceries,CUST_2419,1,745.48,5.0,708.21,UPI
2022-11-25,Store_Bangalore,Electronics,CUST_2870,1,12429.59,20.0,9943.67,UPI
2022-11-25,Store_Hyderabad,Home & Kitchen,CUST_1891,4,6888.27,10.0,24797.77,Cash
2022-11-25,Store_Mumbai,Electronics,CUST_3405,3,12821.42,0.0,38464.26,Cash
2022-11-25,Store_Mumbai,Home & Kitchen,CUST_3239,4,3624.38,0.0,14497.52,Debit Card
2022-11-25,Store_Hyderabad,Clothing,CUST_1857,1,2070.27,0.0,2070.27,Debit Card
2022-11-26,Store_Hyderabad,Sports,CUST_3364,2,3794.57,10.0,6830.23,Debit Card
2022-11-26,Store_Bangalore,Sports,CUST_2613,4,4521.95,20.0,14470.24,Debit Card
2022-11-26,Store_Mumbai,Sports,CUST_2098,5,4329.09,0.0,21645.45,Debit Card
2022-11-26,Store_Delhi,Electronics,CUST_3101,2,15687.57,0.0,31375.14,UPI
2022-11-26,Store_Mumbai,Sports,CUST_3623,5,3623.31,5.0,17210.72,Credit Card
2022-11-26,Store_Bangalore,Home & Kitchen,CUST_2515,1,3804.59,5.0,3614.36,Cash
2022-11-27,Store_Mumbai,Electronics,CUST_3158,4,17352.88,5.0,65940.94,Debit Card
2022-11-27,Store_Delhi,Groceries,CUST_1987,4,756.08,10.0,2721.89,Credit Card
2022-11-27,Store_Bangalore,Sports,CUST_3196,5,3995.85,10.0,17981.32,UPI
2022-11-27,Store_Mumbai,Electronics,CUST_1908,1,12285.5,0.0,12285.5,UPI
2022-11-27,Store_Mumbai,Sports,CUST_1693,5,4237.42,0.0,21187.1,Cash
2022-11-27,Store_Chennai,Home & Kitchen,CUST_1071,1,5274.87,0.0,5274.87,Debit Card
2022-11-27,Store_Bangalore,Electronics,CUST_1677,1,16057.0,0.0,16057.0,Cash
2022-11-28,Store_Delhi,Groceries,CUST_1923,3,672.7,0.0,2018.1,Credit Card
2022-11-28,Store_Delhi,Sports,CUST_3906,4,2581.12,0.0,10324.48,Credit Card
2022-11-28,Store_Chennai,Electronics,CUST_1709,1,11857.62,0.0,11857.62,Credit Card
2022-11-28,Store_Mumbai,Home & Kitchen,CUST_2064,1,6074.25,10.0,5466.82,Cash
2022-11-28,Store_Delhi,Electronics,CUST_2065,2,16002.55,15.0,27204.34,Credit Card
2022-11-28,Store_Mumbai,Clothing,CUST_1195,3,2817.91,10.0,7608.36,Credit Card
2022-11-28,Store_Hyderabad,Electronics,CUST_3538,3,12129.22,0.0,36387.66,Cash
2022-11-29,Store_Chennai,Clothing,CUST_2492,3,2244.42,0.0,6733.26,Credit Card
2022-11-29,Store_Bangalore,Clothing,CUST_3802,1,2802.16,5.0,2662.05,Debit Card
2022-11-29,Store_Mumbai,Sports,CUST_2602,3,4266.11,,11518.5,Credit Card
2022-11-29,Store_Hyderabad,Electronics,CUST_3321,2,10866.6,0.0,21733.2,Cash
2022-11-29,Store_Hyderabad,Sports,CUST_3843,1,3401.05,20.0,2720.84,Debit Card
2022-11-29,Store_Delhi,Home & Kitchen,CUST_3792,2,4364.43,0.0,8728.86,Debit Card
2022-11-29,Store_Delhi,Electronics,CUST_1509,1,15209.39,0.0,15209.39,Debit Card
2022-11-30,Store_Hyderabad,Home & Kitchen,CUST_3966,4,4205.07,0.0,16820.28,Debit Card
2022-11-30,Store_Chennai,Clothing,CUST_1575,5,2504.84,0.0,12524.2,Debit Card
2022-11-30,Store_Chennai,Sports,CUST_3497,1,3273.91,0.0,3273.91,Cash
2022-11-30,Store_Mumbai,Home & Kitchen,CUST_1875,1,4445.56,10.0,4001.0,Credit Card
2022-11-30,Store_Hyderabad,Sports,CUST_1381,4,3829.11,0.0,15316.44,Cash
2022-11-30,Store_Delhi,Sports,CUST_1546,2,2775.43,10.0,4995.77,Debit Card
2022-11-30,Store_Bangalore,Electronics,CUST_3158,2,13225.4,0.0,26450.8,Cash
2022-12-01,Store_Chennai,Clothing,CUST_2327,3,2430.15,0.0,7290.45,UPI
2022-12-01,Store_Chennai,Electronics,CUST_3216,5,10658.99,0.0,53294.95,Cash
2022-12-01,Store_Hyderabad,Electronics,CUST_2760,5,13703.89,10.0,61667.5,Cash
2022-12-01,Store_Delhi,Sports,CUST_3604,5,3525.34,5.0,16745.37,UPI
2022-12-01,Store_Hyderabad,Groceries,CUST_3526,5,867.36,15.0,3686.28,Cash
2022-12-01,Store_Mumbai,Home & Kitchen,CUST_2750,2,5248.08,0.0,10496.16,Credit Card
2022-12-01,Store_Mumbai,Electronics,CUST_2089,5,14340.42,0.0,71702.1,Cash
2022-12-02,Store_Delhi,Clothing,CUST_2813,1,2816.06,0.0,2816.06,UPI
2022-12-02,Store_Delhi,Electronics,CUST_2141,1,19493.86,,19493.86,Credit Card
2022-12-02,Store_Mumbai,Clothing,CUST_1852,3,2023.19,5.0,5766.09,Cash
2022-12-02,Store_Chennai,Groceries,CUST_1240,1,713.21,5.0,677.55,Credit Card
2022-12-02,Store_Delhi,Clothing,CUST_2827,5,2526.0,0.0,12630.0,Credit Card
2022-12-02,Store_Hyderabad,Clothing,CUST_3649,4,3212.81,20.0,10280.99,Credit Card
2022-12-02,Store_Mumbai,Home & Kitchen,CUST_3422,4,3932.26,15.0,13369.68,Credit Card
2022-12-03,Store_Chennai,Groceries,CUST_3089,5,868.55,20.0,3474.2,Credit Card
2022-12-03,Store_Delhi,Electronics,CUST_3574,5,18656.2,10.0,83952.9,Cash
2022-12-03,Store_Delhi,Home & Kitchen,CUST_1354,1,4797.24,0.0,4797.24,Debit Card
2022-12-03,Store_Delhi,Sports,CUST_2338,1,4331.2,10.0,3898.08,Credit Card
2022-12-03,Store_Hyderabad,Electronics,CUST_2668,2,18002.34,15.0,30603.98,Debit Card
2022-12-03,Store_Hyderabad,Electronics,CUST_1274,4,11550.82,10.0,41582.95,UPI
2022-12-04,Store_Hyderabad,Home & Kitchen,CUST_3245,3,6902.57,0.0,20707.71,Debit Card
2022-12-04,Store_Bangalore,Home & Kitchen,CUST_1161,2,5144.4,20.0,8231.04,UPI
2022-12-04,Store_Delhi,Groceries,CUST_1829,3,788.18,,2128.09,Cash
2022-12-04,Store_Bangalore,Electronics,CUST_2598,1,16631.53,15.0,14136.8,UPI
2022-12-04,Store_Mumbai,Home & Kitchen,CUST_2688,5,4456.65,0.0,22283.25,Credit Card
2022-12-04,Store_Mumbai,Electronics,CUST_1239,1,15749.67,0.0,15749.67,Cash
2022-12-04,Store_Hyderabad,Clothing,CUST_1874,2,2159.66,10.0,3887.39,Credit Card
2022-12-05,Store_Hyderabad,Electronics,CUST_2816,4,16021.03,0.0,64084.12,Debit Card
2022-12-05,Store_Mumbai,Electronics,CUST_1133,4,13670.27,15.0,46478.92,Cash
2022-12-05,Store_Mumbai,Electronics,CUST_1948,4,19739.46,0.0,78957.84,Cash
2022-12-05,Store_Bangalore,Electronics,CUST_3923,2,16061.88,0.0,32123.76,Credit Card
2022-12-05,Store_Hyderabad,Groceries,CUST_2734,4,641.01,15.0,2179.43,Credit Card
2022-12-05,Store_Hyderabad,Groceries,CUST_3711,3,724.64,5.0,2065.22,Cash
2022-12-05,Store_Bangalore,Home & Kitchen,CUST_2848,2,5082.36,5.0,9656.48,Debit Card
2022-12-06,Store_Bangalore,Groceries,CUST_2639,1,930.85,0.0,930.85,Cash
2022-12-06,Store_Delhi,Groceries,CUST_2504,2,855.8,15.0,1454.86,Debit Card
2022-12-06,Store_Hyderabad,Groceries,CUST_2307,5,888.24,10.0,3997.08,Cash
2022-12-06,Store_Bangalore,Electronics,CUST_1359,3,21117.97,10.0,57018.52,UPI
2022-12-06,Store_Delhi,Sports,CUST_2198,1,3442.74,0.0,3442.74,UPI
2022-12-06,Store_Mumbai,Sports,CUST_3202,3,3661.47,5.0,10435.19,UPI
2022-12-06,Store_Chennai,Electronics,CUST_1185,2,17046.3,20.0,27274.08,Cash
2022-12-07,Store_Hyderabad,Groceries,CUST_3717,3,658.78,0.0,1976.34,Credit Card
2022-12-07,Store_Chennai,Groceries,CUST_2746,4,675.88,0.0,2703.52,UPI
2022-12-07,Store_Bangalore,Clothing,CUST_1727,5,1978.48,0.0,9892.4,Debit Card
2022-12-07,Store_Mumbai,Home & Kitchen,CUST_1332,2,4617.68,20.0,7388.29,Credit Card
2022-12-07,Store_Bangalore,Sports,CUST_1056,1,3267.76,5.0,3104.37,Credit Card
2022-12-07,Store_Mumbai,Home & Kitchen,CUST_1348,4,5010.08,0.0,20040.32,Credit Card
2022-12-07,Store_Chennai,Clothing,CUST_3233,4,2275.0,0.0,9100.0,Cash
2022-12-08,Store_Bangalore,Clothing,CUST_2819,1,1862.2,20.0,1489.76,Debit Card
2022-12-08,Store_Bangalore,Home & Kitchen,CUST_2216,1,6062.19,15.0,5152.86,UPI
2022-12-08,Store_Bangalore,Sports,CUST_3485,4,3241.89,10.0,11670.8,UPI
2022-12-08,Store_Bangalore,Clothing,CUST_3571,3,2720.57,20.0,6529.37,Cash
2022-12-08,Store_Hyderabad,Electronics,CUST_3238,2,18042.19,10.0,32475.94,UPI
2022-12-08,Store_Bangalore,Home & Kitchen,CUST_3526,2,4866.86,5.0,9247.03,Cash
2022-12-08,Store_Bangalore,Home & Kitchen,CUST_3302,4,5237.23,0.0,20948.92,Cash
2022-12-09,Store_Delhi,Sports,CUST_3653,5,4827.29,10.0,21722.8,Credit Card
2022-12-09,Store_Hyderabad,Electronics,CUST_3888,5,15797.26,5.0,75036.98,Credit Card
2022-12-09,Store_Bangalore,Electronics,CUST_1430,1,12979.88,5.0,12330.89,UPI
2022-12-09,Store_Mumbai,Sports,CUST_3897,2,4910.18,10.0,8838.32,Cash
2022-12-09,Store_Chennai,Electronics,CUST_1085,4,13385.07,0.0,53540.28,Debit Card
2022-12-09,Store_Mumbai,Electronics,CUST_3436,4,11841.68,20.0,37893.38,Debit Card
2022-12-09,Store_Hyderabad,Sports,CUST_1702,4,4337.95,10.0,15616.62,Cash
2022-12-10,Store_Hyderabad,Clothing,CUST_1554,5,3078.07,5.0,14620.83,Debit Card
2022-12-10,Store_Delhi,Electronics,CUST_1481,4,19516.73,0.0,78066.92,Debit Card
2022-12-10,Store_Delhi,Electronics,CUST_3213,4,13928.36,,55713.44,Credit Card
2022-12-10,Store_Delhi,Groceries,CUST_1776,3,983.02,0.0,2949.06,Credit Card
2022-12-10,Store_Mumbai,Home & Kitchen,CUST_3380,3,4920.87,0.0,14762.61,UPI
2022-12-10,Store_Mumbai,Electronics,CUST_2786,5,13654.66,0.0,68273.3,Debit Card
2022-12-11,Store_Hyderabad,Groceries,CUST_3027,1,622.23,5.0,591.12,Credit Card
2022-12-11,Store_Bangalore,Electronics,CUST_2298,2,16365.69,0.0,32731.38,UPI
2022-12-11,Store_Hyderabad,Sports,CUST_2446,2,3340.27,10.0,6012.49,Cash
2022-12-11,Store_Mumbai,Sports,CUST_3475,1,3045.28,15.0,2588.49,Cash
2022-12-11,Store_Chennai,Groceries,CUST_2929,5,767.97,5.0,3647.86,Debit Card
2022-12-11,Store_Hyderabad,Groceries,CUST_3924,5,929.86,10.0,4184.37,UPI
2022-12-11,Store_Chennai,Home & Kitchen,CUST_3910,5,4769.85,20.0,19079.4,Cash
2022-12-12,Store_Mumbai,Home & Kitchen,CUST_1795,4,4798.45,5.0,18234.11,Credit Card
2022-12-12,Store_Mumbai,Electronics,CUST_2233,4,13230.39,20.0,42337.25,Credit Card
2022-12-12,Store_Chennai,Sports,CUST_3158,4,2947.41,10.0,10610.68,Credit Card
2022-12-12,Store_Chennai,Clothing,CUST_1861,3,2111.57,15.0,5384.5,Cash
2022-12-12,Store_Delhi,Electronics,CUST_1083,3,17871.75,5.0,50934.49,Debit Card
2022-12-12,Store_Hyderabad,Electronics,CUST_2589,2,17749.58,0.0,35499.16,Cash
2022-12-12,Store_Bangalore,Electronics,CUST_1833,1,17198.94,0.0,17198.94,UPI
2022-12-13,Store_Hyderabad,Sports,CUST_3223,3,3381.76,20.0,8116.22,Credit Card
2022-12-13,Store_Delhi,Groceries,CUST_1848,3,595.13,20.0,1428.31,Cash
2022-12-13,Store_Chennai,Clothing,CUST_3321,4,2422.2,5.0,9204.36,Debit Card
2022-12-13,Store_Chennai,Electronics,CUST_1175,5,12745.81,5.0,60542.6,
2022-12-13,Store_Hyderabad,Groceries,CUST_2220,1,865.07,5.0,821.82,Debit Card
2022-12-13,Store_Mumbai,Electronics,CUST_3620,5,18872.58,5.0,89644.76,Debit Card
2022-12-13,Store_Bangalore,Clothing,CUST_1370,4,2393.68,5.0,9095.98,UPI
2022-12-14,Store_Bangalore,Electronics,CUST_2325,3,12330.83,10.0,33293.24,Credit Card
2022-12-14,Store_Mumbai,Clothing,CUST_1625,2,3088.76,0.0,6177.52,Cash
2022-12-14,Store_Delhi,Sports,CUST_2865,2,4597.17,0.0,9194.34,UPI
2022-12-14,Store_Mumbai,Sports,CUST_3480,3,3345.76,0.0,10037.28,Debit Card
2022-12-14,Store_Bangalore,Home & Kitchen,CUST_3467,3,4375.19,20.0,10500.46,Credit Card
2022-12-14,Store_Bangalore,Home & Kitchen,CUST_3493,4,5454.54,10.0,19636.34,Cash
2022-12-14,Store_Hyderabad,Electronics,CUST_1132,4,11837.44,10.0,42614.78,UPI
2022-12-15,Store_Delhi,Home & Kitchen,CUST_2494,2,3664.16,15.0,6229.07,Debit Card
2022-12-15,Store_Bangalore,Groceries,CUST_1049,2,706.1,20.0,1129.76,Cash
2022-12-15,Store_Hyderabad,Clothing,CUST_2015,1,2422.92,0.0,2422.92,Credit Card
2022-12-15,Store_Hyderabad,Groceries,CUST_1122,1,965.51,0.0,965.51,UPI
2022-12-15,Store_Bangalore,Sports,CUST_2308,3,4229.27,10.0,11419.03,Cash
2022-12-15,Store_Bangalore,Clothing,CUST_3934,1,2446.46,5.0,2324.14,UPI
2022-12-15,Store_Mumbai,Home & Kitchen,CUST_2134,1,4640.83,10.0,4176.75,Cash
2022-12-16,Store_Mumbai,Home & Kitchen,CUST_1745,1,5918.79,0.0,5918.79,Cash
2022-12-16,Store_Chennai,Electronics,CUST_1419,2,19067.64,0.0,38135.28,Debit Card
2022-12-16,Store_Mumbai,Sports,CUST_1679,5,3332.35,5.0,15828.66,Cash
2022-12-16,Store_Delhi,Groceries,CUST_3029,3,735.22,10.0,1985.09,Credit Card
2022-12-16,Store_Delhi,Sports,CUST_2770,4,2900.25,5.0,11020.95,UPI
2022-12-16,Store_Hyderabad,Electronics,CUST_2399,1,16518.76,5.0,15692.82,UPI
2022-12-16,Store_Mumbai,Clothing,CUST_2106,3,1821.98,20.0,4372.75,UPI
2022-12-17,Store_Bangalore,Clothing,CUST_2539,3,3061.25,0.0,9183.75,Debit Card
2022-12-17,Store_Mumbai,Home & Kitchen,CUST_3757,2,6744.43,0.0,13488.86,UPI
2022-12-17,Store_Mumbai,Groceries,CUST_1812,2,712.12,10.0,1281.82,Debit Card
2022-12-17,Store_Delhi,Home & Kitchen,CUST_1668,1,5539.45,0.0,5539.45,Debit Card
2022-12-17,Store_Bangalore,Sports,CUST_1102,5,3070.05,0.0,15350.25,Cash
2022-12-17,Store_Chennai,Sports,CUST_3235,5,3100.19,10.0,13950.86,UPI
2022-12-18,Store_Bangalore,Groceries,CUST_2849,4,953.94,10.0,3434.18,Debit Card
2022-12-18,Store_Delhi,Sports,CUST_1003,1,3535.99,0.0,3535.99,UPI
2022-12-18,Store_Mumbai,Sports,CUST_1534,4,3395.66,0.0,13582.64,UPI
2022-12-18,Store_Delhi,Home & Kitchen,CUST_1869,1,4564.15,0.0,4564.15,Debit Card
2022-12-18,Store_Delhi,Sports,CUST_1218,5,3684.24,0.0,18421.2,Cash
2022-12-18,Store_Delhi,Groceries,CUST_2105,4,712.14,0.0,2848.56,Cash
2022-12-18,Store_Bangalore,Sports,CUST_1015,4,3946.71,10.0,14208.16,Credit Card
2022-12-19,Store_Delhi,Sports,CUST_3789,3,2742.44,5.0,7815.95,UPI
2022-12-19,Store_Mumbai,Sports,CUST_3971,5,3898.91,0.0,19494.55,Cash
2022-12-19,Store_Bangalore,Groceries,CUST_3267,2,578.86,0.0,1157.72,Debit Card
2022-12-19,Store_Bangalore,Clothing,CUST_1491,5,2810.51,0.0,14052.55,Cash
2022-12-19,Store_Delhi,Home & Kitchen,CUST_3575,1,4791.78,10.0,4312.6,UPI
2022-12-19,Store_Mumbai,Clothing,CUST_1149,5,2570.6,0.0,12853.0,Cash
2022-12-19,Store_Bangalore,Electronics,CUST_3645,5,15829.04,10.0,71230.68,Debit Card
2022-12-20,Store_Delhi,Sports,CUST_3473,3,2843.04,15.0,7249.75,Debit Card
2022-12-20,Store_Hyderabad,Groceries,CUST_1322,1,952.08,20.0,761.66,Cash
2022-12-20,Store_Mumbai,Clothing,CUST_3794,5,2721.85,5.0,12928.79,Credit Card
2022-12-20,Store_Hyderabad,Home & Kitchen,CUST_1557,1,5545.34,0.0,5545.34,UPI
2022-12-20,Store_Bangalore,Electronics,CUST_2702,5,19343.53,0.0,96717.65,UPI
2022-12-20,Store_Hyderabad,Clothing,CUST_3690,1,2707.27,10.0,2436.54,Credit Card
2022-12-20,Store_Delhi,Clothing,CUST_2809,4,2739.29,0.0,10957.16,Credit Card
2022-12-21,Store_Hyderabad,Home & Kitchen,CUST_1088,2,4201.79,0.0,8403.58,Cash
2022-12-21,Store_Chennai,Groceries,CUST_1037,3,750.39,20.0,1800.94,UPI
2022-12-21,Store_Bangalore,Clothing,CUST_2560,1,1987.07,0.0,1987.07,Debit Card
2022-12-21,Store_Chennai,Clothing,CUST_2084,2,1753.96,0.0,3507.92,UPI
2022-12-21,Store_Bangalore,Electronics,CUST_3194,2,11471.07,0.0,22942.14,UPI
2022-12-21,Store_Mumbai,Clothing,CUST_1805,2,2731.06,5.0,5189.01,Debit Card
2022-12-21,Store_Bangalore,Groceries,CUST_3080,5,638.61,0.0,3193.05,UPI
2022-12-22,Store_Delhi,Sports,CUST_1891,5,4144.69,10.0,18651.1,Debit Card
2022-12-22,Store_Hyderabad,Groceries,CUST_2597,2,1088.9,5.0,2068.91,Credit Card
2022-12-22,Store_Mumbai,Groceries,CUST_3076,4,732.32,5.0,2782.82,Cash
2022-12-22,Store_Delhi,Clothing,CUST_2315,3,2830.0,5.0,8065.5,Credit Card
2022-12-22,Store_Mumbai,Electronics,CUST_2432,4,21571.76,0.0,86287.04,Credit Card
2022-12-22,Store_Mumbai,Electronics,CUST_1743,1,13588.41,0.0,13588.41,Credit Card
2022-12-22,Store_Mumbai,Electronics,CUST_2648,1,18929.27,10.0,17036.34,Credit Card
2022-12-23,Store_Delhi,Sports,CUST_1841,2,3049.0,5.0,5793.1,Credit Card
2022-12-23,Store_Bangalore,Groceries,CUST_1391,5,729.55,5.0,3465.36,Credit Card
2022-12-23,Store_Hyderabad,Electronics,CUST_3897,1,16561.8,20.0,13249.44,Credit Card
2022-12-23,Store_Delhi,Clothing,CUST_2622,4,2456.11,0.0,9824.44,UPI
2022-12-23,Store_Hyderabad,Electronics,CUST_2674,4,17361.0,0.0,69444.0,UPI
2022-12-23,Store_Bangalore,Groceries,CUST_2788,2,674.8,15.0,1147.16,Debit Card
2022-12-23,Store_Delhi,Sports,CUST_1982,1,3391.97,5.0,3222.37,Credit Card
2022-12-24,Store_Mumbai,Home & Kitchen,CUST_2739,2,3955.02,5.0,7514.54,UPI
2022-12-24,Store_Mumbai,Electronics,CUST_3984,4,16486.02,20.0,52755.26,Credit Card
2022-12-24,Store_Hyderabad,Groceries,CUST_1114,5,698.43,10.0,3142.94,Debit Card
2022-12-24,Store_Bangalore,Sports,CUST_1767,1,2911.88,10.0,2620.69,Cash
2022-12-24,Store_Hyderabad,Home & Kitchen,CUST_2517,1,4330.02,0.0,4330.02,Credit Card
2022-12-24,Store_Bangalore,Electronics,CUST_2515,5,15109.5,15.0,64215.38,Debit Card
2022-12-25,Store_Hyderabad,Home & Kitchen,CUST_2861,4,5691.54,10.0,20489.54,Debit Card
2022-12-25,Store_Bangalore,Electronics,CUST_1729,1,13937.29,20.0,11149.83,UPI
2022-12-25,Store_Chennai,Clothing,CUST_2520,4,3179.51,20.0,10174.43,Debit Card
2022-12-25,Store_Mumbai,Electronics,CUST_1882,4,14142.4,10.0,50912.64,Debit Card
2022-12-25,Store_Hyderabad,Clothing,CUST_2459,1,1968.86,5.0,1870.42,UPI
2022-12-25,Store_Bangalore,Groceries,CUST_3768,5,748.4,0.0,3742.0,Cash
2022-12-25,Store_Delhi,Clothing,CUST_1042,1,2248.25,,2248.25,Debit Card
2022-12-26,Store_Bangalore,Groceries,CUST_2135,3,842.42,20.0,2021.81,Cash
2022-12-26,Store_Hyderabad,Groceries,CUST_1311,5,696.0,15.0,2958.0,UPI
2022-12-26,Store_Bangalore,Groceries,CUST_3007,5,760.2,0.0,3801.0,Cash
2022-12-26,Store_Delhi,Home & Kitchen,CUST_1885,3,5707.59,0.0,17122.77,Cash
2022-12-26,Store_Bangalore,Clothing,CUST_1825,2,2925.88,0.0,5851.76,UPI
2022-12-26,Store_Delhi,Home & Kitchen,CUST_2903,4,4166.58,0.0,16666.32,Credit Card
2022-12-26,Store_Chennai,Electronics,CUST_3710,2,15383.61,0.0,30767.22,Credit Card
2022-12-27,Store_Bangalore,Home & Kitchen,CUST_1825,5,4903.85,0.0,24519.25,Credit Card
2022-12-27,Store_Delhi,Electronics,CUST_2458,4,17715.08,5.0,67317.3,UPI
2022-12-27,Store_Bangalore,Clothing,CUST_1328,3,3202.52,0.0,9607.56,Debit Card
2022-12-27,Store_Hyderabad,Sports,CUST_1698,3,2879.95,20.0,6911.88,UPI
2022-12-27,Store_Bangalore,Clothing,CUST_3703,1,2563.81,,2307.43,Debit Card
2022-12-27,Store_Delhi,Groceries,CUST_1848,1,824.56,0.0,824.56,UPI
2022-12-27,Store_Hyderabad,Sports,CUST_1789,4,2578.63,5.0,9798.79,Cash
2022-12-28,Store_Delhi,Groceries,CUST_1326,1,729.73,20.0,583.78,UPI
2022-12-28,Store_Hyderabad,Clothing,CUST_2194,4,2339.19,0.0,9356.76,UPI
2022-12-28,Store_Hyderabad,Sports,CUST_3887,1,4133.56,0.0,4133.56,Cash
2022-12-28,Store_Chennai,Clothing,CUST_2802,1,2019.67,0.0,2019.67,Cash
2022-12-28,Store_Delhi,Electronics,CUST_3957,5,13606.42,0.0,68032.1,Debit Card
2022-12-28,Store_Delhi,Groceries,CUST_1201,2,908.15,0.0,1816.3,Credit Card
2022-12-28,Store_Chennai,Clothing,CUST_2267,5,2130.15,0.0,10650.75,Debit Card
2022-12-29,Store_Delhi,Home & Kitchen,CUST_3107,2,4999.01,0.0,9998.02,Debit Card
2022-12-29,Store_Chennai,Groceries,CUST_2678,5,678.93,20.0,2715.72,Debit Card
2022-12-29,Store_Delhi,Clothing,CUST_2830,2,2433.31,5.0,4623.29,UPI
2022-12-29,Store_Chennai,Home & Kitchen,CUST_3257,1,6378.97,5.0,6060.02,Debit Card
2022-12-29,Store_Mumbai,Electronics,CUST_3056,3,12651.31,15.0,32260.84,Cash
2022-12-29,Store_Delhi,Clothing,CUST_1102,1,2409.28,5.0,2288.82,UPI
2022-12-29,Store_Mumbai,Sports,CUST_3167,4,2827.57,15.0,9613.74,Cash
2022-12-30,Store_Mumbai,Sports,CUST_1229,4,3152.17,0.0,12608.68,Credit Card
2022-12-30,Store_Bangalore,Clothing,CUST_2175,4,2387.63,20.0,7640.42,Debit Card
2022-12-30,Store_Hyderabad,Home & Kitchen,CUST_2254,3,4474.05,5.0,12751.04,Debit Card
2022-12-30,Store_Chennai,Sports,CUST_1743,4,3990.14,10.0,14364.5,Credit Card
2022-12-30,Store_Hyderabad,Clothing,CUST_2774,3,1762.49,0.0,5287.47,Credit Card
2022-12-30,Store_Hyderabad,Clothing,CUST_1025,4,2368.12,5.0,8998.86,UPI
2022-12-30,Store_Chennai,Clothing,CUST_2702,4,2198.14,0.0,8792.56,Debit Card
2022-12-31,Store_Hyderabad,Electronics,CUST_1583,1,12518.32,0.0,12518.32,Cash
2022-12-31,Store_Hyderabad,Clothing,CUST_2683,3,2728.44,0.0,8185.32,Debit Card
2022-12-31,Store_Chennai,Clothing,CUST_3659,1,1821.09,15.0,1547.93,Debit Card
2022-12-31,Store_Hyderabad,Groceries,CUST_2411,1,582.29,10.0,524.06,Credit Card
2022-12-31,Store_Mumbai,Home & Kitchen,CUST_2402,3,5232.48,10.0,14127.7,Credit Card
2022-12-31,Store_Hyderabad,Home & Kitchen,CUST_3025,5,5828.92,15.0,24772.91,Credit Card
2023-01-01,Store_Mumbai,Clothing,CUST_1759,3,1669.08,5.0,4756.88,UPI
2023-01-01,Store_Mumbai,Home & Kitchen,CUST_2263,5,4307.6,0.0,21538.0,UPI
2023-01-01,Store_Bangalore,Groceries,CUST_1391,1,727.56,10.0,654.8,UPI
2023-01-01,Store_Bangalore,Groceries,CUST_1105,4,536.05,10.0,1929.78,Debit Card
2023-01-01,Store_Chennai,Electronics,CUST_2084,2,12507.25,20.0,20011.6,UPI
2023-01-01,Store_Bangalore,Clothing,CUST_1454,1,1735.18,10.0,1561.66,Cash
2023-01-01,Store_Bangalore,Groceries,CUST_3074,2,550.39,0.0,1100.78,UPI
2023-01-02,Store_Bangalore,Electronics,CUST_1795,5,12469.75,10.0,56113.88,Cash
2023-01-02,Store_Chennai,Home & Kitchen,CUST_2398,3,4756.81,0.0,14270.43,Cash
2023-01-02,Store_Chennai,Groceries,CUST_3327,2,631.1,20.0,1009.76,Credit Card
2023-01-02,Store_Bangalore,Electronics,CUST_2580,1,11473.52,0.0,11473.52,Debit Card
2023-01-02,Store_Mumbai,Electronics,CUST_3418,2,11889.77,10.0,21401.59,Credit Card
2023-01-02,Store_Chennai,Home & Kitchen,CUST_2573,3,3807.61,5.0,10851.69,Cash
2023-01-02,Store_Mumbai,Home & Kitchen,CUST_3876,3,3375.75,0.0,10127.25,UPI
2023-01-03,Store_Mumbai,Home & Kitchen,CUST_3367,1,3515.13,15.0,2987.86,Credit Card
2023-01-03,Store_Mumbai,Sports,CUST_3940,2,2911.38,15.0,4949.35,Debit Card
2023-01-03,Store_Bangalore,Sports,CUST_3947,5,2786.89,10.0,12541.0,Credit Card
2023-01-03,Store_Chennai,Electronics,CUST_3354,4,10461.07,0.0,41844.28,UPI
2023-01-03,Store_Chennai,Clothing,CUST_2407,3,1875.06,5.0,5343.92,Debit Card
2023-01-03,Store_Chennai,Electronics,CUST_1022,2,15470.6,10.0,27847.08,Debit Card
2023-01-03,Store_Hyderabad,Clothing,CUST_2606,2,1717.79,5.0,3263.8,Debit Card
2023-01-04,Store_Hyderabad,Home & Kitchen,CUST_1429,1,3611.06,15.0,3069.4,Credit Card
2023-01-04,Store_Bangalore,Clothing,CUST_1858,2,1809.04,0.0,3618.08,Debit Card
2023-01-04,Store_Bangalore,Clothing,CUST_1437,1,1503.7,5.0,1428.52,Credit Card
2023-01-04,Store_Chennai,Electronics,CUST_2453,2,16011.62,10.0,28820.92,Debit Card
2023-01-04,Store_Delhi,Groceries,CUST_2861,4,602.13,20.0,1926.82,Credit Card
2023-01-04,Store_Chennai,Electronics,CUST_1187,3,10688.83,10.0,28859.84,Cash
2023-01-04,Store_Delhi,Sports,CUST_2308,1,3028.5,0.0,3028.5,Debit Card
2023-01-05,Store_Mumbai,Sports,CUST_1780,5,3156.46,20.0,12625.84,Cash
2023-01-05,Store_Hyderabad,Clothing,CUST_2269,2,2032.36,10.0,3658.25,Credit Card
2023-01-05,Store_Bangalore,Groceries,CUST_1684,2,602.61,10.0,1084.7,Cash
2023-01-05,Store_Chennai,Groceries,CUST_1612,3,656.68,0.0,1970.04,Debit Card
2023-01-05,Store_Hyderabad,Sports,CUST_1708,3,2350.93,20.0,5642.23,UPI
2023-01-05,Store_Bangalore,Electronics,CUST_2594,2,11187.64,10.0,20137.75,UPI
2023-01-05,Store_Mumbai,Groceries,CUST_1338,3,572.78,20.0,1374.67,Credit Card
2023-01-06,Store_Hyderabad,Home & Kitchen,CUST_1618,4,3453.35,10.0,12432.06,UPI
2023-01-06,Store_Hyderabad,Home & Kitchen,CUST_1611,5,4364.41,20.0,17457.64,Credit Card
2023-01-06,Store_Mumbai,Sports,CUST_2051,2,2329.99,0.0,4659.98,Debit Card
2023-01-06,Store_Hyderabad,Electronics,CUST_1315,2,10793.54,10.0,19428.37,UPI
2023-01-06,Store_Bangalore,Sports,CUST_2221,4,2990.08,10.0,10764.29,UPI
2023-01-06,Store_Chennai,Home & Kitchen,CUST_3352,5,4575.42,5.0,21733.24,Cash
2023-01-06,Store_Chennai,Electronics,CUST_3299,4,13257.8,0.0,53031.2,Cash
2023-01-07,Store_Hyderabad,Home & Kitchen,CUST_1643,5,2763.45,10.0,12435.52,Credit Card
2023-01-07,Store_Hyderabad,Home & Kitchen,CUST_2307,3,4541.72,0.0,13625.16,Credit Card
2023-01-07,Store_Delhi,Home & Kitchen,CUST_3587,1,4805.04,15.0,4084.28,Cash
2023-01-07,Store_Delhi,Electronics,CUST_2368,1,11891.42,10.0,10702.28,Cash
2023-01-07,Store_Hyderabad,Electronics,CUST_1728,1,10802.81,0.0,10802.81,UPI
2023-01-07,Store_Delhi,Clothing,CUST_2590,2,1781.21,15.0,3028.06,Credit Card
2023-01-08,Store_Delhi,Groceries,CUST_1923,4,535.07,5.0,2033.27,Debit Card
2023-01-08,Store_Bangalore,Clothing,CUST_3972,1,1625.04,15.0,1381.28,Debit Card
2023-01-08,Store_Chennai,Electronics,CUST_1281,3,10203.17,10.0,27548.56,UPI
2023-01-08,Store_Mumbai,Clothing,CUST_2683,5,2225.86,10.0,10016.37,Cash
2023-01-08,Store_Chennai,Clothing,CUST_1711,1,2082.22,0.0,2082.22,Cash
2023-01-08,Store_Chennai,Sports,CUST_3068,2,2987.86,5.0,5676.93,Credit Card
2023-01-08,Store_Delhi,Home & Kitchen,CUST_2098,4,4526.48,0.0,18105.92,Debit Card
2023-01-09,Store_Hyderabad,Sports,CUST_2633,3,3196.16,0.0,9588.48,Credit Card
2023-01-09,Store_Bangalore,Clothing,CUST_2495,2,1895.46,0.0,3790.92,Debit Card
2023-01-09,Store_Chennai,Clothing,CUST_2239,3,1498.65,0.0,4495.95,UPI
2023-01-09,Store_Mumbai,Electronics,CUST_1917,2,12064.84,5.0,22923.2,Credit Card
2023-01-09,Store_Mumbai,Clothing,CUST_2887,4,1660.16,10.0,5976.58,Credit Card
2023-01-09,Store_Bangalore,Sports,CUST_2806,5,3079.32,15.0,13087.11,UPI
2023-01-09,Store_Bangalore,Clothing,CUST_1029,4,1850.69,0.0,7402.76,Cash
2023-01-10,Store_Mumbai,Groceries,CUST_3475,5,503.15,10.0,2264.18,Debit Card
2023-01-10,Store_Chennai,Groceries,CUST_1570,5,436.44,5.0,2073.09,Cash
2023-01-10,Store_Mumbai,Groceries,CUST_3057,1,603.83,0.0,603.83,UPI
2023-01-10,Store_Mumbai,Home & Kitchen,CUST_3457,2,3444.28,15.0,5855.28,UPI
2023-01-10,Store_Delhi,Clothing,CUST_2264,1,1800.18,0.0,1800.18,Credit Card
2023-01-10,Store_Mumbai,Home & Kitchen,CUST_3309,2,4235.47,0.0,8470.94,Credit Card
2023-01-10,Store_Bangalore,Home & Kitchen,CUST_3355,4,4023.62,15.0,13680.31,UPI
2023-01-11,Store_Chennai,Electronics,CUST_2423,3,11507.08,5.0,32795.18,UPI
2023-01-11,Store_Mumbai,Home & Kitchen,CUST_2523,4,3749.44,10.0,13497.98,Debit Card
2023-01-11,Store_Bangalore,Clothing,CUST_1633,5,2083.73,0.0,10418.65,Debit Card
2023-01-11,Store_Mumbai,Electronics,CUST_2562,4,13603.41,15.0,46251.59,UPI
2023-01-11,Store_Chennai,Sports,CUST_3932,2,2749.94,0.0,5499.88,Credit Card
2023-01-11,Store_Mumbai,Groceries,CUST_2320,5,693.65,5.0,3294.84,Debit Card
2023-01-11,Store_Mumbai,Electronics,CUST_3215,4,10560.17,5.0,40128.65,Cash
2023-01-12,Store_Delhi,Home & Kitchen,CUST_3270,1,3133.64,20.0,2506.91,Cash
2023-01-12,Store_Mumbai,Groceries,CUST_2018,1,762.61,15.0,648.22,UPI
2023-01-12,Store_Mumbai,Electronics,CUST_1988,1,14542.39,0.0,14542.39,Debit Card
2023-01-12,Store_Chennai,Home & Kitchen,CUST_3505,5,4318.79,10.0,19434.56,Cash
2023-01-12,Store_Delhi,Home & Kitchen,CUST_1076,5,3422.1,5.0,16254.97,Cash
2023-01-12,Store_Bangalore,Groceries,CUST_3737,5,733.23,0.0,3666.15,UPI
2023-01-12,Store_Bangalore,Sports,CUST_3156,3,2169.69,15.0,5532.71,Debit Card
2023-01-13,Store_Mumbai,Groceries,CUST_2423,4,619.34,0.0,2477.36,Debit Card
2023-01-13,Store_Hyderabad,Clothing,CUST_1072,4,1441.85,0.0,5767.4,Credit Card
2023-01-13,Store_Chennai,Home & Kitchen,CUST_3882,5,2928.98,5.0,13912.66,Credit Card
2023-01-13,Store_Delhi,Sports,CUST_1134,4,3010.26,5.0,11438.99,Debit Card
2023-01-13,Store_Chennai,Groceries,CUST_3461,4,680.29,0.0,2721.16,UPI
2023-01-13,Store_Bangalore,Sports,CUST_3596,1,2520.52,0.0,2520.52,Cash
2023-01-13,Store_Chennai,Groceries,CUST_1386,4,699.01,10.0,2516.44,Cash
2023-01-14,Store_Bangalore,Sports,CUST_1602,3,3047.76,10.0,8228.95,Credit Card
2023-01-14,Store_Delhi,Groceries,CUST_1649,4,607.36,5.0,2307.97,Debit Card
2023-01-14,Store_Chennai,Clothing,CUST_2842,1,1397.64,5.0,1327.76,Credit Card
2023-01-14,Store_Delhi,Groceries,CUST_2356,2,457.31,0.0,914.62,Cash
2023-01-14,Store_Hyderabad,Groceries,CUST_2074,3,598.6,15.0,1526.43,UPI
2023-01-14,Store_Hyderabad,Home & Kitchen,CUST_3162,4,3228.96,20.0,10332.67,Cash
2023-01-15,Store_Chennai,Sports,CUST_3637,1,2508.11,0.0,2508.11,Cash
2023-01-15,Store_Hyderabad,Home & Kitchen,CUST_1976,2,4829.86,0.0,9659.72,UPI
2023-01-15,Store_Delhi,Home & Kitchen,CUST_3304,4,3169.84,5.0,12045.39,Cash
2023-01-15,Store_Mumbai,Clothing,CUST_3038,1,1768.96,10.0,1592.06,Credit Card
2023-01-15,Store_Chennai,Groceries,CUST_2078,2,567.39,10.0,1021.3,Debit Card
2023-01-15,Store_Mumbai,Home & Kitchen,CUST_2506,1,3628.81,0.0,3628.81,Cash
2023-01-15,Store_Hyderabad,Groceries,CUST_1526,2,514.33,10.0,925.79,Credit Card
2023-01-16,Store_Bangalore,Groceries,CUST_3673,3,460.83,10.0,1244.24,UPI
2023-01-16,Store_Hyderabad,Electronics,CUST_1093,5,9431.64,5.0,44800.29,Credit Card
2023-01-16,Store_Chennai,Sports,CUST_2445,4,3470.78,0.0,13883.12,UPI
2023-01-16,Store_Hyderabad,Groceries,CUST_1446,5,553.91,15.0,2354.12,UPI
2023-01-16,Store_Bangalore,Home & Kitchen,CUST_3022,4,3987.23,15.0,13556.58,Credit Card
2023-01-16,Store_Bangalore,Home & Kitchen,CUST_1928,3,3628.09,15.0,9251.63,Credit Card
2023-01-16,Store_Hyderabad,Clothing,CUST_1360,3,1788.31,10.0,4828.44,Cash
2023-01-17,Store_Bangalore,Home & Kitchen,CUST_1262,4,3488.22,10.0,12557.59,Credit Card
2023-01-17,Store_Hyderabad,Clothing,CUST_3399,2,1801.0,5.0,3421.9,Credit Card
2023-01-17,Store_Hyderabad,Electronics,CUST_3523,5,11288.76,5.0,53621.61,UPI
2023-01-17,Store_Hyderabad,Sports,CUST_1197,3,2550.89,0.0,7652.67,Cash
2023-01-17,Store_Delhi,Home & Kitchen,CUST_2041,4,3769.49,10.0,13570.16,Cash
2023-01-17,Store_Mumbai,Groceries,CUST_1446,3,439.85,10.0,1187.6,Cash
2023-01-17,Store_Hyderabad,Electronics,CUST_3582,1,12449.69,10.0,11204.72,Debit Card
2023-01-18,Store_Delhi,Home & Kitchen,CUST_3658,5,3089.51,0.0,15447.55,Cash
2023-01-18,Store_Delhi,Electronics,CUST_2216,2,12292.86,5.0,23356.43,Cash
2023-01-18,Store_Hyderabad,Home & Kitchen,CUST_2413,2,3571.55,0.0,7143.1,Debit Card
2023-01-18,Store_Hyderabad,Sports,CUST_2940,3,2905.26,0.0,8715.78,UPI
2023-01-18,Store_Hyderabad,Electronics,CUST_3337,3,8600.98,0.0,25802.94,Debit Card
2023-01-18,Store_Delhi,Clothing,CUST_3413,1,1503.24,0.0,1503.24,Credit Card
2023-01-18,Store_Hyderabad,Clothing,CUST_1923,1,1688.39,20.0,1350.71,Debit Card
2023-01-19,Store_Mumbai,Electronics,CUST_2665,2,11090.42,,22180.84,Debit Card
2023-01-19,Store_Bangalore,Groceries,CUST_3290,4,733.31,15.0,2493.25,Debit Card
2023-01-19,Store_Delhi,Electronics,CUST_3518,2,10331.54,0.0,20663.08,Debit Card
2023-01-19,Store_Hyderabad,Groceries,CUST_1898,2,717.88,10.0,1292.18,Cash
2023-01-19,Store_Bangalore,Home & Kitchen,CUST_1482,4,3422.46,0.0,13689.84,UPI
2023-01-19,Store_Chennai,Electronics,CUST_1159,4,14143.39,0.0,56573.56,Cash
2023-01-19,Store_Mumbai,Home & Kitchen,CUST_1557,2,3067.6,20.0,4908.16,Cash
2023-01-20,Store_Hyderabad,Electronics,CUST_1446,5,13399.56,20.0,53598.24,UPI
2023-01-20,Store_Hyderabad,Groceries,CUST_2149,3,590.75,10.0,1595.02,Debit Card
2023-01-20,Store_Chennai,Electronics,CUST_2935,2,11835.47,0.0,23670.94,Debit Card
2023-01-20,Store_Mumbai,Electronics,CUST_3422,5,9714.69,5.0,46144.78,UPI
2023-01-20,Store_Hyderabad,Electronics,CUST_3875,5,12091.55,0.0,60457.75,UPI
2023-01-20,Store_Chennai,Electronics,CUST_3822,5,10936.0,5.0,51946.0,Debit Card
2023-01-20,Store_Chennai,Sports,CUST_1685,3,2937.45,0.0,8812.35,Debit Card
2023-01-21,Store_Delhi,Groceries,CUST_3396,1,466.81,0.0,466.81,UPI
2023-01-21,Store_Delhi,Groceries,CUST_3305,1,689.92,0.0,689.92,Cash
2023-01-21,Store_Mumbai,Electronics,CUST_1598,1,9684.06,0.0,9684.06,Debit Card
2023-01-21,Store_Mumbai,Home & Kitchen,CUST_2154,3,3901.59,5.0,11119.53,Credit Card
2023-01-21,Store_Delhi,Electronics,CUST_2465,2,14959.63,0.0,29919.26,Credit Card
2023-01-21,Store_Mumbai,Home & Kitchen,CUST_2028,1,3533.79,10.0,3180.41,Cash
2023-01-22,Store_Mumbai,Sports,CUST_2585,2,2553.73,0.0,5107.46,Cash
2023-01-22,Store_Mumbai,Clothing,CUST_2872,2,1911.38,0.0,3822.76,UPI
2023-01-22,Store_Chennai,Clothing,CUST_2595,3,2081.87,10.0,5621.05,Credit Card
2023-01-22,Store_Bangalore,Electronics,CUST_3848,1,12333.05,5.0,11716.4,Credit Card
2023-01-22,Store_Chennai,Electronics,CUST_3207,1,11111.86,0.0,11111.86,UPI
2023-01-22,Store_Delhi,Clothing,CUST_1582,4,2007.11,15.0,6824.17,Cash
2023-01-22,Store_Hyderabad,Clothing,CUST_2703,5,1946.64,0.0,9733.2,UPI
2023-01-23,Store_Chennai,Home & Kitchen,CUST_1835,1,4494.47,20.0,3595.58,Credit Card
2023-01-23,Store_Mumbai,Home & Kitchen,CUST_1131,1,4438.93,20.0,3551.14,Debit Card
2023-01-23,Store_Bangalore,Electronics,CUST_2801,1,9998.52,10.0,8998.67,UPI
2023-01-23,Store_Hyderabad,Clothing,CUST_3959,1,1967.03,0.0,1967.03,Cash
2023-01-23,Store_Delhi,Sports,CUST_2493,5,2784.36,20.0,11137.44,Cash
2023-01-23,Store_Delhi,Electronics,CUST_3435,1,13709.54,5.0,13024.06,Cash
2023-01-23,Store_Mumbai,Clothing,CUST_3978,4,1678.38,10.0,6042.17,Credit Card
2023-01-24,Store_Bangalore,Electronics,CUST_1830,5,10296.37,0.0,51481.85,Cash
2023-01-24,Store_Mumbai,Groceries,CUST_1969,5,606.83,10.0,2730.74,Cash
2023-01-24,Store_Bangalore,Groceries,CUST_2809,5,592.72,20.0,2370.88,Debit Card
2023-01-24,Store_Delhi,Clothing,CUST_3155,2,1918.36,0.0,3836.72,Cash
2023-01-24,Store_Mumbai,Home & Kitchen,CUST_1968,2,4629.55,5.0,8796.14,Debit Card
2023-01-24,Store_Delhi,Sports,CUST_3769,2,2323.23,0.0,4646.46,UPI
2023-01-24,Store_Chennai,Sports,CUST_3091,3,2155.56,0.0,6466.68,UPI
2023-01-25,Store_Bangalore,Groceries,CUST_1710,4,622.9,20.0,1993.28,Cash
2023-01-25,Store_Bangalore,Clothing,CUST_1875,1,1677.78,0.0,1677.78,
2023-01-25,Store_Hyderabad,Clothing,CUST_1718,3,1839.95,15.0,4691.87,UPI
2023-01-25,Store_Bangalore,Sports,CUST_2176,4,2783.66,10.0,10021.18,Debit Card
2023-01-25,Store_Hyderabad,Sports,CUST_2172,1,2591.45,5.0,2461.88,Debit Card
2023-01-25,Store_Chennai,Groceries,CUST_2604,2,588.9,5.0,1118.91,Credit Card
2023-01-25,Store_Hyderabad,Clothing,CUST_2243,4,2250.85,5.0,8553.23,Debit Card
2023-01-26,Store_Delhi,Clothing,CUST_2177,1,1617.55,15.0,1374.92,UPI
2023-01-26,Store_Chennai,Electronics,CUST_3313,5,10595.52,5.0,50328.72,Debit Card
2023-01-26,Store_Delhi,Groceries,CUST_1646,3,561.14,15.0,1430.91,UPI
2023-01-26,Store_Bangalore,Groceries,CUST_2034,2,524.87,0.0,1049.74,Cash
2023-01-26,Store_Hyderabad,Clothing,CUST_1830,4,1673.73,5.0,6360.17,Cash
2023-01-26,Store_Delhi,Sports,CUST_2408,4,3211.2,0.0,12844.8,Debit Card
2023-01-26,Store_Delhi,Electronics,CUST_1693,3,12835.74,0.0,38507.22,Debit Card
2023-01-27,Store_Mumbai,Home & Kitchen,CUST_3538,4,3098.95,10.0,11156.22,UPI
2023-01-27,Store_Bangalore,Electronics,CUST_3479,4,15101.74,10.0,54366.26,Debit Card
2023-01-27,Store_Mumbai,Home & Kitchen,CUST_3228,4,3517.99,5.0,13368.36,Credit Card
2023-01-27,Store_Bangalore,Groceries,CUST_3529,1,590.75,,590.75,Debit Card
2023-01-27,Store_Delhi,Sports,CUST_3919,3,2609.99,0.0,7829.97,Credit Card
2023-01-27,Store_Mumbai,Groceries,CUST_2779,5,714.12,0.0,3570.6,Credit Card
2023-01-27,Store_Delhi,Electronics,CUST_1128,1,11788.49,5.0,11199.07,Credit Card
2023-01-28,Store_Bangalore,Clothing,CUST_1743,3,1337.62,0.0,4012.86,Debit Card
2023-01-28,Store_Chennai,Home & Kitchen,CUST_2315,1,3824.6,5.0,3633.37,Cash
2023-01-28,Store_Chennai,Electronics,CUST_1681,3,12142.1,0.0,36426.3,Debit Card
2023-01-28,Store_Chennai,Clothing,CUST_3617,2,1497.56,20.0,2396.1,Debit Card
2023-01-28,Store_Hyderabad,Sports,CUST_1845,1,3152.47,20.0,2521.98,Cash
2023-01-28,Store_Delhi,Groceries,CUST_1963,5,480.29,5.0,2281.38,UPI
2023-01-29,Store_Bangalore,Electronics,CUST_3672,1,12651.64,5.0,12019.06,Credit Card
2023-01-29,Store_Bangalore,Groceries,CUST_1346,4,500.19,10.0,1800.68,Debit Card
2023-01-29,Store_Mumbai,Sports,CUST_2685,2,3087.95,0.0,6175.9,Cash
2023-01-29,Store_Bangalore,Sports,CUST_2500,4,2635.09,20.0,8432.29,UPI
2023-01-29,Store_Chennai,Home & Kitchen,CUST_1755,4,4386.34,10.0,15790.82,Credit Card
2023-01-29,Store_Hyderabad,Clothing,CUST_2261,5,1729.03,5.0,8212.89,UPI
2023-01-29,Store_Mumbai,Clothing,CUST_3209,2,1478.22,10.0,2660.8,Debit Card
2023-01-30,Store_Delhi,Sports,CUST_1472,5,2638.97,0.0,13194.85,Cash
2023-01-30,Store_Hyderabad,Home & Kitchen,CUST_2698,3,3563.24,0.0,10689.72,Cash
2023-01-30,Store_Delhi,Electronics,CUST_1937,3,9864.6,20.0,23675.04,Credit Card
2023-01-30,Store_Bangalore,Home & Kitchen,CUST_1609,3,3416.87,20.0,8200.49,Credit Card
2023-01-30,Store_Delhi,Clothing,CUST_2452,2,1749.56,0.0,3499.12,Debit Card
2023-01-30,Store_Chennai,Clothing,CUST_1256,5,2043.85,5.0,9708.29,Cash
2023-01-30,Store_Hyderabad,Sports,CUST_2171,5,2975.45,0.0,14877.25,Cash
2023-01-31,Store_Mumbai,Electronics,CUST_2230,2,12548.72,15.0,21332.82,Debit Card
2023-01-31,Store_Bangalore,Groceries,CUST_2526,1,618.76,0.0,618.76,Cash
2023-01-31,Store_Hyderabad,Electronics,CUST_3066,5,11225.08,0.0,56125.4,UPI
2023-01-31,Store_Chennai,Electronics,CUST_2439,1,14117.31,10.0,12705.58,Credit Card
2023-01-31,Store_Bangalore,Sports,CUST_3960,2,2891.46,0.0,5782.92,Credit Card
2023-01-31,Store_Delhi,Groceries,CUST_1056,1,585.79,5.0,556.5,UPI
2023-01-31,Store_Bangalore,Electronics,CUST_1409,5,12617.52,0.0,63087.6,
2023-02-01,Store_Delhi,Home & Kitchen,CUST_3968,4,3066.86,5.0,11654.07,Credit Card
2023-02-01,Store_Bangalore,Clothing,CUST_3254,4,1564.84,0.0,6259.36,Credit Card
2023-02-01,Store_Bangalore,Groceries,CUST_2272,5,527.94,10.0,2375.73,Credit Card
2023-02-01,Store_Hyderabad,Clothing,CUST_1664,3,1776.87,10.0,4797.55,UPI
2023-02-01,Store_Chennai,Groceries,CUST_1738,5,558.97,0.0,2794.85,Debit Card
2023-02-01,Store_Chennai,Groceries,CUST_1231,2,696.76,20.0,1114.82,Cash
2023-02-01,Store_Delhi,Clothing,CUST_3683,4,1849.13,5.0,7026.69,Cash
2023-02-02,Store_Bangalore,Clothing,CUST_2098,5,1513.53,0.0,7567.65,Debit Card
2023-02-02,Store_Chennai,Sports,CUST_1720,5,2024.42,0.0,10122.1,Credit Card
2023-02-02,Store_Mumbai,Groceries,CUST_3578,4,486.11,0.0,1944.44,UPI
2023-02-02,Store_Mumbai,Sports,CUST_1763,2,2931.42,10.0,5276.56,Debit Card
2023-02-02,Store_Bangalore,Clothing,CUST_1899,1,1606.8,5.0,1526.46,Credit Card
2023-02-02,Store_Delhi,Clothing,CUST_3237,1,1926.75,20.0,1541.4,Cash
2023-02-02,Store_Hyderabad,Groceries,CUST_3196,4,441.0,20.0,1411.2,Cash
2023-02-03,Store_Hyderabad,Home & Kitchen,CUST_2354,5,4236.81,5.0,20124.85,UPI
2023-02-03,Store_Mumbai,Electronics,CUST_3831,2,15829.25,5.0,30075.57,Cash
2023-02-03,Store_Delhi,Groceries,CUST_3754,4,765.39,20.0,2449.25,Debit Card
2023-02-03,Store_Bangalore,Groceries,CUST_2872,2,612.06,20.0,979.3,Cash
2023-02-03,Store_Bangalore,Clothing,CUST_2374,5,1873.67,20.0,7494.68,Debit Card
2023-02-03,Store_Chennai,Groceries,CUST_3132,1,516.97,0.0,516.97,Debit Card
2023-02-03,Store_Mumbai,Sports,CUST_3455,4,2777.94,0.0,11111.76,Cash
2023-02-04,Store_Bangalore,Groceries,CUST_3510,1,544.45,10.0,490.01,Debit Card
2023-02-04,Store_Delhi,Home & Kitchen,CUST_1086,2,3476.02,0.0,6952.04,Credit Card
2023-02-04,Store_Hyderabad,Electronics,CUST_2729,5,12202.37,15.0,51860.07,UPI
2023-02-04,Store_Mumbai,Groceries,CUST_3004,3,715.71,15.0,1825.06,UPI
2023-02-04,Store_Bangalore,Home & Kitchen,CUST_3769,2,4344.59,5.0,8254.72,Credit Card
2023-02-04,Store_Delhi,Home & Kitchen,CUST_2133,5,4079.5,5.0,19377.62,Credit Card
2023-02-05,Store_Bangalore,Sports,CUST_1546,1,3460.78,0.0,3460.78,UPI
2023-02-05,Store_Hyderabad,Home & Kitchen,CUST_2675,5,2993.42,0.0,14967.1,Debit Card
2023-02-05,Store_Hyderabad,Groceries,CUST_1887,5,657.11,0.0,3285.55,Cash
2023-02-05,Store_Bangalore,Electronics,CUST_1556,1,14654.22,5.0,13921.51,Cash
2023-02-05,Store_Delhi,Clothing,CUST_1290,4,2011.4,5.0,7643.32,Debit Card
2023-02-05,Store_Mumbai,Electronics,CUST_3117,1,12342.54,5.0,11725.41,Debit Card
2023-02-05,Store_Hyderabad,Home & Kitchen,CUST_1523,1,3737.29,0.0,3737.29,UPI
2023-02-06,Store_Chennai,Electronics,CUST_1923,3,8820.61,10.0,23815.65,Debit Card
2023-02-06,Store_Delhi,Home & Kitchen,CUST_2052,2,3078.05,5.0,5848.3,UPI
2023-02-06,Store_Bangalore,Sports,CUST_3946,3,2840.33,15.0,7242.84,Debit Card
2023-02-06,Store_Hyderabad,Sports,CUST_2250,3,2089.02,5.0,5953.71,Debit Card
2023-02-06,Store_Mumbai,Electronics,CUST_1157,5,10691.88,10.0,48113.46,UPI
2023-02-06,Store_Bangalore,Groceries,CUST_1869,5,445.17,0.0,2225.85,Cash
2023-02-06,Store_Chennai,Electronics,CUST_2690,3,14098.44,15.0,35951.02,Debit Card
2023-02-07,Store_Chennai,Sports,CUST_2599,2,2283.19,0.0,4566.38,Cash
2023-02-07,Store_Mumbai,Home & Kitchen,CUST_3443,1,3362.34,0.0,3362.34,Cash
2023-02-07,Store_Delhi,Clothing,CUST_3049,4,2118.8,0.0,8475.2,Cash
2023-02-07,Store_Bangalore,Clothing,CUST_3106,2,1538.43,0.0,3076.86,UPI
2023-02-07,Store_Bangalore,Home & Kitchen,CUST_3289,4,4486.52,0.0,17946.08,Credit Card
2023-02-07,Store_Delhi,Clothing,CUST_2056,4,1864.68,5.0,7085.78,Cash
2023-02-07,Store_Bangalore,Sports,CUST_2313,5,2990.09,10.0,13455.4,Debit Card
2023-02-08,Store_Hyderabad,Clothing,CUST_2962,5,1569.96,10.0,7064.82,Credit Card
2023-02-08,Store_Chennai,Electronics,CUST_3740,3,9717.18,10.0,26236.39,UPI
2023-02-08,Store_Chennai,Clothing,CUST_1490,1,1587.59,20.0,1270.07,UPI
2023-02-08,Store_Mumbai,Electronics,CUST_2015,5,11311.23,5.0,53728.34,Cash
2023-02-08,Store_Hyderabad,Electronics,CUST_2685,4,10044.36,5.0,38168.57,UPI
2023-02-08,Store_Mumbai,Groceries,CUST_1201,3,672.28,10.0,1815.16,UPI
2023-02-08,Store_Hyderabad,Sports,CUST_1987,4,2369.12,15.0,8055.01,Cash
2023-02-09,Store_Mumbai,Home & Kitchen,CUST_3588,1,3545.05,10.0,3190.54,UPI
2023-02-09,Store_Chennai,Sports,CUST_3885,4,2184.15,10.0,7862.94,Credit Card
2023-02-09,Store_Mumbai,Clothing,CUST_2008,4,1744.8,0.0,6979.2,Credit Card
2023-02-09,Store_Bangalore,Groceries,CUST_2473,1,767.53,0.0,767.53,Credit Card
2023-02-09,Store_Delhi,Sports,CUST_1300,1,2993.64,15.0,2544.59,UPI
2023-02-09,Store_Bangalore,Groceries,CUST_1172,4,629.24,0.0,2516.96,Credit Card
2023-02-09,Store_Delhi,Clothing,CUST_1760,3,1690.28,5.0,4817.3,UPI
2023-02-10,Store_Delhi,Electronics,CUST_1824,5,12801.85,20.0,51207.4,Cash
2023-02-10,Store_Delhi,Sports,CUST_3672,3,2380.79,15.0,6071.01,Debit Card
2023-02-10,Store_Mumbai,Clothing,CUST_3905,2,1525.25,0.0,3050.5,Debit Card
2023-02-10,Store_Hyderabad,Electronics,CUST_3921,3,11029.95,0.0,33089.85,UPI
2023-02-10,Store_Hyderabad,Sports,CUST_3422,2,3004.94,0.0,6009.88,
2023-02-10,Store_Chennai,Clothing,CUST_2429,1,1952.47,5.0,1854.85,Debit Card
2023-02-10,Store_Chennai,Electronics,CUST_2026,4,13168.42,0.0,52673.68,Debit Card
2023-02-11,Store_Bangalore,Home & Kitchen,CUST_1170,3,2667.45,15.0,6802.0,Debit Card
2023-02-11,Store_Mumbai,Groceries,CUST_2631,4,544.47,,1851.2,Debit Card
2023-02-11,Store_Bangalore,Electronics,CUST_2784,1,11699.8,10.0,10529.82,UPI
2023-02-11,Store_Bangalore,Clothing,CUST_3194,5,1974.81,0.0,9874.05,Credit Card
2023-02-11,Store_Delhi,Sports,CUST_2633,2,2415.68,0.0,4831.36,Debit Card
2023-02-11,Store_Chennai,Home & Kitchen,CUST_1284,1,3311.01,0.0,3311.01,Cash
2023-02-12,Store_Bangalore,Home & Kitchen,CUST_2121,2,4073.8,0.0,8147.6,UPI
2023-02-12,Store_Mumbai,Electronics,CUST_1091,4,9759.46,5.0,37085.95,Cash
2023-02-12,Store_Delhi,Clothing,CUST_2179,4,2038.52,10.0,7338.67,Cash
2023-02-12,Store_Chennai,Groceries,CUST_3675,5,592.39,0.0,2961.95,Debit Card
2023-02-12,Store_Mumbai,Sports,CUST_2704,3,2802.68,5.0,7987.64,Debit Card
2023-02-12,Store_Bangalore,Clothing,CUST_1207,1,2242.58,10.0,2018.32,Cash
2023-02-12,Store_Mumbai,Clothing,CUST_2379,1,1715.68,10.0,1544.11,Cash
2023-02-13,Store_Chennai,Groceries,CUST_3844,5,743.44,5.0,3531.34,UPI
2023-02-13,Store_Hyderabad,Sports,CUST_1287,5,2030.41,,9136.85,Cash
2023-02-13,Store_Hyderabad,Sports,CUST_3983,4,2873.17,15.0,9768.78,UPI
2023-02-13,Store_Mumbai,Clothing,CUST_3662,4,1617.2,0.0,6468.8,Debit Card
2023-02-13,Store_Mumbai,Electronics,CUST_3996,1,13210.8,0.0,13210.8,Cash
2023-02-13,Store_Bangalore,Clothing,CUST_1283,3,1975.31,20.0,4740.74,Cash
2023-02-13,Store_Delhi,Electronics,CUST_1490,1,13506.48,5.0,12831.16,Cash
2023-02-14,Store_Chennai,Sports,CUST_2493,2,2368.57,0.0,4737.14,UPI
2023-02-14,Store_Bangalore,Groceries,CUST_3490,5,653.21,0.0,3266.05,Debit Card
2023-02-14,Store_Hyderabad,Electronics,CUST_2925,2,12990.67,0.0,25981.34,Cash
2023-02-14,Store_Delhi,Clothing,CUST_3752,3,2057.41,5.0,5863.62,Credit Card
2023-02-14,Store_Bangalore,Groceries,CUST_3700,4,618.27,0.0,2473.08,Debit Card
2023-02-14,Store_Chennai,Home & Kitchen,CUST_3668,5,4114.68,15.0,17487.39,Debit Card
2023-02-14,Store_Hyderabad,Groceries,CUST_1213,1,714.23,5.0,678.52,Credit Card
2023-02-15,Store_Mumbai,Sports,CUST_3577,1,2872.14,0.0,2872.14,Cash
2023-02-15,Store_Delhi,Groceries,CUST_3099,2,574.31,0.0,1148.62,Credit Card
2023-02-15,Store_Chennai,Home & Kitchen,CUST_2167,4,3059.72,20.0,9791.1,Credit Card
2023-02-15,Store_Delhi,Groceries,CUST_1700,4,458.76,10.0,1651.54,Debit Card
2023-02-15,Store_Delhi,Clothing,CUST_3967,2,1578.54,0.0,3157.08,Cash
2023-02-15,Store_Bangalore,Electronics,CUST_2393,4,13260.05,10.0,47736.18,Cash
2023-02-15,Store_Delhi,Sports,CUST_2985,5,3027.86,0.0,15139.3,Debit Card
2023-02-16,Store_Mumbai,Sports,CUST_1287,3,3055.78,10.0,8250.61,Cash
2023-02-16,Store_Hyderabad,Groceries,CUST_1845,1,547.45,0.0,547.45,Credit Card
2023-02-16,Store_Chennai,Home & Kitchen,CUST_3760,2,3955.26,5.0,7514.99,UPI
2023-02-16,Store_Chennai,Clothing,CUST_2286,2,2032.6,0.0,4065.2,Credit Card
2023-02-16,Store_Bangalore,Sports,CUST_2947,5,2664.46,5.0,12656.18,Credit Card
2023-02-16,Store_Mumbai,Sports,CUST_2593,5,3194.94,0.0,15974.7,UPI
2023-02-16,Store_Mumbai,Clothing,CUST_2442,2,1507.61,0.0,3015.22,UPI
2023-02-17,Store_Hyderabad,Groceries,CUST_3042,5,652.66,10.0,2936.97,UPI
2023-02-17,Store_Chennai,Sports,CUST_3066,3,3157.39,0.0,9472.17,UPI
2023-02-17,Store_Chennai,Sports,CUST_3270,3,2430.39,0.0,7291.17,Cash
2023-02-17,Store_Chennai,Groceries,CUST_1364,4,598.81,10.0,2155.72,Credit Card
2023-02-17,Store_Mumbai,Home & Kitchen,CUST_3395,3,3941.85,15.0,10051.72,UPI
2023-02-17,Store_Delhi,Electronics,CUST_1360,2,12119.27,0.0,24238.54,Cash
2023-02-17,Store_Chennai,Electronics,CUST_1402,3,14775.53,15.0,37677.6,Debit Card
2023-02-18,Store_Mumbai,Sports,CUST_2725,5,2416.99,10.0,10876.46,Debit Card
2023-02-18,Store_Delhi,Groceries,CUST_1936,3,617.95,0.0,1853.85,Cash
2023-02-18,Store_Bangalore,Home & Kitchen,CUST_2405,3,4428.39,5.0,12620.91,Debit Card
2023-02-18,Store_Chennai,Sports,CUST_3779,1,2870.63,20.0,2296.5,Cash
2023-02-18,Store_Delhi,Electronics,CUST_2712,3,13762.28,10.0,37158.16,Credit Card
2023-02-18,Store_Hyderabad,Home & Kitchen,CUST_1293,1,4577.93,0.0,4577.93,Cash
2023-02-19,Store_Mumbai,Clothing,CUST_3784,5,1951.68,0.0,9758.4,Debit Card
2023-02-19,Store_Hyderabad,Groceries,CUST_1862,1,641.08,10.0,576.97,Cash
2023-02-19,Store_Bangalore,Groceries,CUST_2642,1,675.9,10.0,608.31,Debit Card
2023-02-19,Store_Delhi,Sports,CUST_2382,3,2583.17,15.0,6587.08,Credit Card
2023-02-19,Store_Delhi,Groceries,CUST_3247,1,540.73,15.0,459.62,Debit Card
2023-02-19,Store_Bangalore,Home & Kitchen,CUST_3704,3,3120.31,15.0,7956.79,Debit Card
2023-02-19,Store_Mumbai,Sports,CUST_2537,2,2369.13,0.0,4738.26,Cash
2023-02-20,Store_Mumbai,Clothing,CUST_2654,3,1993.68,5.0,5681.99,Debit Card
2023-02-20,Store_Hyderabad,Home & Kitchen,CUST_3955,3,2933.83,15.0,7481.27,UPI
2023-02-20,Store_Delhi,Sports,CUST_2493,4,3042.33,5.0,11560.85,UPI
2023-02-20,Store_Delhi,Home & Kitchen,CUST_3499,1,3589.41,0.0,3589.41,Debit Card
2023-02-20,Store_Delhi,Electronics,CUST_1699,1,15116.78,10.0,13605.1,Debit Card
2023-02-20,Store_Delhi,Groceries,CUST_2965,5,699.82,20.0,2799.28,Cash
2023-02-20,Store_Hyderabad,Groceries,CUST_1242,5,502.86,0.0,2514.3,Cash
2023-02-21,Store_Delhi,Home & Kitchen,CUST_2958,5,4722.57,20.0,18890.28,Credit Card
2023-02-21,Store_Bangalore,Clothing,CUST_3081,4,1862.76,0.0,7451.04,Credit Card
2023-02-21,Store_Mumbai,Sports,CUST_3351,4,2132.44,20.0,6823.81,Cash
2023-02-21,Store_Hyderabad,Home & Kitchen,CUST_1366,3,3081.05,0.0,9243.15,UPI
2023-02-21,Store_Bangalore,Home & Kitchen,CUST_3513,3,4864.75,0.0,14594.25,Debit Card
2023-02-21,Store_Hyderabad,Clothing,CUST_1582,3,1404.03,10.0,3790.88,UPI
2023-02-21,Store_Hyderabad,Clothing,CUST_2625,5,2228.86,0.0,11144.3,UPI
2023-02-22,Store_Bangalore,Clothing,CUST_2467,1,1739.57,10.0,1565.61,Credit Card
2023-02-22,Store_Mumbai,Groceries,CUST_3722,5,666.6,0.0,3333.0,UPI
2023-02-22,Store_Bangalore,Home & Kitchen,CUST_1789,2,3300.08,10.0,5940.14,Cash
2023-02-22,Store_Chennai,Sports,CUST_3797,3,2573.31,15.0,6561.94,Debit Card
2023-02-22,Store_Chennai,Groceries,CUST_1012,2,523.51,0.0,1047.02,Credit Card
2023-02-22,Store_Chennai,Clothing,CUST_3231,1,1541.91,10.0,1387.72,Cash
2023-02-22,Store_Delhi,Home & Kitchen,CUST_2682,2,3588.88,10.0,6459.98,UPI
2023-02-23,Store_Mumbai,Groceries,CUST_2307,2,618.22,5.0,1174.62,Cash
2023-02-23,Store_Mumbai,Groceries,CUST_1577,1,525.9,5.0,499.6,Credit Card
2023-02-23,Store_Hyderabad,Sports,CUST_1983,5,2696.39,20.0,10785.56,Credit Card
2023-02-23,Store_Hyderabad,Clothing,CUST_1788,2,2136.81,0.0,4273.62,Credit Card
2023-02-23,Store_Delhi,Sports,CUST_3134,3,3045.41,20.0,7308.98,Debit Card
2023-02-23,Store_Mumbai,Groceries,CUST_1883,3,630.62,10.0,1702.67,Credit Card
2023-02-23,Store_Hyderabad,Home & Kitchen,CUST_3171,4,3614.25,0.0,14457.0,Cash
2023-02-24,Store_Mumbai,Electronics,CUST_1944,5,12247.98,5.0,58177.9,Debit Card
2023-02-24,Store_Hyderabad,Sports,CUST_3603,2,3212.01,15.0,5460.42,Credit Card
2023-02-24,Store_Delhi,Home & Kitchen,CUST_1560,3,3642.95,10.0,9835.96,Cash
2023-02-24,Store_Chennai,Groceries,CUST_1346,2,626.57,10.0,1127.83,Credit Card
2023-02-24,Store_Delhi,Home & Kitchen,CUST_1663,1,3114.84,0.0,3114.84,UPI
2023-02-24,Store_Hyderabad,Groceries,CUST_2741,5,514.73,0.0,2573.65,Cash
2023-02-24,Store_Mumbai,Clothing,CUST_3883,4,1454.41,5.0,5526.76,Cash
2023-02-25,Store_Hyderabad,Groceries,CUST_3563,3,688.78,5.0,1963.02,Debit Card
2023-02-25,Store_Delhi,Clothing,CUST_3802,5,1806.39,10.0,8128.76,Cash
2023-02-25,Store_Mumbai,Home & Kitchen,CUST_1029,5,5071.07,20.0,20284.28,Cash
2023-02-25,Store_Delhi,Sports,CUST_2020,3,3342.65,0.0,10027.95,Cash
2023-02-25,Store_Bangalore,Groceries,CUST_3996,2,463.59,0.0,927.18,Credit Card
2023-02-25,Store_Mumbai,Home & Kitchen,CUST_2958,3,3515.94,10.0,9493.04,Credit Card
2023-02-26,Store_Hyderabad,Groceries,CUST_1078,1,577.7,20.0,462.16,Cash
2023-02-26,Store_Chennai,Groceries,CUST_1828,2,572.6,20.0,916.16,Debit Card
2023-02-26,Store_Hyderabad,Home & Kitchen,CUST_1536,4,3552.83,10.0,12790.19,UPI
2023-02-26,Store_Hyderabad,Sports,CUST_1591,5,2564.59,10.0,11540.66,Credit Card
2023-02-26,Store_Mumbai,Home & Kitchen,CUST_2749,2,3336.06,0.0,6672.12,Credit Card
2023-02-26,Store_Mumbai,Clothing,CUST_3892,5,1671.85,10.0,7523.32,Credit Card
2023-02-26,Store_Chennai,Groceries,CUST_1030,3,577.75,10.0,1559.92,UPI
2023-02-27,Store_Delhi,Home & Kitchen,CUST_2214,3,4589.07,10.0,12390.49,UPI
2023-02-27,Store_Delhi,Electronics,CUST_1127,1,9974.3,5.0,9475.58,Credit Card
2023-02-27,Store_Delhi,Clothing,CUST_1367,5,2128.56,5.0,10110.66,Cash
2023-02-27,Store_Hyderabad,Electronics,CUST_1102,5,15794.05,10.0,71073.23,Cash
2023-02-27,Store_Mumbai,Clothing,CUST_3702,1,2031.07,5.0,1929.52,Debit Card
2023-02-27,Store_Delhi,Clothing,CUST_3844,1,2118.05,0.0,2118.05,Credit Card
2023-02-27,Store_Chennai,Sports,CUST_1202,2,2516.75,5.0,4781.82,Cash
2023-02-28,Store_Chennai,Electronics,CUST_2197,4,14106.42,20.0,45140.54,Cash
2023-02-28,Store_Mumbai,Clothing,CUST_2595,4,2092.66,5.0,7952.11,Debit Card
2023-02-28,Store_Delhi,Groceries,CUST_1711,3,611.2,20.0,1466.88,Cash
2023-02-28,Store_Chennai,Clothing,CUST_3838,5,1680.84,10.0,7563.78,Cash
2023-02-28,Store_Chennai,Clothing,CUST_3402,5,1941.84,0.0,9709.2,Credit Card
2023-02-28,Store_Delhi,Clothing,CUST_1261,4,1986.84,0.0,7947.36,UPI
2023-02-28,Store_Mumbai,Groceries,CUST_3013,5,525.28,5.0,2495.08,Credit Card
2023-03-01,Store_Delhi,Clothing,CUST_1847,3,1042.23,0.0,3126.69,UPI
2023-03-01,Store_Bangalore,Clothing,CUST_2624,5,1077.54,10.0,4848.93,Debit Card
2023-03-01,Store_Mumbai,Home & Kitchen,CUST_2822,5,1966.16,20.0,7864.64,Debit Card
2023-03-01,Store_Hyderabad,Electronics,CUST_1870,2,9527.55,0.0,19055.1,Credit Card
2023-03-01,Store_Mumbai,Home & Kitchen,CUST_2367,5,3007.42,10.0,13533.39,UPI
2023-03-01,Store_Hyderabad,Groceries,CUST_3524,1,453.19,5.0,430.53,Cash
2023-03-01,Store_Delhi,Electronics,CUST_1520,1,6440.39,5.0,6118.37,Credit Card
2023-03-02,Store_Delhi,Electronics,CUST_1983,1,8104.07,5.0,7698.87,Cash
2023-03-02,Store_Mumbai,Electronics,CUST_3415,4,6190.77,0.0,24763.08,Cash
2023-03-02,Store_Chennai,Groceries,CUST_1847,1,378.6,0.0,378.6,UPI
2023-03-02,Store_Delhi,Sports,CUST_2818,1,1256.75,5.0,1193.91,UPI
2023-03-02,Store_Bangalore,Home & Kitchen,CUST_3525,1,2622.14,0.0,2622.14,Credit Card
2023-03-02,Store_Delhi,Electronics,CUST_1144,2,6140.09,10.0,11052.16,Cash
2023-03-02,Store_Chennai,Groceries,CUST_1326,2,340.53,0.0,681.06,Cash
2023-03-03,Store_Bangalore,Home & Kitchen,CUST_2549,4,2137.5,5.0,8122.5,Cash
2023-03-03,Store_Delhi,Electronics,CUST_1613,3,9469.96,5.0,26989.39,Cash
2023-03-03,Store_Mumbai,Clothing,CUST_2474,3,957.79,5.0,2729.7,UPI
2023-03-03,Store_Delhi,Clothing,CUST_3380,1,1082.71,0.0,1082.71,Credit Card
2023-03-03,Store_Bangalore,Electronics,CUST_3021,1,8316.08,0.0,8316.08,Cash
2023-03-03,Store_Delhi,Electronics,CUST_3119,2,7409.04,15.0,12595.37,Cash
2023-03-03,Store_Delhi,Clothing,CUST_3371,4,893.55,5.0,3395.49,Cash
2023-03-04,Store_Delhi,Electronics,CUST_2316,5,7398.38,0.0,36991.9,Cash
2023-03-04,Store_Delhi,Clothing,CUST_1671,5,1116.72,5.0,5304.42,Credit Card
2023-03-04,Store_Bangalore,Home & Kitchen,CUST_2059,5,2348.91,0.0,11744.55,Credit Card
2023-03-04,Store_Bangalore,Groceries,CUST_3160,3,349.32,0.0,1047.96,Cash
2023-03-04,Store_Delhi,Home & Kitchen,CUST_1305,2,2919.3,5.0,5546.67,Cash
2023-03-04,Store_Bangalore,Groceries,CUST_2287,4,459.81,0.0,1839.24,UPI
2023-03-05,Store_Bangalore,Home & Kitchen,CUST_2852,4,2405.94,0.0,9623.76,Credit Card
2023-03-05,Store_Hyderabad,Clothing,CUST_2680,5,945.31,5.0,4490.22,Credit Card
2023-03-05,Store_Chennai,Groceries,CUST_1202,2,388.86,0.0,777.72,UPI
2023-03-05,Store_Delhi,Groceries,CUST_1531,5,327.46,20.0,1309.84,Cash
2023-03-05,Store_Delhi,Electronics,CUST_1205,4,6488.03,0.0,25952.12,Debit Card
2023-03-05,Store_Hyderabad,Groceries,CUST_1343,1,385.81,5.0,366.52,Credit Card
2023-03-05,Store_Bangalore,Sports,CUST_3616,1,1470.68,5.0,1397.15,UPI
2023-03-06,Store_Bangalore,Sports,CUST_1981,2,1354.14,20.0,2166.62,Debit Card
2023-03-06,Store_Hyderabad,Home & Kitchen,CUST_2243,4,2460.84,5.0,9351.19,Credit Card
2023-03-06,Store_Chennai,Clothing,CUST_1894,1,1291.52,0.0,1291.52,UPI
2023-03-06,Store_Mumbai,Electronics,CUST_1039,1,5254.41,0.0,5254.41,Debit Card
2023-03-06,Store_Hyderabad,Clothing,CUST_1496,3,1137.31,15.0,2900.14,Cash
2023-03-06,Store_Delhi,Sports,CUST_1318,3,1504.67,0.0,4514.01,UPI
2023-03-06,Store_Chennai,Home & Kitchen,CUST_2510,4,2224.83,15.0,7564.42,UPI
2023-03-07,Store_Bangalore,Clothing,CUST_2011,3,1025.05,10.0,2767.64,Debit Card
2023-03-07,Store_Chennai,Clothing,CUST_1719,5,1180.58,5.0,5607.75,Credit Card
2023-03-07,Store_Hyderabad,Electronics,CUST_2753,2,7751.01,5.0,14726.92,Debit Card
2023-03-07,Store_Hyderabad,Sports,CUST_2870,3,2070.04,0.0,6210.12,Debit Card
2023-03-07,Store_Hyderabad,Electronics,CUST_2473,2,9128.44,20.0,14605.5,Cash
2023-03-07,Store_Bangalore,Home & Kitchen,CUST_3684,2,2564.19,15.0,4359.12,Credit Card
2023-03-07,Store_Mumbai,Sports,CUST_3364,2,2010.4,5.0,3819.76,Debit Card
2023-03-08,Store_Mumbai,Home & Kitchen,CUST_2310,5,2446.15,10.0,11007.68,Credit Card
2023-03-08,Store_Mumbai,Home & Kitchen,CUST_1294,2,2270.35,5.0,4313.66,Credit Card
2023-03-08,Store_Chennai,Sports,CUST_1378,3,1317.76,5.0,3755.62,Credit Card
2023-03-08,Store_Chennai,Clothing,CUST_3713,5,770.43,0.0,3852.15,Credit Card
2023-03-08,Store_Chennai,Clothing,CUST_3917,3,941.45,5.0,2683.13,Debit Card
2023-03-08,Store_Delhi,Home & Kitchen,CUST_3574,3,2756.04,,6614.5,UPI
2023-03-08,Store_Bangalore,Clothing,CUST_2121,2,1231.25,0.0,2462.5,Credit Card
2023-03-09,Store_Chennai,Clothing,CUST_1403,5,1224.92,15.0,5205.91,Debit Card
2023-03-09,Store_Mumbai,Groceries,CUST_3391,2,279.78,0.0,559.56,UPI
2023-03-09,Store_Delhi,Groceries,CUST_1659,1,400.87,0.0,400.87,Debit Card
2023-03-09,Store_Delhi,Home & Kitchen,CUST_2768,2,1713.78,0.0,3427.56,Credit Card
2023-03-09,Store_Delhi,Clothing,CUST_3719,3,813.9,5.0,2319.61,Debit Card
2023-03-09,Store_Delhi,Electronics,CUST_2207,5,8680.8,0.0,43404.0,Credit Card
2023-03-09,Store_Chennai,Sports,CUST_2796,5,1225.55,10.0,5514.98,Cash
2023-03-10,Store_Hyderabad,Clothing,CUST_1581,4,954.7,0.0,3818.8,Cash
2023-03-10,Store_Chennai,Groceries,CUST_3036,4,295.42,10.0,1063.51,Debit Card
2023-03-10,Store_Mumbai,Electronics,CUST_2758,3,6901.28,0.0,20703.84,Cash
2023-03-10,Store_Hyderabad,Clothing,CUST_2348,1,1188.79,0.0,1188.79,Debit Card
2023-03-10,Store_Hyderabad,Groceries,CUST_2968,1,412.37,15.0,350.51,UPI
2023-03-10,Store_Chennai,Groceries,CUST_1226,2,322.15,10.0,579.87,Debit Card
2023-03-10,Store_Chennai,Clothing,CUST_3902,5,1116.81,0.0,5584.05,Cash
2023-03-11,Store_Hyderabad,Sports,CUST_3517,4,1948.42,0.0,7793.68,UPI
2023-03-11,Store_Hyderabad,Groceries,CUST_2672,2,342.67,0.0,685.34,Debit Card
2023-03-11,Store_Delhi,Clothing,CUST_3063,4,1431.95,0.0,5727.8,Credit Card
2023-03-11,Store_Bangalore,Clothing,CUST_3806,4,1141.29,0.0,4565.16,Cash
2023-03-11,Store_Mumbai,Electronics,CUST_2306,5,7361.97,0.0,36809.85,Debit Card
2023-03-11,Store_Delhi,Clothing,CUST_3705,3,1036.45,5.0,2953.88,Debit Card
2023-03-12,Store_Bangalore,Home & Kitchen,CUST_2491,5,1842.61,5.0,8752.4,Credit Card
2023-03-12,Store_Mumbai,Sports,CUST_3553,4,1401.84,20.0,4485.89,Cash
2023-03-12,Store_Hyderabad,Sports,CUST_1873,4,1584.67,0.0,6338.68,Debit Card
2023-03-12,Store_Bangalore,Groceries,CUST_2772,4,435.9,0.0,1743.6,Cash
2023-03-12,Store_Chennai,Sports,CUST_1012,1,1869.57,0.0,1869.57,Cash
2023-03-12,Store_Mumbai,Sports,CUST_2312,4,1172.27,15.0,3985.72,Credit Card
2023-03-12,Store_Delhi,Home & Kitchen,CUST_3379,1,1824.09,5.0,1732.89,Cash
2023-03-13,Store_Mumbai,Home & Kitchen,CUST_1020,3,2024.63,0.0,6073.89,Cash
2023-03-13,Store_Chennai,Clothing,CUST_1065,2,892.91,5.0,1696.53,UPI
2023-03-13,Store_Hyderabad,Sports,CUST_3844,1,1782.05,0.0,1782.05,Credit Card
2023-03-13,Store_Hyderabad,Groceries,CUST_1016,1,360.16,0.0,360.16,Credit Card
2023-03-13,Store_Mumbai,Electronics,CUST_3233,4,8348.82,10.0,30055.75,Cash
2023-03-13,Store_Mumbai,Electronics,CUST_3098,2,8239.57,10.0,14831.23,Credit Card
2023-03-13,Store_Chennai,Sports,CUST_3164,5,1692.05,5.0,8037.24,Credit Card
2023-03-14,Store_Mumbai,Clothing,CUST_3116,4,1252.35,0.0,5009.4,Credit Card
2023-03-14,Store_Delhi,Clothing,CUST_1885,5,992.48,0.0,4962.4,Credit Card
2023-03-14,Store_Hyderabad,Sports,CUST_1037,1,1748.82,5.0,1661.38,Debit Card
2023-03-14,Store_Mumbai,Groceries,CUST_2858,2,374.99,10.0,674.98,UPI
2023-03-14,Store_Bangalore,Home & Kitchen,CUST_3310,3,1857.99,5.0,5295.27,Credit Card
2023-03-14,Store_Chennai,Groceries,CUST_3362,2,386.23,0.0,772.46,Credit Card
2023-03-14,Store_Hyderabad,Electronics,CUST_3714,3,7267.51,5.0,20712.4,Cash
2023-03-15,Store_Chennai,Groceries,CUST_1169,1,340.58,10.0,306.52,Debit Card
2023-03-15,Store_Hyderabad,Home & Kitchen,CUST_3610,3,2449.34,20.0,5878.42,Cash
2023-03-15,Store_Hyderabad,Clothing,CUST_3662,1,1152.86,10.0,1037.57,Credit Card
2023-03-15,Store_Delhi,Electronics,CUST_3981,3,5802.12,0.0,17406.36,Credit Card
2023-03-15,Store_Hyderabad,Sports,CUST_2624,3,1562.88,0.0,4688.64,Credit Card
2023-03-15,Store_Hyderabad,Groceries,CUST_1524,1,307.19,20.0,245.75,Credit Card
2023-03-15,Store_Chennai,Home & Kitchen,CUST_3492,2,1635.07,10.0,2943.13,Debit Card
2023-03-16,Store_Delhi,Sports,CUST_1904,4,1703.53,0.0,6814.12,Credit Card
2023-03-16,Store_Mumbai,Clothing,CUST_2986,2,1055.61,15.0,1794.54,Debit Card
2023-03-16,Store_Chennai,Sports,CUST_3945,3,1267.05,0.0,3801.15,Cash
2023-03-16,Store_Mumbai,Sports,CUST_3329,3,1250.17,10.0,3375.46,Cash
2023-03-16,Store_Chennai,Clothing,CUST_2646,3,1062.63,15.0,2709.71,Debit Card
2023-03-16,Store_Delhi,Sports,CUST_2817,3,1548.45,0.0,4645.35,Credit Card
2023-03-16,Store_Chennai,Home & Kitchen,CUST_2434,2,2453.4,0.0,4906.8,UPI
2023-03-17,Store_Mumbai,Groceries,CUST_2388,3,403.75,5.0,1150.69,Debit Card
2023-03-17,Store_Mumbai,Home & Kitchen,CUST_1776,5,2228.06,20.0,8912.24,Cash
2023-03-17,Store_Delhi,Clothing,CUST_2911,1,1258.57,5.0,1195.64,Cash
2023-03-17,Store_Chennai,Sports,CUST_1777,5,1536.64,0.0,7683.2,Debit Card
2023-03-17,Store_Chennai,Groceries,CUST_2627,2,287.33,20.0,459.73,UPI
2023-03-17,Store_Hyderabad,Groceries,CUST_2852,5,446.59,0.0,2232.95,Cash
2023-03-17,Store_Mumbai,Home & Kitchen,CUST_2011,4,1923.86,10.0,6925.9,Credit Card
2023-03-18,Store_Hyderabad,Sports,CUST_1140,1,2024.26,5.0,1923.05,Cash
2023-03-18,Store_Mumbai,Electronics,CUST_1365,3,7207.52,0.0,21622.56,Cash
2023-03-18,Store_Mumbai,Home & Kitchen,CUST_3904,2,1845.51,10.0,3321.92,
2023-03-18,Store_Chennai,Electronics,CUST_1274,3,8207.06,0.0,24621.18,UPI
2023-03-18,Store_Chennai,Sports,CUST_1866,1,1780.95,0.0,1780.95,Cash
2023-03-18,Store_Bangalore,Sports,CUST_2256,2,1572.65,5.0,2988.04,UPI
2023-03-19,Store_Hyderabad,Electronics,CUST_3428,3,6452.91,0.0,19358.73,UPI
2023-03-19,Store_Bangalore,Electronics,CUST_1861,3,8528.31,0.0,25584.93,Debit Card
2023-03-19,Store_Mumbai,Electronics,CUST_1305,5,7741.32,5.0,36771.27,Credit Card
2023-03-19,Store_Bangalore,Electronics,CUST_3809,1,6874.3,10.0,6186.87,Debit Card
2023-03-19,Store_Chennai,Groceries,CUST_1583,1,454.82,0.0,454.82,Cash
2023-03-19,Store_Delhi,Groceries,CUST_3596,2,292.74,20.0,468.38,Debit Card
2023-03-19,Store_Delhi,Electronics,CUST_1501,4,7322.62,0.0,29290.48,Debit Card
2023-03-20,Store_Chennai,Sports,CUST_3508,3,1452.98,5.0,4140.99,Cash
2023-03-20,Store_Chennai,Electronics,CUST_2447,1,9453.52,0.0,9453.52,Credit Card
2023-03-20,Store_Hyderabad,Sports,CUST_3819,5,1621.9,10.0,7298.55,UPI
2023-03-20,Store_Mumbai,Home & Kitchen,CUST_2170,4,2436.67,5.0,9259.35,Cash
2023-03-20,Store_Bangalore,Electronics,CUST_1793,5,6151.48,10.0,27681.66,Debit Card
2023-03-20,Store_Bangalore,Home & Kitchen,CUST_3950,2,2845.76,5.0,5406.94,UPI
2023-03-20,Store_Chennai,Groceries,CUST_1508,5,319.7,20.0,1278.8,Debit Card
2023-03-21,Store_Mumbai,Groceries,CUST_3709,3,350.07,20.0,840.17,Debit Card
2023-03-21,Store_Delhi,Home & Kitchen,CUST_1530,5,2329.01,10.0,10480.55,Debit Card
2023-03-21,Store_Bangalore,Clothing,CUST_3371,5,859.34,0.0,4296.7,Debit Card
2023-03-21,Store_Delhi,Sports,CUST_3978,5,1659.4,5.0,7882.15,Debit Card
2023-03-21,Store_Mumbai,Clothing,CUST_3200,2,835.21,15.0,1419.86,Cash
2023-03-21,Store_Chennai,Sports,CUST_1661,3,1592.18,0.0,4776.54,Credit Card
2023-03-21,Store_Delhi,Groceries,CUST_3030,2,442.69,15.0,752.57,Credit Card
2023-03-22,Store_Delhi,Electronics,CUST_3860,5,6382.43,15.0,27125.33,Credit Card
2023-03-22,Store_Hyderabad,Sports,CUST_2665,1,1703.06,5.0,1617.91,Credit Card
2023-03-22,Store_Chennai,Clothing,CUST_2625,4,1160.48,0.0,4641.92,Debit Card
2023-03-22,Store_Chennai,Electronics,CUST_1400,2,6708.42,0.0,13416.84,Credit Card
2023-03-22,Store_Mumbai,Sports,CUST_1026,3,2028.41,0.0,6085.23,Credit Card
2023-03-22,Store_Chennai,Groceries,CUST_1664,3,320.03,15.0,816.08,Credit Card
2023-03-22,Store_Bangalore,Groceries,CUST_3721,4,340.99,0.0,1363.96,Debit Card
2023-03-23,Store_Chennai,Clothing,CUST_1313,4,1134.33,0.0,4537.32,UPI
2023-03-23,Store_Mumbai,Groceries,CUST_3918,5,352.98,10.0,1588.41,UPI
2023-03-23,Store_Mumbai,Home & Kitchen,CUST_1500,4,2123.71,0.0,8494.84,Debit Card
2023-03-23,Store_Bangalore,Clothing,CUST_1963,3,1068.59,15.0,2724.9,Debit Card
2023-03-23,Store_Mumbai,Electronics,CUST_2468,2,6489.46,5.0,12329.97,Cash
2023-03-23,Store_Delhi,Groceries,CUST_1883,5,376.14,0.0,1880.7,Credit Card
2023-03-23,Store_Mumbai,Electronics,CUST_2060,4,7061.8,15.0,24010.12,Debit Card
2023-03-24,Store_Delhi,Clothing,CUST_3170,2,1266.88,10.0,2280.38,Debit Card
2023-03-24,Store_Delhi,Electronics,CUST_2847,3,6720.08,5.0,19152.23,Debit Card
2023-03-24,Store_Delhi,Clothing,CUST_3679,2,1005.1,0.0,2010.2,Cash
2023-03-24,Store_Chennai,Sports,CUST_3623,5,1693.4,10.0,7620.3,Credit Card
2023-03-24,Store_Mumbai,Groceries,CUST_1084,1,313.33,15.0,266.33,Debit Card
2023-03-24,Store_Chennai,Clothing,CUST_1407,4,995.22,20.0,3184.7,Credit Card
2023-03-24,Store_Mumbai,Groceries,CUST_1622,5,479.55,15.0,2038.09,Credit Card
2023-03-25,Store_Hyderabad,Home & Kitchen,CUST_2627,1,2446.45,0.0,2446.45,Credit Card
2023-03-25,Store_Mumbai,Groceries,CUST_3462,3,376.42,10.0,1016.33,Credit Card
2023-03-25,Store_Bangalore,Groceries,CUST_2388,1,347.4,15.0,295.29,Credit Card
2023-03-25,Store_Delhi,Groceries,CUST_2082,4,412.97,10.0,1486.69,Credit Card
2023-03-25,Store_Chennai,Clothing,CUST_3394,5,906.86,0.0,4534.3,Credit Card
2023-03-25,Store_Mumbai,Electronics,CUST_1502,1,7035.55,20.0,5628.44,Cash
2023-03-26,Store_Hyderabad,Electronics,CUST_1755,1,5163.82,20.0,4131.06,Debit Card
2023-03-26,Store_Delhi,Electronics,CUST_1483,5,9493.57,5.0,45094.46,Credit Card
2023-03-26,Store_Delhi,Home & Kitchen,CUST_3790,3,2917.79,0.0,8753.37,Credit Card
2023-03-26,Store_Hyderabad,Clothing,CUST_1447,4,858.73,10.0,3091.43,Debit Card
2023-03-26,Store_Hyderabad,Sports,CUST_3373,2,1597.75,5.0,3035.72,Debit Card
2023-03-26,Store_Bangalore,Clothing,CUST_1792,2,1240.59,0.0,2481.18,UPI
2023-03-26,Store_Hyderabad,Home & Kitchen,CUST_3563,3,2306.68,0.0,6920.04,UPI
2023-03-27,Store_Mumbai,Home & Kitchen,CUST_1809,4,2133.34,5.0,8106.69,Cash
2023-03-27,Store_Hyderabad,Electronics,CUST_1514,2,6529.62,0.0,13059.24,UPI
2023-03-27,Store_Bangalore,Home & Kitchen,CUST_1301,5,2367.11,10.0,10652.0,Debit Card
2023-03-27,Store_Delhi,Clothing,CUST_3151,4,1207.99,0.0,4831.96,Debit Card
2023-03-27,Store_Chennai,Groceries,CUST_3788,1,249.69,0.0,249.69,Cash
2023-03-27,Store_Delhi,Sports,CUST_2259,2,1448.92,5.0,2752.95,Debit Card
2023-03-27,Store_Delhi,Clothing,CUST_2898,3,785.44,0.0,2356.32,Debit Card
2023-03-28,Store_Hyderabad,Home & Kitchen,CUST_1016,1,1854.22,15.0,1576.09,UPI
2023-03-28,Store_Hyderabad,Home & Kitchen,CUST_2972,3,2527.09,10.0,6823.14,UPI
2023-03-28,Store_Bangalore,Groceries,CUST_1577,4,369.36,10.0,1329.7,Debit Card
2023-03-28,Store_Hyderabad,Sports,CUST_2519,5,1493.57,0.0,7467.85,Cash
2023-03-28,Store_Hyderabad,Sports,CUST_2021,1,1406.16,20.0,1124.93,Debit Card
2023-03-28,Store_Mumbai,Clothing,CUST_3372,5,1258.84,10.0,5664.78,UPI
2023-03-28,Store_Hyderabad,Home & Kitchen,CUST_3415,4,1800.59,0.0,7202.36,Debit Card
2023-03-29,Store_Mumbai,Home & Kitchen,CUST_3326,4,2968.58,15.0,10093.17,UPI
2023-03-29,Store_Delhi,Groceries,CUST_3373,1,421.37,0.0,421.37,Cash
2023-03-29,Store_Mumbai,Home & Kitchen,CUST_3367,2,2380.86,0.0,4761.72,Cash
2023-03-29,Store_Hyderabad,Clothing,CUST_3543,2,1169.48,0.0,2338.96,Cash
2023-03-29,Store_Mumbai,Clothing,CUST_1914,1,1112.13,20.0,889.7,Credit Card
2023-03-29,Store_Mumbai,Groceries,CUST_1054,1,441.01,0.0,441.01,Debit Card
2023-03-29,Store_Bangalore,Home & Kitchen,CUST_1507,2,1762.49,0.0,3524.98,
2023-03-30,Store_Hyderabad,Sports,CUST_2060,3,1245.54,0.0,3736.62,Debit Card
2023-03-30,Store_Chennai,Sports,CUST_1761,3,1674.68,5.0,4772.84,UPI
2023-03-30,Store_Chennai,Groceries,CUST_1006,3,299.73,10.0,809.27,Cash
2023-03-30,Store_Hyderabad,Home & Kitchen,CUST_2875,2,1845.58,0.0,3691.16,Debit Card
2023-03-30,Store_Bangalore,Clothing,CUST_3057,1,1135.96,0.0,1135.96,Debit Card
2023-03-30,Store_Chennai,Groceries,CUST_1735,4,392.15,0.0,1568.6,Credit Card
2023-03-30,Store_Mumbai,Home & Kitchen,CUST_2974,1,1864.03,5.0,1770.83,Cash
2023-03-31,Store_Delhi,Electronics,CUST_1269,4,6952.43,5.0,26419.23,Debit Card
2023-03-31,Store_Delhi,Groceries,CUST_1536,2,345.53,10.0,621.95,Credit Card
2023-03-31,Store_Bangalore,Sports,CUST_3323,1,1724.76,0.0,1724.76,Credit Card
2023-03-31,Store_Hyderabad,Clothing,CUST_1014,1,796.16,5.0,756.35,Cash
2023-03-31,Store_Mumbai,Electronics,CUST_2954,1,8588.37,10.0,7729.53,Credit Card
2023-03-31,Store_Delhi,Groceries,CUST_1095,5,338.34,20.0,1353.36,UPI
2023-03-31,Store_Bangalore,Home & Kitchen,CUST_3198,1,2199.26,0.0,2199.26,Credit Card
2023-04-01,Store_Hyderabad,Home & Kitchen,CUST_3380,3,1846.57,10.0,4985.74,Cash
2023-04-01,Store_Bangalore,Home & Kitchen,CUST_1402,3,3058.43,15.0,7799.0,Cash
2023-04-01,Store_Chennai,Electronics,CUST_3793,3,7516.15,0.0,22548.45,Cash
2023-04-01,Store_Mumbai,Sports,CUST_2685,4,1261.1,0.0,5044.4,Cash
2023-04-01,Store_Bangalore,Clothing,CUST_2951,3,1079.46,0.0,3238.38,UPI
2023-04-01,Store_Chennai,Sports,CUST_1845,5,1967.53,5.0,9345.77,Cash
2023-04-02,Store_Delhi,Clothing,CUST_2957,1,1371.77,0.0,1371.77,Debit Card
2023-04-02,Store_Bangalore,Groceries,CUST_3499,5,447.73,5.0,2126.72,Cash
2023-04-02,Store_Hyderabad,Home & Kitchen,CUST_1003,3,2160.45,10.0,5833.21,Debit Card
2023-04-02,Store_Bangalore,Clothing,CUST_1071,1,874.26,0.0,874.26,Cash
2023-04-02,Store_Hyderabad,Electronics,CUST_1116,4,8794.47,10.0,31660.09,Credit Card
2023-04-02,Store_Mumbai,Sports,CUST_3405,1,1302.55,10.0,1172.3,Debit Card
2023-04-02,Store_Mumbai,Home & Kitchen,CUST_3301,4,2353.01,0.0,9412.04,UPI
2023-04-03,Store_Delhi,Electronics,CUST_2911,3,5822.24,10.0,15720.05,Cash
2023-04-03,Store_Delhi,Sports,CUST_2973,3,1256.44,5.0,3580.85,Cash
2023-04-03,Store_Delhi,Clothing,CUST_2123,5,933.07,5.0,4432.08,Credit Card
2023-04-03,Store_Hyderabad,Sports,CUST_3203,4,1527.94,0.0,6111.76,UPI
2023-04-03,Store_Hyderabad,Sports,CUST_2475,3,1499.77,5.0,4274.34,Debit Card
2023-04-03,Store_Chennai,Home & Kitchen,CUST_2869,4,2145.65,0.0,8582.6,UPI
2023-04-03,Store_Delhi,Sports,CUST_3710,3,1973.27,0.0,5919.81,Cash
2023-04-04,Store_Hyderabad,Electronics,CUST_2984,1,7030.53,5.0,6679.0,Cash
2023-04-04,Store_Delhi,Clothing,CUST_2032,4,955.74,0.0,3822.96,Debit Card
2023-04-04,Store_Mumbai,Clothing,CUST_2719,4,1016.93,0.0,4067.72,Cash
2023-04-04,Store_Bangalore,Groceries,CUST_2523,4,269.73,0.0,1078.92,UPI
2023-04-04,Store_Hyderabad,Sports,CUST_1419,1,1502.59,10.0,1352.33,
2023-04-04,Store_Hyderabad,Clothing,CUST_3146,5,1041.85,5.0,4948.79,Debit Card
2023-04-04,Store_Hyderabad,Sports,CUST_2125,4,1419.86,0.0,5679.44,Cash
2023-04-05,Store_Hyderabad,Groceries,CUST_2423,1,448.13,5.0,425.72,Credit Card
2023-04-05,Store_Chennai,Clothing,CUST_3607,5,898.93,5.0,4269.92,UPI
2023-04-05,Store_Bangalore,Groceries,CUST_1321,1,314.28,0.0,314.28,UPI
2023-04-05,Store_Delhi,Home & Kitchen,CUST_3633,2,1967.08,10.0,3540.74,Debit Card
2023-04-05,Store_Mumbai,Home & Kitchen,CUST_1559,1,2189.91,5.0,2080.41,UPI
2023-04-05,Store_Delhi,Groceries,CUST_3226,1,367.51,0.0,367.51,Debit Card
2023-04-05,Store_Delhi,Clothing,CUST_2569,1,983.31,0.0,983.31,UPI
2023-04-06,Store_Bangalore,Clothing,CUST_3045,2,1053.45,10.0,1896.21,UPI
2023-04-06,Store_Delhi,Home & Kitchen,CUST_2838,4,1684.78,10.0,6065.21,Debit Card
2023-04-06,Store_Mumbai,Electronics,CUST_3515,4,6537.76,,20920.83,Credit Card
2023-04-06,Store_Bangalore,Electronics,CUST_3593,4,7284.07,5.0,27679.47,Debit Card
2023-04-06,Store_Mumbai,Sports,CUST_1688,5,2119.45,15.0,9007.66,Credit Card
2023-04-06,Store_Delhi,Home & Kitchen,CUST_3596,2,1871.76,0.0,3743.52,Credit Card
2023-04-06,Store_Hyderabad,Home & Kitchen,CUST_1079,5,2166.24,5.0,10289.64,Debit Card
2023-04-07,Store_Bangalore,Home & Kitchen,CUST_3093,2,2317.56,15.0,3939.85,Credit Card
2023-04-07,Store_Mumbai,Home & Kitchen,CUST_1613,4,1687.98,0.0,6751.92,Debit Card
2023-04-07,Store_Hyderabad,Groceries,CUST_2630,5,396.34,0.0,1981.7,Cash
2023-04-07,Store_Bangalore,Clothing,CUST_2581,1,1096.89,10.0,987.2,Credit Card
2023-04-07,Store_Chennai,Groceries,CUST_2055,5,340.19,5.0,1615.9,Debit Card
2023-04-07,Store_Bangalore,Sports,CUST_3118,3,1882.24,0.0,5646.72,UPI
2023-04-07,Store_Chennai,Home & Kitchen,CUST_2703,2,2120.18,0.0,4240.36,UPI
2023-04-08,Store_Delhi,Electronics,CUST_1941,5,7742.01,15.0,32903.54,Debit Card
2023-04-08,Store_Chennai,Home & Kitchen,CUST_2006,1,2032.8,20.0,1626.24,Cash
2023-04-08,Store_Delhi,Groceries,CUST_1704,2,397.17,0.0,794.34,Cash
2023-04-08,Store_Hyderabad,Electronics,CUST_1257,4,8458.96,5.0,32144.05,Debit Card
2023-04-08,Store_Bangalore,Electronics,CUST_2107,1,6051.24,0.0,6051.24,Cash
2023-04-08,Store_Mumbai,Clothing,CUST_1055,1,1221.78,10.0,1099.6,Credit Card
2023-04-09,Store_Mumbai,Groceries,CUST_1795,1,325.36,10.0,292.82,UPI
2023-04-09,Store_Mumbai,Groceries,CUST_2206,5,302.22,20.0,1208.88,Cash
2023-04-09,Store_Mumbai,Electronics,CUST_2149,1,7444.16,15.0,6327.54,Debit Card
2023-04-09,Store_Hyderabad,Sports,CUST_2635,1,1768.89,5.0,1680.45,Debit Card
2023-04-09,Store_Delhi,Sports,CUST_2574,2,1749.39,5.0,3323.84,Debit Card
2023-04-09,Store_Hyderabad,Home & Kitchen,CUST_3164,4,1654.79,5.0,6288.2,Cash
2023-04-09,Store_Delhi,Sports,CUST_1400,4,1669.46,15.0,5676.16,UPI
2023-04-10,Store_Mumbai,Groceries,CUST_3821,1,356.34,20.0,285.07,Cash
2023-04-10,Store_Mumbai,Electronics,CUST_2413,5,6968.53,15.0,29616.25,Credit Card
2023-04-10,Store_Delhi,Groceries,CUST_3694,1,368.01,15.0,312.81,Cash
2023-04-10,Store_Chennai,Home & Kitchen,CUST_3389,1,2193.95,0.0,2193.95,Credit Card
2023-04-10,Store_Bangalore,Electronics,CUST_2321,2,6403.18,0.0,12806.36,UPI
2023-04-10,Store_Delhi,Electronics,CUST_1449,3,7572.63,10.0,20446.1,Credit Card
2023-04-10,Store_Delhi,Home & Kitchen,CUST_2744,4,2494.83,0.0,9979.32,Debit Card
2023-04-11,Store_Hyderabad,Sports,CUST_2583,5,1509.71,10.0,6793.7,UPI
2023-04-11,Store_Delhi,Electronics,CUST_3004,3,6724.82,0.0,20174.46,Debit Card
2023-04-11,Store_Mumbai,Clothing,CUST_2124,5,1002.33,0.0,5011.65,Cash
2023-04-11,Store_Chennai,Electronics,CUST_1395,1,5801.41,20.0,4641.13,Credit Card
2023-04-11,Store_Delhi,Sports,CUST_3914,5,1498.77,0.0,7493.85,Credit Card
2023-04-11,Store_Bangalore,Groceries,CUST_2171,3,343.84,10.0,928.37,UPI
2023-04-11,Store_Delhi,Clothing,CUST_2211,2,1298.67,5.0,2467.47,Debit Card
2023-04-12,Store_Bangalore,Clothing,CUST_1292,3,1274.89,0.0,3824.67,UPI
2023-04-12,Store_Bangalore,Home & Kitchen,CUST_3374,5,1805.65,10.0,8125.42,UPI
2023-04-12,Store_Bangalore,Clothing,CUST_1979,3,1001.34,0.0,3004.02,Credit Card
2023-04-12,Store_Mumbai,Groceries,CUST_1931,5,403.92,0.0,2019.6,UPI
2023-04-12,Store_Delhi,Groceries,CUST_2721,2,340.33,0.0,680.66,Credit Card
2023-04-12,Store_Mumbai,Clothing,CUST_3983,3,1150.57,10.0,3106.54,Cash
2023-04-12,Store_Mumbai,Groceries,CUST_1308,3,343.07,20.0,823.37,Credit Card
2023-04-13,Store_Mumbai,Electronics,CUST_1712,3,7449.57,10.0,20113.84,Debit Card
2023-04-13,Store_Bangalore,Clothing,CUST_1244,4,941.37,0.0,3765.48,Credit Card
2023-04-13,Store_Delhi,Clothing,CUST_1929,4,1047.15,5.0,3979.17,Cash
2023-04-13,Store_Delhi,Home & Kitchen,CUST_1743,5,2924.43,0.0,14622.15,Debit Card
2023-04-13,Store_Delhi,Home & Kitchen,CUST_2711,4,2098.22,0.0,8392.88,Credit Card
2023-04-13,Store_Chennai,Home & Kitchen,CUST_1247,3,3028.92,10.0,8178.08,Debit Card
2023-04-13,Store_Delhi,Electronics,CUST_1307,3,8082.51,0.0,24247.53,Credit Card
2023-04-14,Store_Chennai,Home & Kitchen,CUST_2185,3,2226.23,0.0,6678.69,Cash
2023-04-14,Store_Delhi,Sports,CUST_3847,3,1404.52,10.0,3792.2,Debit Card
2023-04-14,Store_Hyderabad,Sports,CUST_1002,4,1846.34,0.0,7385.36,Credit Card
2023-04-14,Store_Chennai,Home & Kitchen,CUST_2012,2,2206.57,15.0,3751.17,Debit Card
2023-04-14,Store_Bangalore,Electronics,CUST_3351,1,5454.14,10.0,4908.73,UPI
2023-04-14,Store_Chennai,Home & Kitchen,CUST_2101,2,2543.66,5.0,4832.95,UPI
2023-04-14,Store_Mumbai,Clothing,CUST_3937,5,1324.99,5.0,6293.7,Credit Card
2023-04-15,Store_Delhi,Groceries,CUST_3325,2,320.2,15.0,544.34,Debit Card
2023-04-15,Store_Chennai,Sports,CUST_3488,1,1522.58,0.0,1522.58,Credit Card
2023-04-15,Store_Hyderabad,Electronics,CUST_1481,5,7266.66,20.0,29066.64,Credit Card
2023-04-15,Store_Delhi,Clothing,CUST_3706,3,1090.68,0.0,3272.04,Credit Card
2023-04-15,Store_Delhi,Home & Kitchen,CUST_1276,4,2037.57,10.0,7335.25,Cash
2023-04-15,Store_Delhi,Home & Kitchen,CUST_1236,1,2499.22,0.0,2499.22,Credit Card
2023-04-16,Store_Hyderabad,Groceries,CUST_2768,2,416.11,0.0,832.22,Debit Card
2023-04-16,Store_Mumbai,Groceries,CUST_2659,1,313.83,0.0,313.83,Cash
2023-04-16,Store_Delhi,Groceries,CUST_3701,3,339.41,5.0,967.32,UPI
2023-04-16,Store_Bangalore,Home & Kitchen,CUST_1621,3,1675.54,15.0,4272.63,UPI
2023-04-16,Store_Delhi,Home & Kitchen,CUST_1905,1,2561.41,20.0,2049.13,UPI
2023-04-16,Store_Chennai,Sports,CUST_2117,2,1284.62,10.0,2312.32,Cash
2023-04-16,Store_Mumbai,Groceries,CUST_1494,5,369.01,10.0,1660.54,Debit Card
2023-04-17,Store_Delhi,Electronics,CUST_1668,5,8984.44,0.0,44922.2,UPI
2023-04-17,Store_Delhi,Sports,CUST_1350,1,1485.62,0.0,1485.62,Credit Card
2023-04-17,Store_Chennai,Sports,CUST_2037,4,1582.08,10.0,5695.49,Debit Card
2023-04-17,Store_Mumbai,Clothing,CUST_3279,2,983.62,20.0,1573.79,Cash
2023-04-17,Store_Mumbai,Sports,CUST_3164,5,1334.23,20.0,5336.92,Debit Card
2023-04-17,Store_Hyderabad,Clothing,CUST_2683,4,966.24,0.0,3864.96,UPI
2023-04-17,Store_Hyderabad,Electronics,CUST_1429,2,6598.67,15.0,11217.74,Credit Card
2023-04-18,Store_Bangalore,Groceries,CUST_2117,2,421.69,10.0,759.04,Debit Card
2023-04-18,Store_Mumbai,Clothing,CUST_3786,4,1128.64,0.0,4514.56,Credit Card
2023-04-18,Store_Delhi,Electronics,CUST_3054,3,6885.41,15.0,17557.8,Credit Card
2023-04-18,Store_Bangalore,Sports,CUST_2787,4,1328.8,0.0,5315.2,Credit Card
2023-04-18,Store_Delhi,Clothing,CUST_2266,1,1368.49,20.0,1094.79,Cash
2023-04-18,Store_Hyderabad,Home & Kitchen,CUST_1877,5,2349.02,0.0,11745.1,Cash
2023-04-18,Store_Bangalore,Home & Kitchen,CUST_2973,1,1895.5,0.0,1895.5,
2023-04-19,Store_Delhi,Sports,CUST_1110,1,1198.84,0.0,1198.84,Debit Card
2023-04-19,Store_Delhi,Sports,CUST_1065,1,1491.56,5.0,1416.98,Credit Card
2023-04-19,Store_Chennai,Groceries,CUST_2510,3,385.59,0.0,1156.77,Debit Card
2023-04-19,Store_Bangalore,Sports,CUST_2463,5,1631.44,0.0,8157.2,UPI
2023-04-19,Store_Delhi,Clothing,CUST_2055,1,1040.73,0.0,1040.73,UPI
2023-04-19,Store_Mumbai,Sports,CUST_1166,3,1421.71,0.0,4265.13,Cash
2023-04-19,Store_Delhi,Sports,CUST_3187,2,1788.28,0.0,3576.56,Cash
2023-04-20,Store_Hyderabad,Home & Kitchen,CUST_1333,5,2803.71,20.0,11214.84,Cash
2023-04-20,Store_Delhi,Groceries,CUST_3832,4,274.93,0.0,1099.72,Debit Card
2023-04-20,Store_Bangalore,Home & Kitchen,CUST_3595,5,2423.8,20.0,9695.2,Debit Card
2023-04-20,Store_Hyderabad,Sports,CUST_2294,1,2084.23,10.0,1875.81,Credit Card
2023-04-20,Store_Hyderabad,Home & Kitchen,CUST_2620,5,1940.09,15.0,8245.38,UPI
2023-04-20,Store_Delhi,Groceries,CUST_2559,1,293.41,15.0,249.4,Cash
2023-04-20,Store_Hyderabad,Electronics,CUST_2002,4,8202.24,0.0,32808.96,Credit Card
2023-04-21,Store_Hyderabad,Groceries,CUST_1342,4,337.78,0.0,1351.12,Debit Card
2023-04-21,Store_Mumbai,Sports,CUST_2233,5,1466.29,0.0,7331.45,Debit Card
2023-04-21,Store_Chennai,Home & Kitchen,CUST_2833,3,2599.9,0.0,7799.7,Credit Card
2023-04-21,Store_Delhi,Home & Kitchen,CUST_3208,4,2168.07,0.0,8672.28,Cash
2023-04-21,Store_Hyderabad,Sports,CUST_1223,3,1746.27,10.0,4714.93,Credit Card
2023-04-21,Store_Mumbai,Electronics,CUST_3086,4,9111.23,0.0,36444.92,Debit Card
2023-04-21,Store_Bangalore,Electronics,CUST_3017,1,6876.55,0.0,6876.55,Credit Card
2023-04-22,Store_Delhi,Home & Kitchen,CUST_3783,4,2328.04,10.0,8380.94,Cash
2023-04-22,Store_Hyderabad,Home & Kitchen,CUST_2992,5,1923.18,0.0,9615.9,Credit Card
2023-04-22,Store_Bangalore,Sports,CUST_1806,5,1559.34,5.0,7406.86,Cash
2023-04-22,Store_Delhi,Home & Kitchen,CUST_1925,5,2037.77,20.0,8151.08,Debit Card
2023-04-22,Store_Bangalore,Clothing,CUST_1260,2,1231.84,15.0,2094.13,UPI
2023-04-22,Store_Mumbai,Groceries,CUST_2999,4,332.7,15.0,1131.18,UPI
2023-04-23,Store_Mumbai,Clothing,CUST_1058,3,1428.15,20.0,3427.56,Debit Card
2023-04-23,Store_Hyderabad,Clothing,CUST_1485,3,1037.75,0.0,3113.25,UPI
2023-04-23,Store_Mumbai,Clothing,CUST_3662,2,977.17,5.0,1856.62,Cash
2023-04-23,Store_Bangalore,Clothing,CUST_2667,5,1363.7,0.0,6818.5,Credit Card
2023-04-23,Store_Hyderabad,Home & Kitchen,CUST_3739,3,2035.03,10.0,5494.58,Cash
2023-04-23,Store_Mumbai,Sports,CUST_2129,1,1532.53,15.0,1302.65,Credit Card
2023-04-23,Store_Hyderabad,Clothing,CUST_2579,3,1070.14,10.0,2889.38,Cash
2023-04-24,Store_Bangalore,Clothing,CUST_1025,1,1020.55,0.0,1020.55,UPI
2023-04-24,Store_Bangalore,Sports,CUST_1868,5,2173.53,0.0,10867.65,Debit Card
2023-04-24,Store_Chennai,Groceries,CUST_1013,2,369.31,5.0,701.69,Debit Card
2023-04-24,Store_Hyderabad,Groceries,CUST_3773,1,357.88,10.0,322.09,Debit Card
2023-04-24,Store_Chennai,Clothing,CUST_1143,2,1408.34,10.0,2535.01,UPI
2023-04-24,Store_Bangalore,Electronics,CUST_2427,3,7198.59,,19436.19,Debit Card
2023-04-24,Store_Bangalore,Electronics,CUST_3391,4,5518.99,5.0,20972.16,Cash
2023-04-25,Store_Mumbai,Electronics,CUST_1620,1,5883.88,0.0,5883.88,Debit Card
2023-04-25,Store_Delhi,Electronics,CUST_2294,1,9648.03,0.0,9648.03,Cash
2023-04-25,Store_Hyderabad,Sports,CUST_2873,4,1651.57,0.0,6606.28,UPI
2023-04-25,Store_Chennai,Clothing,CUST_1807,5,957.69,10.0,4309.61,Debit Card
2023-04-25,Store_Mumbai,Sports,CUST_1636,5,1729.25,0.0,8646.25,Cash
2023-04-25,Store_Chennai,Home & Kitchen,CUST_1340,5,2213.31,5.0,10513.22,Debit Card
2023-04-25,Store_Delhi,Sports,CUST_1315,1,1550.7,10.0,1395.63,Debit Card
2023-04-26,Store_Chennai,Sports,CUST_1126,3,1825.62,5.0,5203.02,Debit Card
2023-04-26,Store_Delhi,Home & Kitchen,CUST_1085,4,1591.85,0.0,6367.4,UPI
2023-04-26,Store_Delhi,Electronics,CUST_3899,4,5903.01,10.0,21250.84,Credit Card
2023-04-26,Store_Bangalore,Electronics,CUST_2048,1,7272.8,0.0,7272.8,Cash
2023-04-26,Store_Bangalore,Sports,CUST_1548,1,1503.25,15.0,1277.76,Cash
2023-04-26,Store_Mumbai,Clothing,CUST_2152,1,1177.07,5.0,1118.22,UPI
2023-04-26,Store_Bangalore,Groceries,CUST_2128,5,300.33,5.0,1426.57,Cash
2023-04-27,Store_Hyderabad,Home & Kitchen,CUST_3947,4,2026.6,5.0,7701.08,UPI
2023-04-27,Store_Chennai,Electronics,CUST_2685,3,7197.66,5.0,20513.33,Credit Card
2023-04-27,Store_Bangalore,Groceries,CUST_3260,4,355.02,20.0,1136.06,Debit Card
2023-04-27,Store_Hyderabad,Clothing,CUST_2499,5,1069.39,5.0,5079.6,Debit Card
2023-04-27,Store_Hyderabad,Electronics,CUST_1592,1,5046.84,0.0,5046.84,Credit Card
2023-04-27,Store_Hyderabad,Home & Kitchen,CUST_3867,4,1877.97,0.0,7511.88,Debit Card
2023-04-27,Store_Chennai,Home & Kitchen,CUST_3813,2,2695.81,20.0,4313.3,Cash
2023-04-28,Store_Delhi,Home & Kitchen,CUST_3336,2,2042.55,0.0,4085.1,Credit Card
2023-04-28,Store_Mumbai,Electronics,CUST_1017,4,6045.39,0.0,24181.56,UPI
2023-04-28,Store_Chennai,Groceries,CUST_1975,4,379.91,0.0,1519.64,Cash
2023-04-28,Store_Delhi,Sports,CUST_3526,4,1497.02,10.0,5389.27,Cash
2023-04-28,Store_Delhi,Home & Kitchen,CUST_2818,4,1824.79,0.0,7299.16,Debit Card
2023-04-28,Store_Mumbai,Electronics,CUST_2514,4,6453.29,5.0,24522.5,Cash
2023-04-28,Store_Mumbai,Clothing,CUST_1100,1,1292.83,20.0,1034.26,UPI
2023-04-29,Store_Mumbai,Sports,CUST_2739,1,1431.82,10.0,1288.64,UPI
2023-04-29,Store_Delhi,Groceries,CUST_1678,5,418.96,20.0,1675.84,UPI
2023-04-29,Store_Mumbai,Electronics,CUST_2200,3,8356.06,10.0,22561.36,Credit Card
2023-04-29,Store_Mumbai,Sports,CUST_1687,1,1956.37,0.0,1956.37,Credit Card
2023-04-29,Store_Hyderabad,Electronics,CUST_1726,4,7161.56,15.0,24349.3,Debit Card
2023-04-29,Store_Bangalore,Sports,CUST_3409,1,1605.59,0.0,1605.59,Credit Card
2023-04-30,Store_Chennai,Clothing,CUST_2910,4,911.5,10.0,3281.4,Cash
2023-04-30,Store_Delhi,Sports,CUST_2105,3,1377.07,5.0,3924.65,Debit Card
2023-04-30,Store_Bangalore,Electronics,CUST_3838,4,8117.23,20.0,25975.14,Cash
2023-04-30,Store_Bangalore,Electronics,CUST_1088,3,7093.93,0.0,21281.79,Credit Card
2023-04-30,Store_Mumbai,Groceries,CUST_3556,1,358.52,10.0,322.67,Credit Card
2023-04-30,Store_Bangalore,Sports,CUST_3572,3,1672.55,0.0,5017.65,UPI
2023-04-30,Store_Hyderabad,Home & Kitchen,CUST_2741,1,2216.62,0.0,2216.62,Debit Card
2023-05-01,Store_Hyderabad,Electronics,CUST_1399,1,8616.17,20.0,6892.94,UPI
2023-05-01,Store_Bangalore,Clothing,CUST_2241,2,1030.32,0.0,2060.64,UPI
2023-05-01,Store_Hyderabad,Home & Kitchen,CUST_3773,4,2066.92,15.0,7027.53,Credit Card
2023-05-01,Store_Mumbai,Home & Kitchen,CUST_3412,1,2813.73,0.0,2813.73,Credit Card
2023-05-01,Store_Hyderabad,Groceries,CUST_1322,2,427.22,0.0,854.44,Cash
2023-05-01,Store_Mumbai,Groceries,CUST_1620,4,322.46,10.0,1160.86,Credit Card
2023-05-01,Store_Delhi,Electronics,CUST_3075,3,7448.93,5.0,21229.45,Debit Card
2023-05-02,Store_Chennai,Home & Kitchen,CUST_1542,2,2312.45,5.0,4393.66,Credit Card
2023-05-02,Store_Delhi,Clothing,CUST_1574,5,1337.98,20.0,5351.92,Debit Card
2023-05-02,Store_Chennai,Home & Kitchen,CUST_3596,4,2524.71,20.0,8079.07,Cash
2023-05-02,Store_Mumbai,Electronics,CUST_1362,5,8070.05,5.0,38332.74,Credit Card
2023-05-02,Store_Bangalore,Electronics,CUST_2341,1,7804.5,0.0,7804.5,UPI
2023-05-02,Store_Bangalore,Groceries,CUST_2284,4,464.81,0.0,1859.24,UPI
2023-05-02,Store_Chennai,Sports,CUST_1782,1,2062.23,5.0,1959.12,Credit Card
2023-05-03,Store_Bangalore,Sports,CUST_3104,2,1914.22,20.0,3062.75,Cash
2023-05-03,Store_Mumbai,Home & Kitchen,CUST_1953,2,1719.13,15.0,2922.52,Cash
2023-05-03,Store_Mumbai,Home & Kitchen,CUST_2497,1,1916.41,0.0,1916.41,UPI
2023-05-03,Store_Delhi,Electronics,CUST_1379,2,8358.65,5.0,15881.43,UPI
2023-05-03,Store_Bangalore,Home & Kitchen,CUST_3099,5,2301.55,10.0,10356.98,Cash
2023-05-03,Store_Chennai,Groceries,CUST_3545,1,335.78,20.0,268.62,Credit Card
2023-05-03,Store_Delhi,Home & Kitchen,CUST_2139,3,2034.76,10.0,5493.85,UPI
2023-05-04,Store_Mumbai,Groceries,CUST_2994,2,283.39,0.0,566.78,Cash
2023-05-04,Store_Delhi,Electronics,CUST_1736,1,8015.69,20.0,6412.55,Debit Card
2023-05-04,Store_Bangalore,Home & Kitchen,CUST_2347,2,2419.36,10.0,4354.85,Debit Card
2023-05-04,Store_Mumbai,Sports,CUST_3538,3,1425.83,,4277.49,UPI
2023-05-04,Store_Chennai,Electronics,CUST_3219,5,5911.79,20.0,23647.16,Debit Card
2023-05-04,Store_Hyderabad,Groceries,CUST_1688,2,400.52,20.0,640.83,UPI
2023-05-04,Store_Hyderabad,Electronics,CUST_3396,1,8740.24,0.0,8740.24,Debit Card
2023-05-05,Store_Mumbai,Home & Kitchen,CUST_1797,3,2366.9,0.0,7100.7,Cash
2023-05-05,Store_Chennai,Groceries,CUST_2897,2,300.6,0.0,601.2,Credit Card
2023-05-05,Store_Chennai,Sports,CUST_3616,2,1298.92,5.0,2467.95,Credit Card
2023-05-05,Store_Hyderabad,Sports,CUST_1736,2,1649.85,10.0,2969.73,Cash
2023-05-05,Store_Mumbai,Sports,CUST_1290,3,1266.62,0.0,3799.86,UPI
2023-05-05,Store_Hyderabad,Electronics,CUST_3060,4,5740.9,0.0,22963.6,Credit Card
2023-05-05,Store_Hyderabad,Sports,CUST_1466,5,1386.28,0.0,6931.4,Cash
2023-05-06,Store_Bangalore,Clothing,CUST_2236,1,1144.58,5.0,1087.35,Debit Card
2023-05-06,Store_Bangalore,Electronics,CUST_1921,4,8523.29,0.0,34093.16,Credit Card
2023-05-06,Store_Delhi,Electronics,CUST_1151,5,9045.44,0.0,45227.2,Debit Card
2023-05-06,Store_Delhi,Groceries,CUST_3347,2,331.9,0.0,663.8,Debit Card
2023-05-06,Store_Bangalore,Electronics,CUST_3824,1,6468.93,5.0,6145.48,UPI
2023-05-06,Store_Delhi,Groceries,CUST_1483,4,332.17,5.0,1262.25,Cash
2023-05-07,Store_Delhi,Sports,CUST_1424,4,1999.01,20.0,6396.83,Cash
2023-05-07,Store_Hyderabad,Groceries,CUST_1476,2,344.65,0.0,689.3,Debit Card
2023-05-07,Store_Bangalore,Groceries,CUST_2454,5,401.17,5.0,1905.56,Debit Card
2023-05-07,Store_Chennai,Sports,CUST_2487,5,1918.78,20.0,7675.12,Debit Card
2023-05-07,Store_Delhi,Clothing,CUST_3099,2,1096.02,10.0,1972.84,UPI
2023-05-07,Store_Mumbai,Groceries,CUST_3975,5,322.07,0.0,1610.35,Cash
2023-05-07,Store_Bangalore,Sports,CUST_1496,5,1405.22,0.0,7026.1,Debit Card
2023-05-08,Store_Delhi,Home & Kitchen,CUST_2080,4,1633.28,10.0,5879.81,Credit Card
2023-05-08,Store_Bangalore,Home & Kitchen,CUST_3667,2,2726.51,10.0,4907.72,Cash
2023-05-08,Store_Delhi,Electronics,CUST_3812,1,7529.54,10.0,6776.59,Debit Card
2023-05-08,Store_Bangalore,Groceries,CUST_1429,3,365.14,5.0,1040.65,UPI
2023-05-08,Store_Mumbai,Clothing,CUST_2813,4,1208.04,0.0,4832.16,Debit Card
2023-05-08,Store_Bangalore,Electronics,CUST_2553,3,5358.81,10.0,14468.79,Credit Card
2023-05-08,Store_Bangalore,Sports,CUST_2226,3,1438.32,0.0,4314.96,UPI
2023-05-09,Store_Chennai,Clothing,CUST_1839,1,1366.01,5.0,1297.71,Cash
2023-05-09,Store_Delhi,Sports,CUST_1998,1,1812.87,10.0,1631.58,Cash
2023-05-09,Store_Chennai,Clothing,CUST_2060,1,971.96,5.0,923.36,UPI
2023-05-09,Store_Delhi,Groceries,CUST_1206,4,438.85,0.0,1755.4,Cash
2023-05-09,Store_Delhi,Sports,CUST_3795,2,2076.16,20.0,3321.86,Debit Card
2023-05-09,Store_Bangalore,Groceries,CUST_2877,2,277.07,10.0,498.73,Cash
2023-05-09,Store_Hyderabad,Groceries,CUST_1533,4,275.69,0.0,1102.76,UPI
2023-05-10,Store_Hyderabad,Sports,CUST_3471,1,2148.35,20.0,1718.68,Cash
2023-05-10,Store_Hyderabad,Sports,CUST_2808,3,1704.7,5.0,4858.4,Cash
2023-05-10,Store_Bangalore,Groceries,CUST_2268,1,426.96,0.0,426.96,Debit Card
2023-05-10,Store_Delhi,Clothing,CUST_2996,4,1069.79,10.0,3851.24,Credit Card
2023-05-10,Store_Bangalore,Sports,CUST_3884,3,1561.21,0.0,4683.63,UPI
2023-05-10,Store_Hyderabad,Clothing,CUST_3389,1,1101.24,0.0,1101.24,Credit Card
2023-05-10,Store_Mumbai,Groceries,CUST_2868,3,386.37,0.0,1159.11,Credit Card
2023-05-11,Store_Chennai,Groceries,CUST_3916,1,336.98,0.0,336.98,UPI
2023-05-11,Store_Chennai,Sports,CUST_3868,5,1992.71,0.0,9963.55,Cash
2023-05-11,Store_Hyderabad,Clothing,CUST_1830,4,1159.47,20.0,3710.3,Cash
2023-05-11,Store_Mumbai,Groceries,CUST_2364,5,319.37,5.0,1517.01,Debit Card
2023-05-11,Store_Delhi,Electronics,CUST_2705,5,7808.31,5.0,37089.47,Credit Card
2023-05-11,Store_Hyderabad,Clothing,CUST_3472,1,947.86,10.0,853.07,Debit Card
2023-05-11,Store_Bangalore,Clothing,CUST_2720,4,1066.03,10.0,3837.71,Cash
2023-05-12,Store_Bangalore,Electronics,CUST_3511,4,6075.7,0.0,24302.8,Cash
2023-05-12,Store_Hyderabad,Groceries,CUST_1302,3,317.72,0.0,953.16,Credit Card
2023-05-12,Store_Mumbai,Clothing,CUST_1976,3,772.32,0.0,2316.96,Debit Card
2023-05-12,Store_Chennai,Home & Kitchen,CUST_3306,4,2324.78,10.0,8369.21,Credit Card
2023-05-12,Store_Hyderabad,Sports,CUST_1050,5,2006.93,10.0,9031.18,Cash
2023-05-12,Store_Bangalore,Home & Kitchen,CUST_3925,4,2646.11,5.0,10055.22,Cash
2023-05-12,Store_Delhi,Clothing,CUST_1582,3,1304.29,10.0,3521.58,UPI
2023-05-13,Store_Chennai,Home & Kitchen,CUST_3987,5,2814.35,5.0,13368.16,Credit Card
2023-05-13,Store_Bangalore,Sports,CUST_1957,3,1843.74,5.0,5254.66,Credit Card
2023-05-13,Store_Delhi,Sports,CUST_1601,3,1772.0,20.0,4252.8,UPI
2023-05-13,Store_Hyderabad,Clothing,CUST_3183,2,1443.61,5.0,2742.86,Debit Card
2023-05-13,Store_Hyderabad,Groceries,CUST_3559,4,398.3,0.0,1593.2,Cash
2023-05-13,Store_Bangalore,Groceries,CUST_3429,5,305.64,10.0,1375.38,Cash
2023-05-14,Store_Mumbai,Groceries,CUST_1494,2,350.21,20.0,560.34,Credit Card
2023-05-14,Store_Mumbai,Electronics,CUST_1806,3,7280.04,15.0,18564.1,UPI
2023-05-14,Store_Bangalore,Electronics,CUST_2771,5,9571.18,5.0,45463.1,Credit Card
2023-05-14,Store_Delhi,Groceries,CUST_2026,2,399.06,15.0,678.4,UPI
2023-05-14,Store_Hyderabad,Sports,CUST_3405,5,1544.25,5.0,7335.19,Debit Card
2023-05-14,Store_Mumbai,Sports,CUST_2107,3,1514.75,15.0,3862.61,UPI
2023-05-14,Store_Mumbai,Home & Kitchen,CUST_2054,3,2621.65,10.0,7078.46,Credit Card
2023-05-15,Store_Delhi,Sports,CUST_3626,4,1418.06,10.0,5105.02,Credit Card
2023-05-15,Store_Chennai,Sports,CUST_1893,2,1435.13,5.0,2726.75,UPI
2023-05-15,Store_Chennai,Home & Kitchen,CUST_2186,5,2581.41,5.0,12261.7,Credit Card
2023-05-15,Store_Bangalore,Clothing,CUST_2156,3,1196.87,0.0,3590.61,UPI
2023-05-15,Store_Bangalore,Home & Kitchen,CUST_2944,5,1720.43,0.0,8602.15,Cash
2023-05-15,Store_Hyderabad,Clothing,CUST_3922,4,979.36,10.0,3525.7,UPI
2023-05-15,Store_Bangalore,Home & Kitchen,CUST_2755,3,2589.07,0.0,7767.21,Debit Card
2023-05-16,Store_Mumbai,Groceries,CUST_2186,5,249.86,15.0,1061.91,Credit Card
2023-05-16,Store_Delhi,Sports,CUST_3727,5,1327.94,0.0,6639.7,UPI
2023-05-16,Store_Bangalore,Home & Kitchen,CUST_1617,3,2307.87,0.0,6923.61,Cash
2023-05-16,Store_Delhi,Home & Kitchen,CUST_2074,1,2290.48,5.0,2175.96,Credit Card
2023-05-16,Store_Bangalore,Sports,CUST_1625,5,1703.99,0.0,8519.95,UPI
2023-05-16,Store_Chennai,Home & Kitchen,CUST_2268,3,2270.0,0.0,6810.0,Debit Card
2023-05-16,Store_Hyderabad,Sports,CUST_3979,5,1498.15,0.0,7490.75,Cash
2023-05-17,Store_Hyderabad,Clothing,CUST_2702,3,1030.12,10.0,2781.32,Cash
2023-05-17,Store_Delhi,Groceries,CUST_2647,3,314.53,10.0,849.23,Debit Card
2023-05-17,Store_Mumbai,Electronics,CUST_2265,3,7627.51,5.0,21738.4,Credit Card
2023-05-17,Store_Chennai,Sports,CUST_3817,2,1726.67,20.0,2762.67,Credit Card
2023-05-17,Store_Delhi,Clothing,CUST_1904,3,1160.59,0.0,3481.77,Debit Card
2023-05-17,Store_Chennai,Sports,CUST_3360,3,1697.63,0.0,5092.89,Debit Card
2023-05-17,Store_Chennai,Groceries,CUST_3524,1,295.76,0.0,295.76,Debit Card
2023-05-18,Store_Chennai,Home & Kitchen,CUST_1100,4,2218.04,15.0,7541.34,UPI
2023-05-18,Store_Hyderabad,Electronics,CUST_1789,5,6095.58,5.0,28954.0,Credit Card
2023-05-18,Store_Mumbai,Sports,CUST_1886,5,1300.87,0.0,6504.35,Cash
2023-05-18,Store_Hyderabad,Sports,CUST_2910,5,2120.89,5.0,10074.23,UPI
2023-05-18,Store_Delhi,Sports,CUST_1822,1,1392.68,0.0,1392.68,Credit Card
2023-05-18,Store_Mumbai,Sports,CUST_2531,4,2087.03,10.0,7513.31,Cash
2023-05-18,Store_Bangalore,Groceries,CUST_1191,4,405.53,10.0,1459.91,Cash
2023-05-19,Store_Chennai,Clothing,CUST_2687,3,1033.59,5.0,2945.73,Cash
2023-05-19,Store_Hyderabad,Sports,CUST_3057,5,1705.66,10.0,7675.47,Cash
2023-05-19,Store_Mumbai,Home & Kitchen,CUST_3492,2,2094.94,20.0,3351.9,Cash
2023-05-19,Store_Bangalore,Groceries,CUST_1254,2,386.24,0.0,772.48,Credit Card
2023-05-19,Store_Chennai,Electronics,CUST_3801,5,6123.0,0.0,30615.0,Credit Card
2023-05-19,Store_Bangalore,Home & Kitchen,CUST_2340,5,2407.54,20.0,9630.16,Debit Card
2023-05-19,Store_Chennai,Home & Kitchen,CUST_3764,5,1720.34,20.0,6881.36,Cash
2023-05-20,Store_Chennai,Sports,CUST_2819,5,1453.03,5.0,6901.89,UPI
2023-05-20,Store_Hyderabad,Sports,CUST_1496,5,1813.43,0.0,9067.15,Cash
2023-05-20,Store_Bangalore,Electronics,CUST_1365,1,7444.6,0.0,7444.6,Cash
2023-05-20,Store_Delhi,Sports,CUST_2672,1,1321.72,0.0,1321.72,Credit Card
2023-05-20,Store_Chennai,Electronics,CUST_3471,2,6443.89,5.0,12243.39,Credit Card
2023-05-20,Store_Hyderabad,Electronics,CUST_1900,5,5368.37,0.0,26841.85,Debit Card
2023-05-21,Store_Bangalore,Groceries,CUST_3442,2,353.65,0.0,707.3,Credit Card
2023-05-21,Store_Hyderabad,Sports,CUST_3582,3,1280.73,10.0,3457.97,Debit Card
2023-05-21,Store_Chennai,Groceries,CUST_3687,3,410.08,10.0,1107.22,Debit Card
2023-05-21,Store_Hyderabad,Sports,CUST_1856,2,1405.64,10.0,2530.15,UPI
2023-05-21,Store_Hyderabad,Clothing,CUST_1810,3,1014.38,20.0,2434.51,UPI
2023-05-21,Store_Chennai,Sports,CUST_1841,2,1492.7,10.0,2686.86,Cash
2023-05-21,Store_Delhi,Clothing,CUST_2572,3,1096.46,0.0,3289.38,UPI
2023-05-22,Store_Chennai,Electronics,CUST_3629,2,9767.25,0.0,19534.5,Cash
2023-05-22,Store_Mumbai,Home & Kitchen,CUST_2553,4,2365.42,15.0,8042.43,Cash
2023-05-22,Store_Mumbai,Home & Kitchen,CUST_2516,2,2279.91,10.0,4103.84,Debit Card
2023-05-22,Store_Delhi,Home & Kitchen,CUST_1920,2,2888.13,0.0,5776.26,Debit Card
2023-05-22,Store_Mumbai,Sports,CUST_1405,5,1681.33,0.0,8406.65,UPI
2023-05-22,Store_Delhi,Sports,CUST_3446,3,1583.91,0.0,4751.73,UPI
2023-05-22,Store_Delhi,Home & Kitchen,CUST_3031,2,2127.07,0.0,4254.14,Debit Card
2023-05-23,Store_Hyderabad,Electronics,CUST_2588,3,7843.22,0.0,23529.66,UPI
2023-05-23,Store_Delhi,Electronics,CUST_2970,1,6298.09,5.0,5983.19,UPI
2023-05-23,Store_Delhi,Groceries,CUST_2308,3,444.76,0.0,1334.28,Credit Card
2023-05-23,Store_Hyderabad,Sports,CUST_1075,5,1698.22,10.0,7641.99,Cash
2023-05-23,Store_Bangalore,Home & Kitchen,CUST_2479,5,2979.26,0.0,14896.3,Credit Card
2023-05-23,Store_Mumbai,Clothing,CUST_1607,5,932.51,0.0,4662.55,Credit Card
2023-05-23,Store_Chennai,Groceries,CUST_3052,2,377.23,0.0,754.46,Cash
2023-05-24,Store_Hyderabad,Home & Kitchen,CUST_2205,4,2023.88,15.0,6881.19,Cash
2023-05-24,Store_Bangalore,Groceries,CUST_2263,2,347.54,20.0,556.06,UPI
2023-05-24,Store_Mumbai,Sports,CUST_3360,4,1886.19,20.0,6035.81,Cash
2023-05-24,Store_Hyderabad,Groceries,CUST_1978,1,380.44,20.0,304.35,Credit Card
2023-05-24,Store_Bangalore,Electronics,CUST_1126,3,8220.14,0.0,24660.42,Cash
2023-05-24,Store_Chennai,Home & Kitchen,CUST_1259,2,1895.58,20.0,3032.93,Credit Card
2023-05-24,Store_Hyderabad,Home & Kitchen,CUST_1955,2,1807.48,5.0,3434.21,Cash
2023-05-25,Store_Delhi,Sports,CUST_3366,4,1467.49,15.0,4989.47,Credit Card
2023-05-25,Store_Bangalore,Groceries,CUST_3932,1,419.67,0.0,419.67,Cash
2023-05-25,Store_Chennai,Clothing,CUST_3702,1,1096.87,0.0,1096.87,UPI
2023-05-25,Store_Chennai,Clothing,CUST_2698,3,1017.81,0.0,3053.43,Debit Card
2023-05-25,Store_Chennai,Electronics,CUST_3589,2,6631.69,0.0,13263.38,Cash
2023-05-25,Store_Chennai,Groceries,CUST_1730,3,375.17,0.0,1125.51,Cash
2023-05-25,Store_Bangalore,Sports,CUST_3692,4,1330.88,0.0,5323.52,Debit Card
2023-05-26,Store_Mumbai,Groceries,CUST_2281,1,328.88,20.0,263.1,Debit Card
2023-05-26,Store_Bangalore,Sports,CUST_2226,4,1786.4,0.0,7145.6,Debit Card
2023-05-26,Store_Delhi,Clothing,CUST_2584,3,1045.44,10.0,2822.69,Debit Card
2023-05-26,Store_Chennai,Home & Kitchen,CUST_2519,3,1576.44,5.0,4492.85,Cash
2023-05-26,Store_Bangalore,Sports,CUST_1491,3,1831.84,10.0,4945.97,Debit Card
2023-05-26,Store_Bangalore,Home & Kitchen,CUST_3669,5,2317.79,0.0,11588.95,UPI
2023-05-26,Store_Bangalore,Clothing,CUST_3102,3,836.69,10.0,2259.06,Debit Card
2023-05-27,Store_Mumbai,Groceries,CUST_3779,1,273.7,20.0,218.96,Credit Card
2023-05-27,Store_Mumbai,Sports,CUST_1435,5,1729.52,0.0,8647.6,UPI
2023-05-27,Store_Mumbai,Home & Kitchen,CUST_2717,3,2476.3,0.0,7428.9,Debit Card
2023-05-27,Store_Delhi,Clothing,CUST_1284,4,1066.07,5.0,4051.07,Debit Card
2023-05-27,Store_Mumbai,Home & Kitchen,CUST_3483,3,2123.98,0.0,6371.94,UPI
2023-05-27,Store_Mumbai,Sports,CUST_1729,3,1838.77,,5240.49,Cash
2023-05-28,Store_Chennai,Home & Kitchen,CUST_1250,1,2349.48,10.0,2114.53,Cash
2023-05-28,Store_Delhi,Groceries,CUST_2547,2,352.25,5.0,669.28,Debit Card
2023-05-28,Store_Mumbai,Sports,CUST_3498,3,1793.66,5.0,5111.93,Credit Card
2023-05-28,Store_Bangalore,Groceries,CUST_1548,2,295.24,10.0,531.43,UPI
2023-05-28,Store_Bangalore,Electronics,CUST_1675,1,6040.52,10.0,5436.47,Cash
2023-05-28,Store_Hyderabad,Groceries,CUST_3802,2,292.49,0.0,584.98,UPI
2023-05-28,Store_Chennai,Electronics,CUST_3609,2,8161.17,0.0,16322.34,Credit Card
2023-05-29,Store_Chennai,Groceries,CUST_2750,4,353.48,5.0,1343.22,UPI
2023-05-29,Store_Hyderabad,Sports,CUST_1113,4,1556.37,0.0,6225.48,UPI
2023-05-29,Store_Mumbai,Groceries,CUST_1025,3,357.05,5.0,1017.59,Credit Card
2023-05-29,Store_Mumbai,Electronics,CUST_1816,4,6421.85,5.0,24403.03,Credit Card
2023-05-29,Store_Hyderabad,Home & Kitchen,CUST_2867,5,3010.73,5.0,14300.97,Cash
2023-05-29,Store_Mumbai,Clothing,CUST_2149,1,1109.6,0.0,1109.6,Credit Card
2023-05-29,Store_Bangalore,Groceries,CUST_1532,5,482.08,20.0,1928.32,UPI
2023-05-30,Store_Bangalore,Sports,CUST_1026,2,1752.36,0.0,3504.72,Cash
2023-05-30,Store_Mumbai,Clothing,CUST_3978,1,883.3,0.0,883.3,Credit Card
2023-05-30,Store_Chennai,Electronics,CUST_1159,4,8192.96,5.0,31133.25,UPI
2023-05-30,Store_Hyderabad,Home & Kitchen,CUST_3697,1,2630.04,0.0,2630.04,Credit Card
2023-05-30,Store_Bangalore,Electronics,CUST_2643,4,7594.44,0.0,30377.76,Credit Card
2023-05-30,Store_Chennai,Clothing,CUST_3803,4,1263.66,15.0,4296.44,Credit Card
2023-05-30,Store_Bangalore,Sports,CUST_3717,3,1914.72,10.0,5169.74,UPI
2023-05-31,Store_Hyderabad,Home & Kitchen,CUST_3865,3,2087.02,10.0,5634.95,Cash
2023-05-31,Store_Hyderabad,Groceries,CUST_3210,4,302.33,10.0,1088.39,Cash
2023-05-31,Store_Mumbai,Electronics,CUST_2127,5,9043.68,10.0,40696.56,UPI
2023-05-31,Store_Mumbai,Electronics,CUST_3707,4,7260.82,0.0,29043.28,Debit Card
2023-05-31,Store_Bangalore,Groceries,CUST_3977,3,400.77,5.0,1142.19,Cash
2023-05-31,Store_Bangalore,Sports,CUST_2452,2,2225.53,5.0,4228.51,UPI
2023-05-31,Store_Hyderabad,Sports,CUST_3040,2,1328.41,20.0,2125.46,Debit Card
2023-06-01,Store_Chennai,Groceries,CUST_3555,1,457.54,0.0,457.54,Credit Card
2023-06-01,Store_Hyderabad,Groceries,CUST_1191,5,477.5,0.0,2387.5,
2023-06-01,Store_Delhi,Home & Kitchen,CUST_3354,1,4002.08,0.0,4002.08,Cash
2023-06-01,Store_Mumbai,Sports,CUST_2441,4,2228.05,0.0,8912.2,Credit Card
2023-06-01,Store_Chennai,Electronics,CUST_1240,2,9983.79,5.0,18969.2,Cash
2023-06-01,Store_Hyderabad,Groceries,CUST_3363,2,550.84,0.0,1101.68,Cash
2023-06-01,Store_Hyderabad,Home & Kitchen,CUST_3185,3,2506.23,20.0,6014.95,Debit Card
2023-06-02,Store_Mumbai,Groceries,CUST_1387,4,515.16,15.0,1751.54,UPI
2023-06-02,Store_Bangalore,Groceries,CUST_2193,3,626.1,15.0,1596.56,Debit Card
2023-06-02,Store_Delhi,Sports,CUST_3979,1,2162.48,10.0,1946.23,Cash
2023-06-02,Store_Chennai,Sports,CUST_3719,3,2801.49,10.0,7564.02,Debit Card
2023-06-02,Store_Hyderabad,Groceries,CUST_2082,3,524.06,10.0,1414.96,Cash
2023-06-02,Store_Hyderabad,Electronics,CUST_3950,4,11038.19,15.0,37529.85,Credit Card
2023-06-02,Store_Bangalore,Groceries,CUST_1317,2,416.14,20.0,665.82,UPI
2023-06-03,Store_Chennai,Clothing,CUST_2133,2,1599.53,0.0,3199.06,Cash
2023-06-03,Store_Bangalore,Groceries,CUST_3598,1,636.45,0.0,636.45,Credit Card
2023-06-03,Store_Hyderabad,Sports,CUST_3919,1,2142.79,,2142.79,Cash
2023-06-03,Store_Chennai,Groceries,CUST_2693,3,637.23,0.0,1911.69,UPI
2023-06-03,Store_Hyderabad,Sports,CUST_1047,2,2669.14,,5338.28,Credit Card
2023-06-03,Store_Delhi,Electronics,CUST_2387,1,7826.61,15.0,6652.62,UPI
2023-06-04,Store_Chennai,Home & Kitchen,CUST_2931,5,3467.44,0.0,17337.2,UPI
2023-06-04,Store_Chennai,Clothing,CUST_2563,4,1943.71,15.0,6608.61,Credit Card
2023-06-04,Store_Chennai,Groceries,CUST_3460,5,532.35,10.0,2395.58,UPI
2023-06-04,Store_Mumbai,Electronics,CUST_2456,3,8649.7,0.0,25949.1,Debit Card
2023-06-04,Store_Chennai,Clothing,CUST_1027,5,1680.78,20.0,6723.12,Debit Card
2023-06-04,Store_Mumbai,Home & Kitchen,CUST_3556,1,3375.42,10.0,3037.88,UPI
2023-06-04,Store_Chennai,Clothing,CUST_2604,1,1654.43,20.0,1323.54,Credit Card
2023-06-05,Store_Delhi,Clothing,CUST_1350,3,1738.06,15.0,4432.05,Credit Card
2023-06-05,Store_Bangalore,Sports,CUST_1793,4,2384.14,,9059.73,UPI
2023-06-05,Store_Bangalore,Sports,CUST_1443,2,2461.84,20.0,3938.94,Cash
2023-06-05,Store_Mumbai,Groceries,CUST_1071,4,510.3,10.0,1837.08,UPI
2023-06-05,Store_Bangalore,Home & Kitchen,CUST_1867,3,3301.82,10.0,8914.91,UPI
2023-06-05,Store_Chennai,Electronics,CUST_2561,2,8985.29,0.0,17970.58,Debit Card
2023-06-05,Store_Bangalore,Electronics,CUST_2246,2,9705.46,20.0,15528.74,Cash
2023-06-06,Store_Chennai,Home & Kitchen,CUST_3165,3,3248.41,20.0,7796.18,Credit Card
2023-06-06,Store_Chennai,Groceries,CUST_2145,4,603.16,0.0,2412.64,Debit Card
2023-06-06,Store_Chennai,Electronics,CUST_2976,3,10859.75,5.0,30950.29,Debit Card
2023-06-06,Store_Hyderabad,Sports,CUST_2742,1,1911.36,0.0,1911.36,UPI
2023-06-06,Store_Bangalore,Electronics,CUST_2875,5,10293.12,0.0,51465.6,Credit Card
2023-06-06,Store_Mumbai,Home & Kitchen,CUST_3567,1,2595.7,0.0,2595.7,UPI
2023-06-06,Store_Chennai,Home & Kitchen,CUST_1899,1,2891.11,20.0,2312.89,Credit Card
2023-06-07,Store_Delhi,Electronics,CUST_3660,3,8431.39,5.0,24029.46,Debit Card
2023-06-07,Store_Bangalore,Groceries,CUST_3828,5,532.86,0.0,2664.3,UPI
2023-06-07,Store_Mumbai,Groceries,CUST_3370,1,582.14,20.0,465.71,Cash
2023-06-07,Store_Mumbai,Home & Kitchen,CUST_1927,5,3815.39,20.0,15261.56,Cash
2023-06-07,Store_Hyderabad,Groceries,CUST_1142,4,486.07,0.0,1944.28,Cash
2023-06-07,Store_Delhi,Sports,CUST_2987,3,2608.97,0.0,7826.91,Debit Card
2023-06-07,Store_Bangalore,Groceries,CUST_1402,2,528.99,15.0,899.28,Credit Card
2023-06-08,Store_Chennai,Groceries,CUST_1032,1,526.69,0.0,526.69,Cash
2023-06-08,Store_Mumbai,Groceries,CUST_3030,4,623.62,0.0,2494.48,Credit Card
2023-06-08,Store_Delhi,Groceries,CUST_2166,2,543.42,10.0,978.16,Cash
2023-06-08,Store_Hyderabad,Home & Kitchen,CUST_1327,5,3489.5,10.0,15702.75,Debit Card
2023-06-08,Store_Mumbai,Home & Kitchen,CUST_1780,2,3853.16,0.0,7706.32,Cash
2023-06-08,Store_Bangalore,Groceries,CUST_3195,5,447.49,10.0,2013.7,Credit Card
2023-06-08,Store_Mumbai,Home & Kitchen,CUST_3847,5,3716.74,0.0,18583.7,Credit Card
2023-06-09,Store_Hyderabad,Electronics,CUST_1700,2,9442.98,20.0,15108.77,Cash
2023-06-09,Store_Hyderabad,Sports,CUST_3604,1,2626.36,0.0,2626.36,Credit Card
2023-06-09,Store_Bangalore,Sports,CUST_3089,3,3042.96,5.0,8672.44,Debit Card
2023-06-09,Store_Chennai,Sports,CUST_1484,4,2209.92,0.0,8839.68,Credit Card
2023-06-09,Store_Bangalore,Home & Kitchen,CUST_3774,5,2745.34,0.0,13726.7,Credit Card
2023-06-09,Store_Mumbai,Home & Kitchen,CUST_1707,1,3822.96,20.0,3058.37,Cash
2023-06-09,Store_Bangalore,Electronics,CUST_1479,3,9115.84,0.0,27347.52,Debit Card
2023-06-10,Store_Chennai,Sports,CUST_1707,4,2233.97,20.0,7148.7,Credit Card
2023-06-10,Store_Hyderabad,Groceries,CUST_2763,3,481.17,5.0,1371.33,UPI
2023-06-10,Store_Hyderabad,Groceries,CUST_3423,2,597.45,0.0,1194.9,UPI
2023-06-10,Store_Delhi,Clothing,CUST_1506,2,1286.38,0.0,2572.76,Credit Card
2023-06-10,Store_Hyderabad,Sports,CUST_2274,5,2269.99,10.0,10214.96,UPI
2023-06-10,Store_Delhi,Groceries,CUST_1018,3,579.96,0.0,1739.88,UPI
2023-06-11,Store_Mumbai,Sports,CUST_1162,1,2607.89,10.0,2347.1,Debit Card
2023-06-11,Store_Mumbai,Groceries,CUST_3171,3,453.49,5.0,1292.45,Debit Card
2023-06-11,Store_Delhi,Sports,CUST_3247,3,2631.49,0.0,7894.47,Cash
2023-06-11,Store_Mumbai,Home & Kitchen,CUST_2860,2,2913.75,15.0,4953.38,Cash
2023-06-11,Store_Hyderabad,Groceries,CUST_3834,4,530.77,5.0,2016.93,Credit Card
2023-06-11,Store_Mumbai,Sports,CUST_1254,5,1747.33,10.0,7862.98,Credit Card
2023-06-11,Store_Delhi,Sports,CUST_2091,3,2412.22,10.0,6512.99,Credit Card
2023-06-12,Store_Chennai,Sports,CUST_2317,4,2447.66,5.0,9301.11,Cash
2023-06-12,Store_Delhi,Home & Kitchen,CUST_1765,3,3767.24,5.0,10736.63,Credit Card
2023-06-12,Store_Mumbai,Groceries,CUST_1230,3,408.83,10.0,1103.84,Cash
2023-06-12,Store_Hyderabad,Clothing,CUST_2822,1,1369.58,0.0,1369.58,UPI
2023-06-12,Store_Delhi,Clothing,CUST_1586,1,1216.31,10.0,1094.68,Debit Card
2023-06-12,Store_Hyderabad,Groceries,CUST_1093,4,463.98,15.0,1577.53,Credit Card
2023-06-12,Store_Delhi,Home & Kitchen,CUST_3431,3,2943.46,0.0,8830.38,Credit Card
2023-06-13,Store_Hyderabad,Clothing,CUST_1459,1,1705.36,0.0,1705.36,Cash
2023-06-13,Store_Delhi,Sports,CUST_2801,2,2118.89,10.0,3814.0,Debit Card
2023-06-13,Store_Bangalore,Clothing,CUST_1515,3,1627.6,20.0,3906.24,Cash
2023-06-13,Store_Mumbai,Clothing,CUST_2059,5,1868.07,10.0,8406.32,Credit Card
2023-06-13,Store_Delhi,Home & Kitchen,CUST_1044,3,3024.76,0.0,9074.28,UPI
2023-06-13,Store_Chennai,Groceries,CUST_2920,4,457.96,0.0,1831.84,Credit Card
2023-06-13,Store_Chennai,Sports,CUST_1692,1,2367.34,5.0,2248.97,UPI
2023-06-14,Store_Hyderabad,Clothing,CUST_2126,3,1852.87,0.0,5558.61,UPI
2023-06-14,Store_Delhi,Electronics,CUST_2196,2,10001.76,5.0,19003.34,UPI
2023-06-14,Store_Mumbai,Electronics,CUST_1962,1,9549.15,15.0,8116.78,Credit Card
2023-06-14,Store_Bangalore,Sports,CUST_1997,4,2395.73,20.0,7666.34,Debit Card
2023-06-14,Store_Bangalore,Home & Kitchen,CUST_1053,5,3043.84,10.0,13697.28,Cash
2023-06-14,Store_Bangalore,Home & Kitchen,CUST_1372,2,2907.54,15.0,4942.82,Cash
2023-06-14,Store_Delhi,Home & Kitchen,CUST_2639,2,3062.02,15.0,5205.43,UPI
2023-06-15,Store_Hyderabad,Electronics,CUST_3391,2,12888.02,0.0,25776.04,Debit Card
2023-06-15,Store_Chennai,Clothing,CUST_1685,4,1961.82,5.0,7454.92,UPI
2023-06-15,Store_Bangalore,Clothing,CUST_3367,4,1665.03,15.0,5661.1,Debit Card
2023-06-15,Store_Delhi,Sports,CUST_3481,4,2014.86,0.0,8059.44,Cash
2023-06-15,Store_Bangalore,Clothing,CUST_3860,5,1715.62,5.0,8149.19,UPI
2023-06-15,Store_Delhi,Clothing,CUST_3762,3,1495.86,5.0,4263.2,Debit Card
2023-06-15,Store_Mumbai,Clothing,CUST_3080,5,1351.27,15.0,5742.9,Debit Card
2023-06-16,Store_Chennai,Home & Kitchen,CUST_2627,1,3495.19,10.0,3145.67,Debit Card
2023-06-16,Store_Bangalore,Home & Kitchen,CUST_2664,5,3314.33,,16571.65,Credit Card
2023-06-16,Store_Delhi,Sports,CUST_2951,4,1853.15,0.0,7412.6,Cash
2023-06-16,Store_Chennai,Home & Kitchen,CUST_2137,1,3275.12,0.0,3275.12,Credit Card
2023-06-16,Store_Chennai,Electronics,CUST_3863,1,9458.43,5.0,8985.51,Cash
2023-06-16,Store_Mumbai,Sports,CUST_1112,3,2035.37,0.0,6106.11,Credit Card
2023-06-16,Store_Delhi,Groceries,CUST_2573,1,468.81,15.0,398.49,Cash
2023-06-17,Store_Delhi,Sports,CUST_1208,3,2168.5,10.0,5854.95,Debit Card
2023-06-17,Store_Chennai,Sports,CUST_2442,2,2424.34,10.0,4363.81,Cash
2023-06-17,Store_Chennai,Clothing,CUST_3344,2,1552.01,0.0,3104.02,Cash
2023-06-17,Store_Chennai,Groceries,CUST_3124,4,596.45,15.0,2027.93,Debit Card
2023-06-17,Store_Chennai,Clothing,CUST_3188,5,1399.04,0.0,6995.2,Cash
2023-06-17,Store_Chennai,Groceries,CUST_3939,1,608.51,10.0,547.66,Cash
2023-06-18,Store_Delhi,Groceries,CUST_3098,3,499.98,0.0,1499.94,Debit Card
2023-06-18,Store_Chennai,Clothing,CUST_1584,1,1508.56,0.0,1508.56,Credit Card
2023-06-18,Store_Chennai,Home & Kitchen,CUST_3884,5,3820.43,0.0,19102.15,UPI
2023-06-18,Store_Hyderabad,Groceries,CUST_1382,5,484.3,5.0,2300.42,Cash
2023-06-18,Store_Delhi,Clothing,CUST_3690,2,1695.68,0.0,3391.36,Credit Card
2023-06-18,Store_Mumbai,Groceries,CUST_1540,2,635.7,10.0,1144.26,UPI
2023-06-18,Store_Bangalore,Clothing,CUST_1313,3,1245.77,20.0,2989.85,Cash
2023-06-19,Store_Chennai,Clothing,CUST_1628,2,1739.22,10.0,3130.6,Cash
2023-06-19,Store_Hyderabad,Electronics,CUST_2033,1,9517.09,,8089.53,Cash
2023-06-19,Store_Bangalore,Sports,CUST_3007,5,2174.94,5.0,10330.96,UPI
2023-06-19,Store_Chennai,Electronics,CUST_3168,1,10233.85,10.0,9210.46,Debit Card
2023-06-19,Store_Bangalore,Electronics,CUST_3074,1,10718.23,20.0,8574.58,
2023-06-19,Store_Mumbai,Clothing,CUST_2415,3,1959.9,0.0,5879.7,Debit Card
2023-06-19,Store_Bangalore,Groceries,CUST_2328,1,522.49,15.0,444.12,UPI
2023-06-20,Store_Bangalore,Clothing,CUST_2769,2,1745.75,10.0,3142.35,Credit Card
2023-06-20,Store_Chennai,Home & Kitchen,CUST_1579,3,3751.13,15.0,9565.38,Debit Card
2023-06-20,Store_Chennai,Clothing,CUST_2762,4,1841.7,10.0,6630.12,Debit Card
2023-06-20,Store_Mumbai,Electronics,CUST_2678,2,10284.68,15.0,17483.96,Credit Card
2023-06-20,Store_Hyderabad,Groceries,CUST_2730,2,482.26,0.0,964.52,Debit Card
2023-06-20,Store_Chennai,Home & Kitchen,CUST_2305,3,3693.7,5.0,10527.04,Debit Card
2023-06-20,Store_Hyderabad,Electronics,CUST_3037,4,9113.94,20.0,29164.61,UPI
2023-06-21,Store_Chennai,Home & Kitchen,CUST_1991,1,3493.56,0.0,3493.56,Credit Card
2023-06-21,Store_Chennai,Home & Kitchen,CUST_1025,4,3362.98,10.0,12106.73,Debit Card
2023-06-21,Store_Mumbai,Clothing,CUST_1034,4,1318.17,5.0,5009.05,Cash
2023-06-21,Store_Mumbai,Groceries,CUST_3142,1,503.09,5.0,477.94,Cash
2023-06-21,Store_Mumbai,Sports,CUST_1759,5,2727.49,,12955.58,Cash
2023-06-21,Store_Chennai,Sports,CUST_2695,2,1968.88,0.0,3937.76,UPI
2023-06-21,Store_Chennai,Groceries,CUST_2727,1,569.86,5.0,541.37,Debit Card
2023-06-22,Store_Mumbai,Home & Kitchen,CUST_3048,3,3178.16,0.0,9534.48,Cash
2023-06-22,Store_Delhi,Groceries,CUST_1622,5,515.26,0.0,2576.3,UPI
2023-06-22,Store_Delhi,Sports,CUST_2693,5,2440.58,15.0,10372.46,Credit Card
2023-06-22,Store_Delhi,Sports,CUST_2733,2,1874.68,5.0,3561.89,UPI
2023-06-22,Store_Mumbai,Home & Kitchen,CUST_1588,1,3178.57,0.0,3178.57,Debit Card
2023-06-22,Store_Mumbai,Clothing,CUST_1171,1,1900.0,20.0,1520.0,Cash
2023-06-22,Store_Hyderabad,Electronics,CUST_3961,3,9424.33,0.0,28272.99,Credit Card
2023-06-23,Store_Mumbai,Clothing,CUST_1354,2,1337.08,10.0,2406.74,Credit Card
2023-06-23,Store_Bangalore,Home & Kitchen,CUST_2364,5,3235.3,10.0,14558.85,Credit Card
2023-06-23,Store_Delhi,Clothing,CUST_1559,4,1619.87,20.0,5183.58,Cash
2023-06-23,Store_Chennai,Home & Kitchen,CUST_3095,3,3184.42,0.0,9553.26,Debit Card
2023-06-23,Store_Bangalore,Groceries,CUST_1342,2,540.02,15.0,918.03,Debit Card
2023-06-23,Store_Chennai,Clothing,CUST_1037,1,1402.85,0.0,1402.85,Credit Card
2023-06-23,Store_Delhi,Groceries,CUST_2224,1,542.78,0.0,542.78,Cash
2023-06-24,Store_Bangalore,Sports,CUST_3065,2,2202.39,0.0,4404.78,Credit Card
2023-06-24,Store_Bangalore,Groceries,CUST_2251,2,564.89,10.0,1016.8,Credit Card
2023-06-24,Store_Hyderabad,Electronics,CUST_3802,5,9454.48,15.0,40181.54,UPI
2023-06-24,Store_Delhi,Electronics,CUST_3057,1,9123.35,20.0,7298.68,Debit Card
2023-06-24,Store_Chennai,Groceries,CUST_1206,1,679.53,20.0,543.62,Debit Card
2023-06-24,Store_Bangalore,Electronics,CUST_1241,3,11496.41,10.0,31040.31,Credit Card
2023-06-25,Store_Bangalore,Electronics,CUST_1496,3,8090.11,0.0,24270.33,UPI
2023-06-25,Store_Mumbai,Clothing,CUST_2969,2,1486.95,0.0,2973.9,Cash
2023-06-25,Store_Chennai,Electronics,CUST_2373,1,10598.85,0.0,10598.85,Credit Card
2023-06-25,Store_Bangalore,Groceries,CUST_1445,2,614.51,0.0,1229.02,Cash
2023-06-25,Store_Chennai,Home & Kitchen,CUST_3009,1,2614.18,,2222.05,UPI
2023-06-25,Store_Bangalore,Clothing,CUST_2275,3,1633.8,0.0,4901.4,Credit Card
2023-06-25,Store_Delhi,Electronics,CUST_2049,1,12026.76,5.0,11425.42,Credit Card
2023-06-26,Store_Delhi,Clothing,CUST_3424,2,1520.92,,2737.66,UPI
2023-06-26,Store_Mumbai,Sports,CUST_2686,5,2349.91,10.0,10574.6,UPI
2023-06-26,Store_Delhi,Sports,CUST_3936,2,1717.97,10.0,3092.35,UPI
2023-06-26,Store_Hyderabad,Clothing,CUST_2534,3,1723.35,20.0,4136.04,Credit Card
2023-06-26,Store_Bangalore,Clothing,CUST_3783,1,1763.78,20.0,1411.02,UPI
2023-06-26,Store_Bangalore,Home & Kitchen,CUST_1706,1,3402.03,0.0,3402.03,Cash
2023-06-26,Store_Bangalore,Clothing,CUST_2001,3,1579.3,0.0,4737.9,Debit Card
2023-06-27,Store_Mumbai,Groceries,CUST_3912,4,570.69,20.0,1826.21,Cash
2023-06-27,Store_Chennai,Clothing,CUST_2245,4,1390.94,10.0,5007.38,Cash
2023-06-27,Store_Delhi,Clothing,CUST_3610,1,1225.18,0.0,1225.18,UPI
2023-06-27,Store_Hyderabad,Clothing,CUST_1002,4,1624.91,5.0,6174.66,Cash
2023-06-27,Store_Hyderabad,Electronics,CUST_3897,5,11531.0,10.0,51889.5,Credit Card
2023-06-27,Store_Delhi,Groceries,CUST_1983,1,534.5,0.0,534.5,UPI
2023-06-27,Store_Chennai,Groceries,CUST_1885,4,405.49,5.0,1540.86,Credit Card
2023-06-28,Store_Mumbai,Clothing,CUST_1363,2,1639.64,10.0,2951.35,Cash
2023-06-28,Store_Delhi,Sports,CUST_3066,2,1862.29,0.0,3724.58,Debit Card
2023-06-28,Store_Mumbai,Clothing,CUST_3801,5,1461.64,0.0,7308.2,Cash
2023-06-28,Store_Chennai,Sports,CUST_1921,4,2422.05,10.0,8719.38,UPI
2023-06-28,Store_Delhi,Home & Kitchen,CUST_3548,2,3487.49,10.0,6277.48,Debit Card
2023-06-28,Store_Mumbai,Home & Kitchen,CUST_3908,1,2882.39,5.0,2738.27,Cash
2023-06-28,Store_Chennai,Electronics,CUST_3653,5,11500.9,5.0,54629.27,UPI
2023-06-29,Store_Bangalore,Home & Kitchen,CUST_3202,3,2966.0,0.0,8898.0,
2023-06-29,Store_Hyderabad,Sports,CUST_1783,3,2639.05,0.0,7917.15,UPI
2023-06-29,Store_Bangalore,Electronics,CUST_2564,1,8058.74,,7655.8,Credit Card
2023-06-29,Store_Chennai,Groceries,CUST_2525,5,460.76,0.0,2303.8,Cash
2023-06-29,Store_Chennai,Electronics,CUST_3538,5,9808.31,5.0,46589.47,Cash
2023-06-29,Store_Bangalore,Sports,CUST_2888,5,2240.2,0.0,11201.0,Cash
2023-06-29,Store_Chennai,Groceries,CUST_3389,1,424.42,0.0,424.42,Cash
2023-06-30,Store_Delhi,Clothing,CUST_3755,2,1611.03,,3060.96,Credit Card
2023-06-30,Store_Hyderabad,Sports,CUST_2151,1,2220.82,10.0,1998.74,UPI
2023-06-30,Store_Bangalore,Sports,CUST_2293,3,2852.21,5.0,8128.8,UPI
2023-06-30,Store_Bangalore,Clothing,CUST_2061,2,1393.14,20.0,2229.02,Credit Card
2023-06-30,Store_Bangalore,Electronics,CUST_1780,2,12484.79,15.0,21224.14,Credit Card
2023-06-30,Store_Delhi,Home & Kitchen,CUST_3945,1,3038.54,10.0,2734.69,Cash
2023-06-30,Store_Hyderabad,Clothing,CUST_3414,3,1982.2,10.0,5351.94,Debit Card
2023-07-01,Store_Bangalore,Clothing,CUST_1030,3,1820.33,5.0,5187.94,UPI
2023-07-01,Store_Bangalore,Sports,CUST_3670,1,2900.24,0.0,2900.24,UPI
2023-07-01,Store_Delhi,Groceries,CUST_1180,4,514.19,20.0,1645.41,UPI
2023-07-01,Store_Hyderabad,Clothing,CUST_3501,4,1402.18,10.0,5047.85,Credit Card
2023-07-01,Store_Hyderabad,Electronics,CUST_1131,2,9200.92,5.0,17481.75,Cash
2023-07-01,Store_Bangalore,Sports,CUST_3141,2,2369.02,5.0,4501.14,UPI
2023-07-02,Store_Mumbai,Electronics,CUST_3629,5,11719.54,20.0,46878.16,Credit Card
2023-07-02,Store_Delhi,Clothing,CUST_1402,3,1887.49,0.0,5662.47,Cash
2023-07-02,Store_Bangalore,Groceries,CUST_2546,1,454.98,0.0,454.98,Cash
2023-07-02,Store_Bangalore,Home & Kitchen,CUST_2479,5,3187.51,10.0,14343.8,UPI
2023-07-02,Store_Hyderabad,Groceries,CUST_1750,1,400.69,10.0,360.62,UPI
2023-07-02,Store_Delhi,Electronics,CUST_2725,1,8783.88,5.0,8344.69,Debit Card
2023-07-02,Store_Bangalore,Groceries,CUST_2899,5,431.26,0.0,2156.3,UPI
2023-07-03,Store_Delhi,Clothing,CUST_1457,5,1535.94,0.0,7679.7,UPI
2023-07-03,Store_Chennai,Clothing,CUST_2420,2,1944.55,20.0,3111.28,Credit Card
2023-07-03,Store_Chennai,Groceries,CUST_3505,1,476.45,5.0,452.63,Credit Card
2023-07-03,Store_Chennai,Groceries,CUST_1453,3,643.26,5.0,1833.29,Cash
2023-07-03,Store_Mumbai,Electronics,CUST_3841,3,10123.84,,27334.37,Debit Card
2023-07-03,Store_Delhi,Sports,CUST_3572,5,2448.77,0.0,12243.85,Debit Card
2023-07-03,Store_Mumbai,Clothing,CUST_1767,2,1301.02,0.0,2602.04,UPI
2023-07-04,Store_Hyderabad,Electronics,CUST_1804,1,12018.36,0.0,12018.36,Debit Card
2023-07-04,Store_Delhi,Home & Kitchen,CUST_2339,4,3750.88,0.0,15003.52,Cash
2023-07-04,Store_Mumbai,Clothing,CUST_3728,1,1509.18,5.0,1433.72,UPI
2023-07-04,Store_Mumbai,Sports,CUST_3219,2,2570.11,0.0,5140.22,UPI
2023-07-04,Store_Hyderabad,Groceries,CUST_3653,2,544.01,10.0,979.22,Cash
2023-07-04,Store_Mumbai,Groceries,CUST_2166,5,411.03,5.0,1952.39,UPI
2023-07-04,Store_Delhi,Groceries,CUST_2962,1,419.15,0.0,419.15,Debit Card
2023-07-05,Store_Mumbai,Electronics,CUST_3050,1,10067.51,5.0,9564.13,Debit Card
2023-07-05,Store_Hyderabad,Sports,CUST_1378,4,2299.44,10.0,8277.98,Credit Card
2023-07-05,Store_Hyderabad,Electronics,CUST_2385,2,11397.73,0.0,22795.46,UPI
2023-07-05,Store_Hyderabad,Home & Kitchen,CUST_1855,4,3936.68,20.0,12597.38,Cash
2023-07-05,Store_Chennai,Clothing,CUST_3628,2,1802.0,5.0,3423.8,Credit Card
2023-07-05,Store_Mumbai,Clothing,CUST_1825,5,1867.66,5.0,8871.38,Debit Card
2023-07-05,Store_Mumbai,Clothing,CUST_3854,2,1752.69,0.0,3505.38,Debit Card
2023-07-06,Store_Bangalore,Home & Kitchen,CUST_2814,1,3560.89,0.0,3560.89,UPI
2023-07-06,Store_Bangalore,Clothing,CUST_2244,2,1428.72,15.0,2428.82,Debit Card
2023-07-06,Store_Hyderabad,Electronics,CUST_2147,4,10798.32,20.0,34554.62,Credit Card
2023-07-06,Store_Mumbai,Groceries,CUST_2326,5,638.56,0.0,3192.8,Cash
2023-07-06,Store_Hyderabad,Clothing,CUST_1490,5,1670.76,10.0,7518.42,Debit Card
2023-07-06,Store_Bangalore,Sports,CUST_1603,2,2267.83,0.0,4535.66,Debit Card
2023-07-06,Store_Hyderabad,Electronics,CUST_1758,2,9783.18,5.0,18588.04,UPI
2023-07-07,Store_Mumbai,Electronics,CUST_3704,1,10380.45,5.0,9861.43,Credit Card
2023-07-07,Store_Hyderabad,Electronics,CUST_2433,5,10773.51,15.0,45787.42,UPI
2023-07-07,Store_Delhi,Groceries,CUST_2867,1,531.89,,531.89,Credit Card
2023-07-07,Store_Delhi,Groceries,CUST_3960,5,485.13,0.0,2425.65,UPI
2023-07-07,Store_Chennai,Home & Kitchen,CUST_2728,4,2815.08,0.0,11260.32,Debit Card
2023-07-07,Store_Hyderabad,Clothing,CUST_3763,2,1294.19,0.0,2588.38,Debit Card
2023-07-07,Store_Bangalore,Electronics,CUST_2575,3,12035.04,5.0,34299.86,UPI
2023-07-08,Store_Hyderabad,Clothing,CUST_2725,4,1582.67,20.0,5064.54,UPI
2023-07-08,Store_Chennai,Sports,CUST_3754,4,2322.06,0.0,9288.24,Debit Card
2023-07-08,Store_Mumbai,Clothing,CUST_1781,4,1605.16,0.0,6420.64,Cash
2023-07-08,Store_Bangalore,Home & Kitchen,CUST_3363,5,2412.4,0.0,12062.0,Debit Card
2023-07-08,Store_Mumbai,Home & Kitchen,CUST_3300,4,3380.26,5.0,12844.99,Credit Card
2023-07-08,Store_Chennai,Clothing,CUST_1223,4,1474.98,0.0,5899.92,Cash
2023-07-09,Store_Mumbai,Clothing,CUST_3125,4,1763.38,10.0,6348.17,UPI
2023-07-09,Store_Hyderabad,Clothing,CUST_2275,5,1904.89,0.0,9524.45,Credit Card
2023-07-09,Store_Mumbai,Sports,CUST_1622,5,2145.07,10.0,9652.82,Credit Card
2023-07-09,Store_Hyderabad,Home & Kitchen,CUST_1930,5,3138.37,5.0,14907.26,Credit Card
2023-07-09,Store_Chennai,Sports,CUST_1659,3,2206.77,0.0,6620.31,UPI
2023-07-09,Store_Delhi,Groceries,CUST_2462,5,582.66,10.0,2621.97,Cash
2023-07-09,Store_Mumbai,Clothing,CUST_3129,4,1764.38,15.0,5998.89,UPI
2023-07-10,Store_Delhi,Groceries,CUST_1638,3,536.87,0.0,1610.61,Cash
2023-07-10,Store_Bangalore,Electronics,CUST_2060,4,9793.81,0.0,39175.24,UPI
2023-07-10,Store_Delhi,Sports,CUST_2406,1,2104.48,15.0,1788.81,UPI
2023-07-10,Store_Hyderabad,Home & Kitchen,CUST_1731,5,2667.85,5.0,12672.29,Credit Card
2023-07-10,Store_Bangalore,Groceries,CUST_3234,3,583.94,0.0,1751.82,Credit Card
2023-07-10,Store_Hyderabad,Home & Kitchen,CUST_2452,4,3712.35,0.0,14849.4,Cash
2023-07-10,Store_Chennai,Groceries,CUST_3943,2,423.69,10.0,762.64,Cash
2023-07-11,Store_Chennai,Home & Kitchen,CUST_1712,4,3928.57,0.0,15714.28,Credit Card
2023-07-11,Store_Bangalore,Clothing,CUST_1458,1,1337.55,10.0,1203.8,UPI
2023-07-11,Store_Mumbai,Electronics,CUST_1026,2,10171.91,0.0,20343.82,Debit Card
2023-07-11,Store_Delhi,Clothing,CUST_1361,3,1249.87,0.0,3749.61,Debit Card
2023-07-11,Store_Mumbai,Clothing,CUST_1245,4,1789.0,10.0,6440.4,Debit Card
2023-07-11,Store_Chennai,Electronics,CUST_2334,4,9244.37,5.0,35128.61,Cash
2023-07-11,Store_Bangalore,Clothing,CUST_1474,4,1270.45,15.0,4319.53,Credit Card
2023-07-12,Store_Bangalore,Sports,CUST_2288,1,2337.86,,2337.86,Cash
2023-07-12,Store_Bangalore,Home & Kitchen,CUST_1303,4,3150.36,5.0,11971.37,Credit Card
2023-07-12,Store_Mumbai,Clothing,CUST_1972,5,1742.71,0.0,8713.55,UPI
2023-07-12,Store_Chennai,Electronics,CUST_1101,4,9229.78,0.0,36919.12,UPI
2023-07-12,Store_Mumbai,Electronics,CUST_3028,2,9162.85,5.0,17409.42,Credit Card
2023-07-12,Store_Chennai,Electronics,CUST_2885,4,10824.49,10.0,38968.16,Debit Card
2023-07-12,Store_Hyderabad,Groceries,CUST_1396,4,454.34,0.0,1817.36,Debit Card
2023-07-13,Store_Bangalore,Home & Kitchen,CUST_3940,5,3225.74,20.0,12902.96,Credit Card
2023-07-13,Store_Delhi,Electronics,CUST_1919,3,11265.36,10.0,30416.47,Debit Card
2023-07-13,Store_Bangalore,Home & Kitchen,CUST_1656,4,2778.92,0.0,11115.68,Credit Card
2023-07-13,Store_Bangalore,Electronics,CUST_1451,5,13317.1,15.0,56597.68,Cash
2023-07-13,Store_Bangalore,Clothing,CUST_1748,5,1820.59,0.0,9102.95,UPI
2023-07-13,Store_Delhi,Groceries,CUST_1661,5,412.85,0.0,2064.25,UPI
2023-07-13,Store_Delhi,Home & Kitchen,CUST_3592,4,2714.93,0.0,10859.72,Debit Card
2023-07-14,Store_Delhi,Home & Kitchen,CUST_3139,1,3293.27,0.0,3293.27,Debit Card
2023-07-14,Store_Hyderabad,Home & Kitchen,CUST_3166,1,3080.57,0.0,3080.57,Credit Card
2023-07-14,Store_Chennai,Sports,CUST_1175,5,2279.39,0.0,11396.95,UPI
2023-07-14,Store_Hyderabad,Groceries,CUST_1952,2,533.71,10.0,960.68,Credit Card
2023-07-14,Store_Delhi,Clothing,CUST_2172,3,1240.44,0.0,3721.32,Credit Card
2023-07-14,Store_Mumbai,Electronics,CUST_2575,3,7864.67,5.0,22414.31,Cash
2023-07-14,Store_Chennai,Home & Kitchen,CUST_1626,1,4153.41,5.0,3945.74,Credit Card
2023-07-15,Store_Delhi,Home & Kitchen,CUST_1626,3,3132.98,5.0,8928.99,Credit Card
2023-07-15,Store_Delhi,Groceries,CUST_2836,3,519.8,20.0,1247.52,Debit Card
2023-07-15,Store_Bangalore,Home & Kitchen,CUST_2589,3,3056.54,10.0,8252.66,Debit Card
2023-07-15,Store_Bangalore,Sports,CUST_1833,1,2688.75,20.0,2151.0,Debit Card
2023-07-15,Store_Hyderabad,Home & Kitchen,CUST_2823,3,3406.51,10.0,9197.58,UPI
2023-07-15,Store_Bangalore,Clothing,CUST_3813,1,1892.55,10.0,1703.3,Cash
2023-07-16,Store_Delhi,Sports,CUST_2316,3,2348.65,5.0,6693.65,Cash
2023-07-16,Store_Chennai,Home & Kitchen,CUST_2501,3,3812.73,0.0,11438.19,UPI
2023-07-16,Store_Hyderabad,Clothing,CUST_2595,5,1811.69,0.0,9058.45,Cash
2023-07-16,Store_Hyderabad,Home & Kitchen,CUST_1808,1,3159.56,5.0,3001.58,UPI
2023-07-16,Store_Mumbai,Groceries,CUST_1984,5,416.02,0.0,2080.1,Cash
2023-07-16,Store_Chennai,Sports,CUST_3796,4,2323.28,20.0,7434.5,Debit Card
2023-07-16,Store_Mumbai,Groceries,CUST_3727,3,511.96,10.0,1382.29,Debit Card
2023-07-17,Store_Bangalore,Electronics,CUST_3007,2,8570.35,10.0,15426.63,UPI
2023-07-17,Store_Hyderabad,Clothing,CUST_3372,4,1702.71,15.0,5789.21,Credit Card
2023-07-17,Store_Mumbai,Sports,CUST_3250,2,2206.0,0.0,4412.0,UPI
2023-07-17,Store_Mumbai,Sports,CUST_3339,2,2729.47,0.0,5458.94,Debit Card
2023-07-17,Store_Mumbai,Home & Kitchen,CUST_2022,2,3207.58,0.0,6415.16,Credit Card
2023-07-17,Store_Hyderabad,Groceries,CUST_1017,1,606.87,0.0,606.87,Debit Card
2023-07-17,Store_Delhi,Electronics,CUST_3494,1,10084.86,5.0,9580.62,Cash
2023-07-18,Store_Bangalore,Electronics,CUST_1833,5,11605.95,0.0,58029.75,Credit Card
2023-07-18,Store_Mumbai,Electronics,CUST_1910,4,10896.02,0.0,43584.08,UPI
2023-07-18,Store_Mumbai,Clothing,CUST_1192,4,1422.16,0.0,5688.64,Cash
2023-07-18,Store_Chennai,Electronics,CUST_3363,3,9105.49,15.0,23219.0,UPI
2023-07-18,Store_Delhi,Electronics,CUST_2801,4,10139.58,15.0,34474.57,Credit Card
2023-07-18,Store_Bangalore,Home & Kitchen,CUST_3421,5,3460.46,5.0,16437.18,Cash
2023-07-18,Store_Chennai,Home & Kitchen,CUST_3705,1,3490.64,0.0,3490.64,Debit Card
2023-07-19,Store_Mumbai,Groceries,CUST_1037,1,609.26,0.0,609.26,UPI
2023-07-19,Store_Mumbai,Sports,CUST_1511,1,1720.18,10.0,1548.16,Debit Card
2023-07-19,Store_Bangalore,Electronics,CUST_3789,2,9546.91,0.0,19093.82,UPI
2023-07-19,Store_Chennai,Sports,CUST_3948,4,2531.14,10.0,9112.1,Cash
2023-07-19,Store_Chennai,Clothing,CUST_2386,1,1717.86,10.0,1546.07,Debit Card
2023-07-19,Store_Delhi,Clothing,CUST_3588,4,1626.82,10.0,5856.55,UPI
2023-07-19,Store_Hyderabad,Home & Kitchen,CUST_1174,2,4078.58,0.0,8157.16,Cash
2023-07-20,Store_Chennai,Groceries,CUST_2522,4,524.07,10.0,1886.65,Credit Card
2023-07-20,Store_Bangalore,Home & Kitchen,CUST_1891,1,3337.86,10.0,3004.07,Cash
2023-07-20,Store_Hyderabad,Sports,CUST_2173,2,2943.23,20.0,4709.17,UPI
2023-07-20,Store_Mumbai,Clothing,CUST_3612,5,1712.96,0.0,8564.8,Cash
2023-07-20,Store_Bangalore,Groceries,CUST_3620,5,480.0,10.0,2160.0,Debit Card
2023-07-20,Store_Delhi,Sports,CUST_3364,4,1727.98,0.0,6911.92,UPI
2023-07-20,Store_Chennai,Electronics,CUST_3262,3,12044.9,10.0,32521.23,Debit Card
2023-07-21,Store_Mumbai,Clothing,CUST_1852,3,1229.12,20.0,2949.89,Credit Card
2023-07-21,Store_Hyderabad,Groceries,CUST_3625,5,510.28,10.0,2296.26,Cash
2023-07-21,Store_Mumbai,Clothing,CUST_3346,5,1262.83,10.0,5682.74,Debit Card
2023-07-21,Store_Mumbai,Groceries,CUST_1242,4,499.37,5.0,1897.61,Debit Card
2023-07-21,Store_Mumbai,Electronics,CUST_2431,3,8096.91,0.0,24290.73,Cash
2023-07-21,Store_Delhi,Groceries,CUST_2393,4,437.46,5.0,1662.35,Debit Card
2023-07-21,Store_Mumbai,Clothing,CUST_1835,3,1489.67,15.0,3798.66,UPI
2023-07-22,Store_Hyderabad,Electronics,CUST_2057,4,9915.84,0.0,39663.36,Credit Card
2023-07-22,Store_Hyderabad,Sports,CUST_1732,5,2171.12,5.0,10312.82,UPI
2023-07-22,Store_Chennai,Sports,CUST_3459,2,2324.01,10.0,4183.22,Debit Card
2023-07-22,Store_Chennai,Sports,CUST_3812,3,2842.69,5.0,8101.67,Debit Card
2023-07-22,Store_Hyderabad,Clothing,CUST_3569,3,1523.36,0.0,4570.08,Credit Card
2023-07-22,Store_Delhi,Electronics,CUST_2258,3,11900.22,0.0,35700.66,Debit Card
2023-07-23,Store_Chennai,Groceries,CUST_3602,3,508.05,10.0,1371.74,Cash
2023-07-23,Store_Chennai,Sports,CUST_3349,3,2287.49,10.0,6176.22,Cash
2023-07-23,Store_Chennai,Groceries,CUST_1898,5,539.57,20.0,2158.28,UPI
2023-07-23,Store_Delhi,Home & Kitchen,CUST_1998,3,3323.08,5.0,9470.78,UPI
2023-07-23,Store_Mumbai,Electronics,CUST_2216,4,8112.99,0.0,32451.96,Debit Card
2023-07-23,Store_Delhi,Sports,CUST_2514,5,1864.24,10.0,8389.08,UPI
2023-07-23,Store_Bangalore,Sports,CUST_1102,3,2040.74,10.0,5510.0,UPI
2023-07-24,Store_Hyderabad,Home & Kitchen,CUST_2723,5,3080.75,10.0,13863.38,UPI
2023-07-24,Store_Chennai,Home & Kitchen,CUST_1681,1,3101.64,20.0,2481.31,Debit Card
2023-07-24,Store_Hyderabad,Clothing,CUST_3013,3,1503.74,10.0,4060.1,Credit Card
2023-07-24,Store_Chennai,Clothing,CUST_1743,1,1518.06,20.0,1214.45,UPI
2023-07-24,Store_Chennai,Clothing,CUST_2075,1,1355.34,15.0,1152.04,UPI
2023-07-24,Store_Mumbai,Groceries,CUST_2428,3,482.12,10.0,1301.72,UPI
2023-07-24,Store_Mumbai,Electronics,CUST_3549,3,10212.93,0.0,30638.79,Cash
2023-07-25,Store_Hyderabad,Sports,CUST_2321,4,2506.68,15.0,8522.71,Cash
2023-07-25,Store_Delhi,Sports,CUST_2003,5,2796.17,5.0,13281.81,UPI
2023-07-25,Store_Bangalore,Home & Kitchen,CUST_2634,4,2978.25,15.0,10126.05,Credit Card
2023-07-25,Store_Bangalore,Electronics,CUST_2964,2,10689.46,0.0,21378.92,Credit Card
2023-07-25,Store_Hyderabad,Home & Kitchen,CUST_2464,2,3069.98,5.0,5832.96,Cash
2023-07-25,Store_Hyderabad,Clothing,CUST_2047,3,2026.8,15.0,5168.34,Credit Card
2023-07-25,Store_Chennai,Home & Kitchen,CUST_2737,3,3283.03,0.0,9849.09,UPI
2023-07-26,Store_Bangalore,Clothing,CUST_3083,2,1530.57,,2601.97,Cash
2023-07-26,Store_Mumbai,Clothing,CUST_3923,2,1914.17,0.0,3828.34,Credit Card
2023-07-26,Store_Bangalore,Electronics,CUST_1683,2,12499.84,0.0,24999.68,Debit Card
2023-07-26,Store_Hyderabad,Groceries,CUST_1857,5,492.96,0.0,2464.8,Credit Card
2023-07-26,Store_Bangalore,Groceries,CUST_1456,5,582.02,20.0,2328.08,UPI
2023-07-26,Store_Chennai,Electronics,CUST_1515,5,10092.91,10.0,45418.1,UPI
2023-07-26,Store_Hyderabad,Sports,CUST_1451,3,2805.88,5.0,7996.76,Debit Card
2023-07-27,Store_Delhi,Groceries,CUST_2767,1,448.7,20.0,358.96,Credit Card
2023-07-27,Store_Mumbai,Home & Kitchen,CUST_3419,2,3526.2,15.0,5994.54,Cash
2023-07-27,Store_Delhi,Sports,CUST_1710,5,2121.26,0.0,10606.3,Cash
2023-07-27,Store_Delhi,Groceries,CUST_3644,5,421.76,10.0,1897.92,Debit Card
2023-07-27,Store_Chennai,Sports,CUST_1960,1,2737.21,5.0,2600.35,UPI
2023-07-27,Store_Chennai,Clothing,CUST_3943,1,1464.74,5.0,1391.5,Cash
2023-07-27,Store_Hyderabad,Home & Kitchen,CUST_1127,4,2975.29,10.0,10711.04,Debit Card
2023-07-28,Store_Mumbai,Sports,CUST_1923,2,2705.67,15.0,4599.64,Credit Card
2023-07-28,Store_Mumbai,Groceries,CUST_3542,1,622.52,10.0,560.27,Credit Card
2023-07-28,Store_Chennai,Electronics,CUST_3379,4,11469.7,0.0,45878.8,Cash
2023-07-28,Store_Bangalore,Home & Kitchen,CUST_3804,4,3261.62,0.0,13046.48,Credit Card
2023-07-28,Store_Hyderabad,Sports,CUST_3468,5,2282.56,0.0,11412.8,Debit Card
2023-07-28,Store_Mumbai,Groceries,CUST_2486,3,555.31,0.0,1665.93,Debit Card
2023-07-28,Store_Delhi,Electronics,CUST_1739,5,9871.75,5.0,46890.81,Credit Card
2023-07-29,Store_Chennai,Clothing,CUST_2544,2,1907.85,20.0,3052.56,UPI
2023-07-29,Store_Bangalore,Electronics,CUST_1839,3,9941.89,0.0,29825.67,Debit Card
2023-07-29,Store_Mumbai,Groceries,CUST_1366,3,607.1,5.0,1730.24,UPI
2023-07-29,Store_Delhi,Groceries,CUST_1825,2,498.09,5.0,946.37,Debit Card
2023-07-29,Store_Chennai,Home & Kitchen,CUST_3867,2,2682.44,10.0,4828.39,UPI
2023-07-29,Store_Bangalore,Electronics,CUST_2654,2,12784.77,20.0,20455.63,UPI
2023-07-30,Store_Mumbai,Clothing,CUST_1867,2,1371.29,0.0,2742.58,Credit Card
2023-07-30,Store_Chennai,Clothing,CUST_1076,2,1589.59,0.0,3179.18,UPI
2023-07-30,Store_Chennai,Electronics,CUST_2677,5,10381.54,0.0,51907.7,Credit Card
2023-07-30,Store_Chennai,Home & Kitchen,CUST_1675,4,3241.3,0.0,12965.2,Credit Card
2023-07-30,Store_Mumbai,Home & Kitchen,CUST_1984,1,4088.16,0.0,4088.16,Cash
2023-07-30,Store_Delhi,Clothing,CUST_3054,2,1632.64,0.0,3265.28,Credit Card
2023-07-30,Store_Delhi,Clothing,CUST_3686,3,1884.34,20.0,4522.42,UPI
2023-07-31,Store_Mumbai,Home & Kitchen,CUST_2738,1,3857.4,0.0,3857.4,Cash
2023-07-31,Store_Delhi,Clothing,CUST_1665,3,1471.28,0.0,4413.84,Debit Card
2023-07-31,Store_Hyderabad,Sports,CUST_1303,3,1712.74,15.0,4367.49,UPI
2023-07-31,Store_Chennai,Home & Kitchen,CUST_2987,1,2891.52,5.0,2746.94,UPI
2023-07-31,Store_Hyderabad,Sports,CUST_2466,5,2074.13,0.0,10370.65,Cash
2023-07-31,Store_Hyderabad,Groceries,CUST_3711,3,576.09,0.0,1728.27,Credit Card
2023-07-31,Store_Hyderabad,Home & Kitchen,CUST_1687,5,3124.35,20.0,12497.4,Cash
2023-08-01,Store_Chennai,Sports,CUST_3626,4,1320.84,10.0,4755.02,Credit Card
2023-08-01,Store_Delhi,Sports,CUST_3388,4,1296.59,0.0,5186.36,Credit Card
2023-08-01,Store_Mumbai,Electronics,CUST_2475,4,9234.85,5.0,35092.43,Cash
2023-08-01,Store_Chennai,Electronics,CUST_1981,4,5760.5,0.0,23042.0,Credit Card
2023-08-01,Store_Mumbai,Sports,CUST_3078,3,1272.84,,3818.52,Cash
2023-08-01,Store_Hyderabad,Groceries,CUST_1582,2,395.91,0.0,791.82,Cash
2023-08-01,Store_Mumbai,Electronics,CUST_3461,2,6300.32,0.0,12600.64,Credit Card
2023-08-02,Store_Mumbai,Electronics,CUST_3295,4,7413.7,15.0,25206.58,Credit Card
2023-08-02,Store_Mumbai,Sports,CUST_3040,3,1154.41,20.0,2770.58,Cash
2023-08-02,Store_Chennai,Electronics,CUST_3853,1,5322.16,0.0,5322.16,Debit Card
2023-08-02,Store_Chennai,Clothing,CUST_1906,4,1191.1,10.0,4287.96,UPI
2023-08-02,Store_Delhi,Groceries,CUST_1010,1,458.37,15.0,389.61,UPI
2023-08-02,Store_Chennai,Electronics,CUST_2955,2,9054.33,0.0,18108.66,Cash
2023-08-02,Store_Delhi,Electronics,CUST_3418,3,7904.17,0.0,23712.51,Credit Card
2023-08-03,Store_Hyderabad,Clothing,CUST_3129,5,1064.39,0.0,5321.95,Cash
2023-08-03,Store_Chennai,Home & Kitchen,CUST_2030,5,2847.48,0.0,14237.4,Credit Card
2023-08-03,Store_Mumbai,Clothing,CUST_1793,2,1078.97,15.0,1834.25,UPI
2023-08-03,Store_Mumbai,Clothing,CUST_2434,3,943.5,10.0,2547.45,Cash
2023-08-03,Store_Bangalore,Groceries,CUST_2049,1,401.17,5.0,381.11,Credit Card
2023-08-03,Store_Chennai,Clothing,CUST_3225,5,945.29,10.0,4253.8,UPI
2023-08-03,Store_Bangalore,Home & Kitchen,CUST_2058,3,2068.9,0.0,6206.7,Credit Card
2023-08-04,Store_Delhi,Electronics,CUST_1554,3,5313.0,0.0,15939.0,Credit Card
2023-08-04,Store_Hyderabad,Sports,CUST_2046,5,1732.52,0.0,8662.6,UPI
2023-08-04,Store_Mumbai,Groceries,CUST_1837,5,398.79,10.0,1794.56,Debit Card
2023-08-04,Store_Bangalore,Groceries,CUST_3198,2,471.57,0.0,943.14,Credit Card
2023-08-04,Store_Mumbai,Electronics,CUST_2163,3,6201.39,20.0,14883.34,Credit Card
2023-08-04,Store_Bangalore,Sports,CUST_3965,2,1570.71,0.0,3141.42,Cash
2023-08-04,Store_Hyderabad,Sports,CUST_3792,3,1808.58,5.0,5154.45,Credit Card
2023-08-05,Store_Mumbai,Sports,CUST_3457,1,1553.59,10.0,1398.23,Cash
2023-08-05,Store_Bangalore,Electronics,CUST_3213,5,7030.28,5.0,33393.83,Credit Card
2023-08-05,Store_Delhi,Home & Kitchen,CUST_2553,1,1610.53,0.0,1610.53,Cash
2023-08-05,Store_Mumbai,Groceries,CUST_3844,4,407.95,5.0,1550.21,UPI
2023-08-05,Store_Mumbai,Home & Kitchen,CUST_2507,4,1893.98,0.0,7575.92,Cash
2023-08-05,Store_Chennai,Groceries,CUST_3968,5,372.84,10.0,1677.78,UPI
2023-08-06,Store_Delhi,Electronics,CUST_3900,5,7753.54,0.0,38767.7,Cash
2023-08-06,Store_Delhi,Home & Kitchen,CUST_1844,1,2519.31,15.0,2141.41,Credit Card
2023-08-06,Store_Mumbai,Sports,CUST_1989,1,1263.18,20.0,1010.54,Credit Card
2023-08-06,Store_Mumbai,Electronics,CUST_1556,4,7120.38,20.0,22785.22,Credit Card
2023-08-06,Store_Delhi,Home & Kitchen,CUST_2636,2,2712.97,10.0,4883.35,Debit Card
2023-08-06,Store_Bangalore,Groceries,CUST_3858,4,318.72,0.0,1274.88,UPI
2023-08-06,Store_Delhi,Groceries,CUST_3850,1,380.87,0.0,380.87,Debit Card
2023-08-07,Store_Delhi,Groceries,CUST_2850,1,292.29,5.0,277.68,UPI
2023-08-07,Store_Bangalore,Sports,CUST_2598,2,1111.53,10.0,2000.75,Credit Card
2023-08-07,Store_Hyderabad,Groceries,CUST_1598,1,386.97,5.0,367.62,Credit Card
2023-08-07,Store_Delhi,Clothing,CUST_1230,3,1316.69,10.0,3555.06,UPI
2023-08-07,Store_Delhi,Electronics,CUST_3924,3,8861.35,10.0,23925.65,Cash
2023-08-07,Store_Hyderabad,Electronics,CUST_1820,4,6350.95,0.0,25403.8,Credit Card
2023-08-07,Store_Delhi,Groceries,CUST_2856,5,382.57,5.0,1817.21,UPI
2023-08-08,Store_Chennai,Groceries,CUST_2394,1,361.34,0.0,361.34,Debit Card
2023-08-08,Store_Delhi,Groceries,CUST_2650,1,373.2,0.0,373.2,Credit Card
2023-08-08,Store_Delhi,Clothing,CUST_2820,3,1040.92,0.0,3122.76,Cash
2023-08-08,Store_Bangalore,Sports,CUST_2540,3,1239.09,,2973.82,Credit Card
2023-08-08,Store_Mumbai,Sports,CUST_3500,1,1365.05,20.0,1092.04,Debit Card
2023-08-08,Store_Mumbai,Electronics,CUST_2547,4,8256.5,5.0,31374.7,UPI
2023-08-08,Store_Mumbai,Home & Kitchen,CUST_2471,2,2295.67,10.0,4132.21,Debit Card
2023-08-09,Store_Mumbai,Clothing,CUST_1976,4,1031.69,0.0,4126.76,UPI
2023-08-09,Store_Chennai,Sports,CUST_3621,2,1616.11,15.0,2747.39,Cash
2023-08-09,Store_Hyderabad,Groceries,CUST_3469,5,375.87,0.0,1879.35,UPI
2023-08-09,Store_Hyderabad,Clothing,CUST_1557,5,1157.9,5.0,5500.02,Cash
2023-08-09,Store_Mumbai,Electronics,CUST_3988,1,8748.87,10.0,7873.98,UPI
2023-08-09,Store_Mumbai,Clothing,CUST_3373,3,1103.13,0.0,3309.39,Cash
2023-08-09,Store_Bangalore,Groceries,CUST_1709,1,332.96,0.0,332.96,Cash
2023-08-10,Store_Bangalore,Groceries,CUST_1817,1,380.6,0.0,380.6,Debit Card
2023-08-10,Store_Hyderabad,Clothing,CUST_3143,2,1081.53,20.0,1730.45,Debit Card
2023-08-10,Store_Bangalore,Electronics,CUST_3931,5,8597.64,10.0,38689.38,UPI
2023-08-10,Store_Chennai,Sports,CUST_2806,5,1755.43,10.0,7899.44,Debit Card
2023-08-10,Store_Hyderabad,Groceries,CUST_1609,4,396.04,5.0,1504.95,Credit Card
2023-08-10,Store_Bangalore,Electronics,CUST_3329,5,7078.33,5.0,33622.07,Cash
2023-08-10,Store_Hyderabad,Groceries,CUST_2613,3,394.88,5.0,1125.41,Debit Card
2023-08-11,Store_Mumbai,Groceries,CUST_3228,4,347.05,0.0,1388.2,UPI
2023-08-11,Store_Hyderabad,Clothing,CUST_3941,4,851.52,0.0,3406.08,Credit Card
2023-08-11,Store_Chennai,Home & Kitchen,CUST_2302,2,2879.74,0.0,5759.48,Cash
2023-08-11,Store_Chennai,Groceries,CUST_2913,1,338.14,0.0,338.14,Debit Card
2023-08-11,Store_Chennai,Groceries,CUST_3295,4,296.5,0.0,1186.0,Debit Card
2023-08-11,Store_Delhi,Clothing,CUST_2365,5,853.34,10.0,3840.03,Credit Card
2023-08-11,Store_Delhi,Home & Kitchen,CUST_3212,3,2732.7,0.0,8198.1,UPI
2023-08-12,Store_Hyderabad,Home & Kitchen,CUST_2039,4,2269.07,5.0,8622.47,Credit Card
2023-08-12,Store_Hyderabad,Electronics,CUST_1800,5,5832.98,10.0,26248.41,Cash
2023-08-12,Store_Hyderabad,Home & Kitchen,CUST_3136,3,2051.66,0.0,6154.98,Cash
2023-08-12,Store_Delhi,Home & Kitchen,CUST_3219,1,2727.59,15.0,2318.45,Debit Card
2023-08-12,Store_Chennai,Sports,CUST_3894,1,1559.14,10.0,1403.23,Debit Card
2023-08-12,Store_Hyderabad,Electronics,CUST_3485,3,8884.0,5.0,25319.4,Debit Card
2023-08-13,Store_Mumbai,Sports,CUST_2397,5,1766.86,10.0,7950.87,Cash
2023-08-13,Store_Delhi,Groceries,CUST_1229,4,246.32,5.0,936.02,Cash
2023-08-13,Store_Delhi,Clothing,CUST_1539,3,1375.87,0.0,4127.61,Cash
2023-08-13,Store_Hyderabad,Groceries,CUST_1232,1,299.6,5.0,284.62,Debit Card
2023-08-13,Store_Mumbai,Clothing,CUST_2558,4,1139.62,10.0,4102.63,Credit Card
2023-08-13,Store_Bangalore,Electronics,CUST_3229,2,5195.5,0.0,10391.0,UPI
2023-08-13,Store_Hyderabad,Home & Kitchen,CUST_3390,4,2381.76,5.0,9050.69,UPI
2023-08-14,Store_Mumbai,Home & Kitchen,CUST_2470,5,2503.44,20.0,10013.76,Credit Card
2023-08-14,Store_Chennai,Sports,CUST_1968,2,1575.53,10.0,2835.95,Credit Card
2023-08-14,Store_Bangalore,Sports,CUST_2159,2,1583.93,5.0,3009.47,Debit Card
2023-08-14,Store_Mumbai,Sports,CUST_2495,2,1203.47,0.0,2406.94,UPI
2023-08-14,Store_Chennai,Clothing,CUST_2210,5,1147.02,0.0,5735.1,UPI
2023-08-14,Store_Mumbai,Groceries,CUST_3569,3,372.04,10.0,1004.51,Cash
2023-08-14,Store_Delhi,Electronics,CUST_2249,1,6912.45,20.0,5529.96,UPI
2023-08-15,Store_Mumbai,Electronics,CUST_2446,1,7075.06,10.0,6367.55,UPI
2023-08-15,Store_Mumbai,Electronics,CUST_1731,3,5272.87,5.0,15027.68,Cash
2023-08-15,Store_Chennai,Sports,CUST_3952,2,1171.93,20.0,1875.09,Credit Card
2023-08-15,Store_Chennai,Sports,CUST_3818,1,1552.3,5.0,1474.68,UPI
2023-08-15,Store_Delhi,Groceries,CUST_3220,5,341.55,0.0,1707.75,Credit Card
2023-08-15,Store_Hyderabad,Groceries,CUST_1061,4,328.15,0.0,1312.6,Debit Card
2023-08-15,Store_Bangalore,Home & Kitchen,CUST_3775,2,2486.47,0.0,4972.94,Debit Card
2023-08-16,Store_Bangalore,Home & Kitchen,CUST_3726,5,2030.16,5.0,9643.26,Cash
2023-08-16,Store_Hyderabad,Clothing,CUST_1725,4,852.7,20.0,2728.64,Cash
2023-08-16,Store_Bangalore,Sports,CUST_3642,2,1529.62,10.0,2753.32,Cash
2023-08-16,Store_Delhi,Home & Kitchen,CUST_1046,4,2421.98,0.0,9687.92,Debit Card
2023-08-16,Store_Hyderabad,Electronics,CUST_3659,1,7012.06,0.0,7012.06,Debit Card
2023-08-16,Store_Hyderabad,Groceries,CUST_3039,5,403.53,5.0,1916.77,Cash
2023-08-16,Store_Mumbai,Clothing,CUST_2959,1,1428.67,,1428.67,UPI
2023-08-17,Store_Chennai,Sports,CUST_1531,2,1545.57,15.0,2627.47,Credit Card
2023-08-17,Store_Bangalore,Home & Kitchen,CUST_3237,1,2219.36,0.0,2219.36,UPI
2023-08-17,Store_Mumbai,Clothing,CUST_1783,1,1089.12,10.0,980.21,Credit Card
2023-08-17,Store_Hyderabad,Electronics,CUST_3961,2,8959.81,10.0,16127.66,Credit Card
2023-08-17,Store_Hyderabad,Home & Kitchen,CUST_3745,2,1945.81,5.0,3697.04,Cash
2023-08-17,Store_Chennai,Electronics,CUST_2347,2,7893.34,10.0,14208.01,Cash
2023-08-17,Store_Delhi,Electronics,CUST_3192,5,6380.27,0.0,31901.35,Debit Card
2023-08-18,Store_Mumbai,Clothing,CUST_2333,4,954.41,20.0,3054.11,UPI
2023-08-18,Store_Hyderabad,Groceries,CUST_1623,1,390.42,0.0,390.42,UPI
2023-08-18,Store_Mumbai,Sports,CUST_3198,1,1277.24,5.0,1213.38,Cash
2023-08-18,Store_Hyderabad,Home & Kitchen,CUST_3864,4,2914.31,15.0,9908.65,Debit Card
2023-08-18,Store_Bangalore,Sports,CUST_3728,3,1803.49,5.0,5139.95,UPI
2023-08-18,Store_Delhi,Clothing,CUST_1768,3,910.92,5.0,2596.12,Cash
2023-08-18,Store_Chennai,Groceries,CUST_3234,1,395.57,0.0,395.57,UPI
2023-08-19,Store_Hyderabad,Groceries,CUST_3115,4,250.21,10.0,900.76,UPI
2023-08-19,Store_Mumbai,Electronics,CUST_1211,4,7516.68,0.0,30066.72,
2023-08-19,Store_Chennai,Clothing,CUST_3756,3,994.57,0.0,2983.71,Credit Card
2023-08-19,Store_Bangalore,Electronics,CUST_1836,2,8554.87,0.0,17109.74,Credit Card
2023-08-19,Store_Hyderabad,Electronics,CUST_2858,2,4861.19,0.0,9722.38,Cash
2023-08-19,Store_Mumbai,Home & Kitchen,CUST_3323,2,2325.73,10.0,4186.31,Credit Card
2023-08-20,Store_Chennai,Sports,CUST_2909,1,1650.68,5.0,1568.15,UPI
2023-08-20,Store_Mumbai,Clothing,CUST_2693,5,1343.65,0.0,6718.25,Credit Card
2023-08-20,Store_Chennai,Electronics,CUST_3555,5,6763.61,15.0,28745.34,Credit Card
2023-08-20,Store_Delhi,Home & Kitchen,CUST_2354,2,2619.5,10.0,4715.1,Credit Card
2023-08-20,Store_Delhi,Groceries,CUST_1324,5,387.59,0.0,1937.95,Credit Card
2023-08-20,Store_Chennai,Groceries,CUST_2517,5,321.46,20.0,1285.84,Credit Card
2023-08-20,Store_Hyderabad,Sports,CUST_1524,5,1427.49,10.0,6423.7,Debit Card
2023-08-21,Store_Delhi,Home & Kitchen,CUST_3826,1,2098.49,20.0,1678.79,Cash
2023-08-21,Store_Delhi,Groceries,CUST_2569,4,395.96,5.0,1504.65,Debit Card
2023-08-21,Store_Chennai,Home & Kitchen,CUST_3080,3,1756.41,10.0,4742.31,Credit Card
2023-08-21,Store_Bangalore,Clothing,CUST_3120,2,789.82,0.0,1579.64,Cash
2023-08-21,Store_Delhi,Clothing,CUST_3779,1,1035.02,0.0,1035.02,UPI
2023-08-21,Store_Mumbai,Electronics,CUST_2268,3,6374.41,15.0,16254.75,Cash
2023-08-21,Store_Delhi,Sports,CUST_2876,3,1589.96,0.0,4769.88,Debit Card
2023-08-22,Store_Chennai,Clothing,CUST_3078,4,903.74,20.0,2891.97,UPI
2023-08-22,Store_Hyderabad,Clothing,CUST_1370,2,957.79,15.0,1628.24,Cash
2023-08-22,Store_Delhi,Electronics,CUST_3131,2,5577.72,0.0,11155.44,Cash
2023-08-22,Store_Chennai,Clothing,CUST_2715,4,939.28,0.0,3757.12,Credit Card
2023-08-22,Store_Delhi,Electronics,CUST_3858,2,8932.71,15.0,15185.61,UPI
2023-08-22,Store_Delhi,Groceries,CUST_1934,3,404.02,15.0,1030.25,Debit Card
2023-08-22,Store_Bangalore,Sports,CUST_1425,2,1339.28,15.0,2276.78,UPI
2023-08-23,Store_Delhi,Clothing,CUST_1274,2,1221.96,20.0,1955.14,Credit Card
2023-08-23,Store_Bangalore,Home & Kitchen,CUST_2627,3,2012.23,10.0,5433.02,UPI
2023-08-23,Store_Mumbai,Electronics,CUST_3469,3,6032.56,5.0,17192.8,UPI
2023-08-23,Store_Mumbai,Groceries,CUST_3112,3,425.85,10.0,1149.8,Cash
2023-08-23,Store_Bangalore,Electronics,CUST_2336,5,7073.72,10.0,31831.74,Cash
2023-08-23,Store_Delhi,Home & Kitchen,CUST_2680,2,2337.35,15.0,3973.5,Debit Card
2023-08-23,Store_Delhi,Groceries,CUST_2463,5,315.13,0.0,1575.65,Debit Card
2023-08-24,Store_Mumbai,Electronics,CUST_1862,1,7786.32,0.0,7786.32,UPI
2023-08-24,Store_Delhi,Clothing,CUST_3866,2,972.54,0.0,1945.08,Cash
2023-08-24,Store_Chennai,Home & Kitchen,CUST_3629,3,2108.64,5.0,6009.62,Debit Card
2023-08-24,Store_Mumbai,Sports,CUST_2391,4,1901.17,20.0,6083.74,Cash
2023-08-24,Store_Mumbai,Electronics,CUST_2968,5,7345.48,5.0,34891.03,Cash
2023-08-24,Store_Hyderabad,Groceries,CUST_2689,2,364.8,5.0,693.12,Cash
2023-08-24,Store_Hyderabad,Groceries,CUST_3333,3,319.56,0.0,958.68,Credit Card
2023-08-25,Store_Chennai,Groceries,CUST_3818,5,295.34,0.0,1476.7,Credit Card
2023-08-25,Store_Hyderabad,Groceries,CUST_3859,5,365.41,5.0,1735.7,Cash
2023-08-25,Store_Delhi,Sports,CUST_1427,5,1733.49,0.0,8667.45,Debit Card
2023-08-25,Store_Bangalore,Electronics,CUST_1874,4,8653.73,0.0,34614.92,Cash
2023-08-25,Store_Hyderabad,Home & Kitchen,CUST_3912,3,2503.15,15.0,6383.03,Credit Card
2023-08-25,Store_Delhi,Home & Kitchen,CUST_2846,4,1580.75,0.0,6323.0,UPI
2023-08-25,Store_Hyderabad,Sports,CUST_3934,5,1861.62,0.0,9308.1,UPI
2023-08-26,Store_Chennai,Groceries,CUST_3604,1,376.3,10.0,338.67,UPI
2023-08-26,Store_Mumbai,Sports,CUST_3632,5,1729.87,0.0,8649.35,Credit Card
2023-08-26,Store_Chennai,Electronics,CUST_2679,2,8237.91,0.0,16475.82,UPI
2023-08-26,Store_Bangalore,Groceries,CUST_3956,3,443.18,20.0,1063.63,Credit Card
2023-08-26,Store_Hyderabad,Groceries,CUST_1266,2,285.76,0.0,571.52,UPI
2023-08-26,Store_Bangalore,Groceries,CUST_2885,2,436.76,15.0,742.49,Cash
2023-08-27,Store_Hyderabad,Electronics,CUST_2354,1,5056.45,0.0,5056.45,Cash
2023-08-27,Store_Chennai,Clothing,CUST_3825,4,1249.48,15.0,4248.23,Credit Card
2023-08-27,Store_Delhi,Home & Kitchen,CUST_3339,5,2676.17,20.0,10704.68,Credit Card
2023-08-27,Store_Mumbai,Home & Kitchen,CUST_3090,5,2057.65,15.0,8745.01,Cash
2023-08-27,Store_Delhi,Electronics,CUST_2107,1,6557.95,0.0,6557.95,UPI
2023-08-27,Store_Chennai,Clothing,CUST_2977,4,1012.98,0.0,4051.92,Debit Card
2023-08-27,Store_Chennai,Home & Kitchen,CUST_3988,4,1806.54,0.0,7226.16,Cash
2023-08-28,Store_Mumbai,Sports,CUST_1908,4,1489.62,15.0,5064.71,Cash
2023-08-28,Store_Bangalore,Home & Kitchen,CUST_3496,5,2765.21,10.0,12443.44,Credit Card
2023-08-28,Store_Hyderabad,Groceries,CUST_3931,2,341.22,5.0,648.32,Cash
2023-08-28,Store_Delhi,Electronics,CUST_2133,1,7400.47,0.0,7400.47,Credit Card
2023-08-28,Store_Bangalore,Clothing,CUST_2901,5,1338.1,10.0,6021.45,UPI
2023-08-28,Store_Mumbai,Home & Kitchen,CUST_2855,4,2696.36,15.0,9167.62,Credit Card
2023-08-28,Store_Bangalore,Electronics,CUST_3663,3,7993.85,15.0,20384.32,UPI
2023-08-29,Store_Bangalore,Groceries,CUST_3273,2,373.51,0.0,747.02,Credit Card
2023-08-29,Store_Bangalore,Home & Kitchen,CUST_3320,3,1732.26,0.0,5196.78,Cash
2023-08-29,Store_Hyderabad,Clothing,CUST_2944,4,1226.46,5.0,4660.55,Debit Card
2023-08-29,Store_Hyderabad,Home & Kitchen,CUST_2488,4,1925.46,20.0,6161.47,Cash
2023-08-29,Store_Mumbai,Groceries,CUST_1256,4,320.62,10.0,1154.23,Debit Card
2023-08-29,Store_Chennai,Electronics,CUST_3084,2,8149.43,0.0,16298.86,Debit Card
2023-08-29,Store_Delhi,Clothing,CUST_2305,1,1110.34,0.0,1110.34,Debit Card
2023-08-30,Store_Delhi,Sports,CUST_2347,4,1244.67,10.0,4480.81,Credit Card
2023-08-30,Store_Bangalore,Clothing,CUST_2000,3,1104.86,10.0,2983.12,UPI
2023-08-30,Store_Hyderabad,Clothing,CUST_3096,4,1246.07,10.0,4485.85,UPI
2023-08-30,Store_Hyderabad,Clothing,CUST_1878,2,1491.83,20.0,2386.93,Debit Card
2023-08-30,Store_Delhi,Sports,CUST_1782,4,1501.38,5.0,5705.24,Credit Card
2023-08-30,Store_Bangalore,Groceries,CUST_3416,4,349.66,10.0,1258.78,Credit Card
2023-08-30,Store_Delhi,Clothing,CUST_1207,2,1117.89,15.0,1900.41,Credit Card
2023-08-31,Store_Bangalore,Clothing,CUST_3279,5,943.26,10.0,4244.67,Debit Card
2023-08-31,Store_Delhi,Groceries,CUST_1117,5,274.62,0.0,1373.1,Debit Card
2023-08-31,Store_Delhi,Electronics,CUST_2705,3,8230.15,10.0,22221.4,Debit Card
2023-08-31,Store_Delhi,Sports,CUST_1934,3,1481.72,5.0,4222.9,Cash
2023-08-31,Store_Hyderabad,Clothing,CUST_3388,4,864.74,5.0,3286.01,Credit Card
2023-08-31,Store_Bangalore,Groceries,CUST_1398,1,318.99,5.0,303.04,Debit Card
2023-08-31,Store_Delhi,Groceries,CUST_3461,3,369.8,5.0,1053.93,Debit Card
2023-09-01,Store_Hyderabad,Clothing,CUST_2928,3,1008.49,15.0,2571.65,Cash
2023-09-01,Store_Delhi,Clothing,CUST_1285,4,1117.94,0.0,4471.76,UPI
2023-09-01,Store_Delhi,Electronics,CUST_3076,4,7527.38,0.0,30109.52,UPI
2023-09-01,Store_Delhi,Clothing,CUST_3360,5,796.81,15.0,3386.44,UPI
2023-09-01,Store_Chennai,Electronics,CUST_2029,3,6825.42,5.0,19452.45,Cash
2023-09-01,Store_Bangalore,Sports,CUST_3440,1,1553.03,10.0,1397.73,UPI
2023-09-01,Store_Hyderabad,Home & Kitchen,CUST_2405,2,2489.63,10.0,4481.33,Credit Card
2023-09-02,Store_Mumbai,Sports,CUST_2009,2,1454.44,10.0,2617.99,Credit Card
2023-09-02,Store_Hyderabad,Sports,CUST_3768,5,1407.8,10.0,6335.1,Credit Card
2023-09-02,Store_Bangalore,Electronics,CUST_3885,3,6249.9,15.0,15937.24,UPI
2023-09-02,Store_Bangalore,Home & Kitchen,CUST_2177,2,2184.95,15.0,3714.41,UPI
2023-09-02,Store_Hyderabad,Home & Kitchen,CUST_3040,4,2483.28,0.0,9933.12,Credit Card
2023-09-02,Store_Mumbai,Home & Kitchen,CUST_2890,1,2949.92,5.0,2802.42,Debit Card
2023-09-03,Store_Chennai,Groceries,CUST_2517,1,396.82,0.0,396.82,Debit Card
2023-09-03,Store_Hyderabad,Home & Kitchen,CUST_1844,4,2715.02,5.0,10317.08,Cash
2023-09-03,Store_Mumbai,Groceries,CUST_2841,1,321.96,10.0,289.76,Credit Card
2023-09-03,Store_Hyderabad,Electronics,CUST_1834,1,7200.94,10.0,6480.85,Cash
2023-09-03,Store_Delhi,Home & Kitchen,CUST_1542,4,1992.77,5.0,7572.53,Debit Card
2023-09-03,Store_Mumbai,Clothing,CUST_3934,3,1030.37,0.0,3091.11,Credit Card
2023-09-03,Store_Chennai,Home & Kitchen,CUST_1180,2,1807.93,0.0,3615.86,Debit Card
2023-09-04,Store_Delhi,Electronics,CUST_1611,3,5920.69,5.0,16873.97,Debit Card
2023-09-04,Store_Delhi,Electronics,CUST_2337,3,6423.09,15.0,16378.88,UPI
2023-09-04,Store_Mumbai,Electronics,CUST_3249,1,7543.37,10.0,6789.03,Credit Card
2023-09-04,Store_Mumbai,Home & Kitchen,CUST_1748,3,2654.99,0.0,7964.97,Debit Card
2023-09-04,Store_Bangalore,Electronics,CUST_2353,3,8545.77,10.0,23073.58,Debit Card
2023-09-04,Store_Delhi,Groceries,CUST_1788,2,333.05,5.0,632.79,Credit Card
2023-09-04,Store_Bangalore,Clothing,CUST_3649,5,887.3,10.0,3992.85,Cash
2023-09-05,Store_Hyderabad,Groceries,CUST_1107,5,319.76,0.0,1598.8,Debit Card
2023-09-05,Store_Bangalore,Electronics,CUST_3412,2,6429.98,10.0,11573.96,UPI
2023-09-05,Store_Hyderabad,Sports,CUST_3270,5,1458.49,10.0,6563.2,Credit Card
2023-09-05,Store_Hyderabad,Electronics,CUST_2093,2,9479.62,10.0,17063.32,Debit Card
2023-09-05,Store_Mumbai,Clothing,CUST_1444,3,1067.85,5.0,3043.37,UPI
2023-09-05,Store_Hyderabad,Clothing,CUST_3722,1,1216.92,0.0,1216.92,Credit Card
2023-09-05,Store_Hyderabad,Home & Kitchen,CUST_2052,5,2212.7,0.0,11063.5,Cash
2023-09-06,Store_Bangalore,Clothing,CUST_1898,1,1011.77,5.0,961.18,Credit Card
2023-09-06,Store_Chennai,Electronics,CUST_2046,2,7809.08,10.0,14056.34,UPI
2023-09-06,Store_Mumbai,Groceries,CUST_2339,1,266.17,,266.17,Debit Card
2023-09-06,Store_Bangalore,Sports,CUST_3064,1,1585.38,10.0,1426.84,UPI
2023-09-06,Store_Mumbai,Home & Kitchen,CUST_2008,2,2264.09,20.0,3622.54,Cash
2023-09-06,Store_Bangalore,Sports,CUST_1336,5,1508.49,5.0,7165.33,Credit Card
2023-09-06,Store_Mumbai,Groceries,CUST_2741,3,439.9,10.0,1187.73,Cash
2023-09-07,Store_Mumbai,Home & Kitchen,CUST_2299,1,1791.69,0.0,1791.69,UPI
2023-09-07,Store_Chennai,Sports,CUST_2378,5,1880.28,20.0,7521.12,UPI
2023-09-07,Store_Hyderabad,Sports,CUST_1405,2,1385.15,0.0,2770.3,Credit Card
2023-09-07,Store_Hyderabad,Electronics,CUST_1366,5,5616.9,10.0,25276.05,Cash
2023-09-07,Store_Bangalore,Sports,CUST_3116,5,2026.47,10.0,9119.12,UPI
2023-09-07,Store_Hyderabad,Sports,CUST_1576,1,1518.43,10.0,1366.59,Debit Card
2023-09-07,Store_Bangalore,Sports,CUST_2021,1,1829.8,10.0,1646.82,Cash
2023-09-08,Store_Chennai,Groceries,CUST_3876,3,352.93,0.0,1058.79,UPI
2023-09-08,Store_Chennai,Clothing,CUST_2599,4,1005.8,0.0,4023.2,UPI
2023-09-08,Store_Hyderabad,Groceries,CUST_2112,2,410.58,5.0,780.1,Cash
2023-09-08,Store_Delhi,Electronics,CUST_3948,1,6476.74,5.0,6152.9,Debit Card
2023-09-08,Store_Delhi,Groceries,CUST_1933,2,355.11,20.0,568.18,Debit Card
2023-09-08,Store_Delhi,Electronics,CUST_1263,1,7520.47,0.0,7520.47,UPI
2023-09-08,Store_Mumbai,Electronics,CUST_2523,5,6736.97,20.0,26947.88,Cash
2023-09-09,Store_Chennai,Sports,CUST_1612,5,2007.71,0.0,10038.55,Credit Card
2023-09-09,Store_Delhi,Sports,CUST_1155,5,1903.39,0.0,9516.95,Credit Card
2023-09-09,Store_Bangalore,Clothing,CUST_3325,2,1023.36,15.0,1739.71,UPI
2023-09-09,Store_Hyderabad,Clothing,CUST_3285,3,1137.27,0.0,3411.81,Debit Card
2023-09-09,Store_Mumbai,Home & Kitchen,CUST_1724,5,2324.78,0.0,11623.9,UPI
2023-09-09,Store_Hyderabad,Home & Kitchen,CUST_2872,2,1929.72,0.0,3859.44,Debit Card
2023-09-10,Store_Hyderabad,Clothing,CUST_1724,2,1292.5,0.0,2585.0,Cash
2023-09-10,Store_Chennai,Groceries,CUST_3355,4,322.81,0.0,1291.24,UPI
2023-09-10,Store_Delhi,Electronics,CUST_1584,5,7099.1,0.0,35495.5,Cash
2023-09-10,Store_Chennai,Home & Kitchen,CUST_3752,4,1828.68,20.0,5851.78,Cash
2023-09-10,Store_Delhi,Sports,CUST_3734,1,1218.29,5.0,1157.38,UPI
2023-09-10,Store_Bangalore,Electronics,CUST_1285,3,6349.78,10.0,17144.41,Credit Card
2023-09-10,Store_Bangalore,Electronics,CUST_2614,3,6344.15,5.0,18080.83,Debit Card
2023-09-11,Store_Delhi,Home & Kitchen,CUST_1834,4,2069.49,10.0,7450.16,Debit Card
2023-09-11,Store_Hyderabad,Sports,CUST_1912,3,2019.96,0.0,6059.88,UPI
2023-09-11,Store_Hyderabad,Sports,CUST_3007,2,1568.81,10.0,2823.86,UPI
2023-09-11,Store_Hyderabad,Groceries,CUST_3658,5,302.59,15.0,1286.01,UPI
2023-09-11,Store_Mumbai,Groceries,CUST_1817,3,319.54,0.0,958.62,Cash
2023-09-11,Store_Hyderabad,Sports,CUST_3981,1,1758.83,0.0,1758.83,Credit Card
2023-09-11,Store_Hyderabad,Home & Kitchen,CUST_2767,5,2106.45,5.0,10005.64,Cash
2023-09-12,Store_Delhi,Sports,CUST_2341,4,1796.46,20.0,5748.67,Cash
2023-09-12,Store_Hyderabad,Groceries,CUST_2270,1,354.32,0.0,354.32,Cash
2023-09-12,Store_Mumbai,Groceries,CUST_1064,2,316.65,15.0,538.3,UPI
2023-09-12,Store_Chennai,Electronics,CUST_3872,5,7869.64,5.0,37380.79,UPI
2023-09-12,Store_Hyderabad,Sports,CUST_1471,3,1867.18,0.0,5601.54,Credit Card
2023-09-12,Store_Delhi,Sports,CUST_1785,4,1421.62,0.0,5686.48,Credit Card
2023-09-12,Store_Bangalore,Clothing,CUST_2822,4,1085.48,10.0,3907.73,Debit Card
2023-09-13,Store_Chennai,Home & Kitchen,CUST_1157,5,2166.79,0.0,10833.95,UPI
2023-09-13,Store_Bangalore,Groceries,CUST_1485,3,426.27,0.0,1278.81,Credit Card
2023-09-13,Store_Mumbai,Electronics,CUST_2834,2,6742.33,0.0,13484.66,Debit Card
2023-09-13,Store_Chennai,Groceries,CUST_1474,4,358.28,15.0,1218.15,Debit Card
2023-09-13,Store_Hyderabad,Clothing,CUST_2353,1,1110.45,0.0,1110.45,Debit Card
2023-09-13,Store_Chennai,Electronics,CUST_1486,3,7158.09,0.0,21474.27,Cash
2023-09-13,Store_Chennai,Electronics,CUST_1025,5,7441.43,5.0,35346.79,Debit Card
2023-09-14,Store_Chennai,Clothing,CUST_2256,1,1050.82,20.0,840.66,Cash
2023-09-14,Store_Hyderabad,Sports,CUST_3083,1,2038.07,10.0,1834.26,UPI
2023-09-14,Store_Hyderabad,Clothing,CUST_2084,5,1104.18,0.0,5520.9,Debit Card
2023-09-14,Store_Chennai,Sports,CUST_1516,3,1430.92,5.0,4078.12,UPI
2023-09-14,Store_Mumbai,Sports,CUST_2382,4,1567.16,0.0,6268.64,Cash
2023-09-14,Store_Bangalore,Clothing,CUST_1852,4,1018.18,20.0,3258.18,UPI
2023-09-14,Store_Delhi,Clothing,CUST_1118,5,1043.36,5.0,4955.96,Credit Card
2023-09-15,Store_Mumbai,Groceries,CUST_1155,1,392.6,0.0,392.6,UPI
2023-09-15,Store_Bangalore,Home & Kitchen,CUST_3231,4,2981.98,0.0,11927.92,Cash
2023-09-15,Store_Mumbai,Home & Kitchen,CUST_3188,5,2805.22,0.0,14026.1,Cash
2023-09-15,Store_Hyderabad,Home & Kitchen,CUST_2532,2,2421.03,20.0,3873.65,UPI
2023-09-15,Store_Chennai,Home & Kitchen,CUST_3840,1,2615.54,5.0,2484.76,UPI
2023-09-15,Store_Bangalore,Groceries,CUST_1538,1,447.84,0.0,447.84,
2023-09-15,Store_Hyderabad,Groceries,CUST_2034,1,384.08,5.0,364.88,Debit Card
2023-09-16,Store_Mumbai,Groceries,CUST_1010,1,352.05,0.0,352.05,UPI
2023-09-16,Store_Bangalore,Electronics,CUST_2742,5,5846.09,0.0,29230.45,UPI
2023-09-16,Store_Delhi,Electronics,CUST_2112,2,6320.38,,12640.76,Debit Card
2023-09-16,Store_Hyderabad,Electronics,CUST_2654,2,6468.64,0.0,12937.28,UPI
2023-09-16,Store_Hyderabad,Home & Kitchen,CUST_1435,4,1598.94,10.0,5756.18,Debit Card
2023-09-16,Store_Bangalore,Home & Kitchen,CUST_1834,3,2411.43,10.0,6510.86,Cash
2023-09-17,Store_Mumbai,Groceries,CUST_2072,4,323.17,20.0,1034.14,Cash
2023-09-17,Store_Chennai,Home & Kitchen,CUST_3346,1,2199.26,,2089.3,UPI
2023-09-17,Store_Mumbai,Sports,CUST_2558,5,1547.55,5.0,7350.86,Credit Card
2023-09-17,Store_Delhi,Sports,CUST_3023,4,1728.83,10.0,6223.79,Credit Card
2023-09-17,Store_Delhi,Electronics,CUST_3467,5,7646.4,5.0,36320.4,Credit Card
2023-09-17,Store_Chennai,Home & Kitchen,CUST_2660,2,2026.76,0.0,4053.52,UPI
2023-09-17,Store_Hyderabad,Home & Kitchen,CUST_2857,1,1601.24,15.0,1361.05,UPI
2023-09-18,Store_Mumbai,Clothing,CUST_2394,1,1364.2,0.0,1364.2,Debit Card
2023-09-18,Store_Chennai,Electronics,CUST_3129,1,8516.74,10.0,7665.07,Cash
2023-09-18,Store_Mumbai,Home & Kitchen,CUST_3119,2,2527.78,10.0,4550.0,Cash
2023-09-18,Store_Bangalore,Sports,CUST_1206,2,1581.47,15.0,2688.5,Credit Card
2023-09-18,Store_Hyderabad,Groceries,CUST_3838,5,385.15,0.0,1925.75,UPI
2023-09-18,Store_Mumbai,Sports,CUST_1486,4,1981.5,20.0,6340.8,UPI
2023-09-18,Store_Mumbai,Clothing,CUST_3278,3,1363.04,20.0,3271.3,Debit Card
2023-09-19,Store_Bangalore,Groceries,CUST_2195,1,400.49,0.0,400.49,Cash
2023-09-19,Store_Bangalore,Clothing,CUST_3892,2,1318.48,0.0,2636.96,Cash
2023-09-19,Store_Hyderabad,Electronics,CUST_2160,3,5674.87,10.0,15322.15,Debit Card
2023-09-19,Store_Delhi,Sports,CUST_2875,5,1694.34,10.0,7624.53,Debit Card
2023-09-19,Store_Mumbai,Groceries,CUST_3105,1,289.06,0.0,289.06,Debit Card
2023-09-19,Store_Mumbai,Groceries,CUST_1065,4,423.14,0.0,1692.56,Debit Card
2023-09-19,Store_Hyderabad,Sports,CUST_2032,5,1483.32,0.0,7416.6,UPI
2023-09-20,Store_Bangalore,Clothing,CUST_2815,3,1079.37,,3238.11,UPI
2023-09-20,Store_Delhi,Home & Kitchen,CUST_2868,3,2797.34,0.0,8392.02,UPI
2023-09-20,Store_Hyderabad,Home & Kitchen,CUST_3149,5,1826.27,0.0,9131.35,UPI
2023-09-20,Store_Mumbai,Groceries,CUST_1055,1,470.87,0.0,470.87,Debit Card
2023-09-20,Store_Chennai,Clothing,CUST_3263,2,1041.9,0.0,2083.8,Debit Card
2023-09-20,Store_Hyderabad,Clothing,CUST_2025,1,1072.78,0.0,1072.78,Credit Card
2023-09-20,Store_Bangalore,Home & Kitchen,CUST_2977,4,1802.74,5.0,6850.41,UPI
2023-09-21,Store_Mumbai,Sports,CUST_2206,4,1495.99,10.0,5385.56,Credit Card
2023-09-21,Store_Bangalore,Sports,CUST_1049,4,1640.34,0.0,6561.36,UPI
2023-09-21,Store_Hyderabad,Groceries,CUST_3817,2,442.25,0.0,884.5,Debit Card
2023-09-21,Store_Delhi,Electronics,CUST_2474,5,8716.04,10.0,39222.18,Debit Card
2023-09-21,Store_Mumbai,Home & Kitchen,CUST_1355,4,2155.73,5.0,8191.77,Cash
2023-09-21,Store_Delhi,Home & Kitchen,CUST_3588,2,1921.71,15.0,3266.91,UPI
2023-09-21,Store_Chennai,Electronics,CUST_3060,4,6741.16,0.0,26964.64,Debit Card
2023-09-22,Store_Bangalore,Home & Kitchen,CUST_1615,1,2484.16,15.0,2111.54,Debit Card
2023-09-22,Store_Bangalore,Electronics,CUST_1383,1,9076.0,5.0,8622.2,UPI
2023-09-22,Store_Delhi,Sports,CUST_1239,4,1139.7,20.0,3647.04,Debit Card
2023-09-22,Store_Bangalore,Home & Kitchen,CUST_2700,2,1953.3,5.0,3711.27,Debit Card
2023-09-22,Store_Bangalore,Clothing,CUST_3655,4,959.69,0.0,3838.76,Debit Card
2023-09-22,Store_Mumbai,Sports,CUST_1611,2,1891.52,0.0,3783.04,UPI
2023-09-22,Store_Bangalore,Groceries,CUST_2442,5,272.51,0.0,1362.55,UPI
2023-09-23,Store_Chennai,Sports,CUST_3366,5,1782.35,20.0,7129.4,UPI
2023-09-23,Store_Mumbai,Electronics,CUST_3694,3,9599.99,20.0,23039.98,UPI
2023-09-23,Store_Hyderabad,Electronics,CUST_3101,1,6908.07,10.0,6217.26,Debit Card
2023-09-23,Store_Delhi,Home & Kitchen,CUST_2444,1,1868.23,0.0,1868.23,UPI
2023-09-23,Store_Mumbai,Home & Kitchen,CUST_2023,3,2147.18,0.0,6441.54,UPI
2023-09-23,Store_Mumbai,Clothing,CUST_2284,4,981.38,5.0,3729.24,UPI
2023-09-24,Store_Delhi,Groceries,CUST_3100,2,344.58,15.0,585.79,Credit Card
2023-09-24,Store_Mumbai,Home & Kitchen,CUST_2475,5,1901.36,0.0,9506.8,Cash
2023-09-24,Store_Delhi,Groceries,CUST_3519,1,282.96,15.0,240.52,Credit Card
2023-09-24,Store_Delhi,Electronics,CUST_3779,2,6477.52,0.0,12955.04,Credit Card
2023-09-24,Store_Mumbai,Home & Kitchen,CUST_3456,3,1646.87,15.0,4199.52,Cash
2023-09-24,Store_Hyderabad,Groceries,CUST_3303,4,336.19,5.0,1277.52,UPI
2023-09-24,Store_Bangalore,Sports,CUST_1499,1,1705.84,10.0,1535.26,Credit Card
2023-09-25,Store_Chennai,Electronics,CUST_2986,5,9359.97,0.0,46799.85,UPI
2023-09-25,Store_Mumbai,Electronics,CUST_3934,2,9490.39,0.0,18980.78,Credit Card
2023-09-25,Store_Delhi,Clothing,CUST_2147,4,1144.45,15.0,3891.13,Debit Card
2023-09-25,Store_Chennai,Clothing,CUST_1722,4,966.69,15.0,3286.75,Debit Card
2023-09-25,Store_Mumbai,Home & Kitchen,CUST_2586,2,2746.23,0.0,5492.46,Debit Card
2023-09-25,Store_Bangalore,Clothing,CUST_2880,1,1462.11,10.0,1315.9,Cash
2023-09-25,Store_Mumbai,Sports,CUST_3672,1,1623.02,10.0,1460.72,Cash
2023-09-26,Store_Mumbai,Groceries,CUST_1302,2,330.45,0.0,660.9,Cash
2023-09-26,Store_Mumbai,Sports,CUST_1181,1,1798.91,20.0,1439.13,UPI
2023-09-26,Store_Delhi,Sports,CUST_1654,4,2114.85,5.0,8036.43,Credit Card
2023-09-26,Store_Bangalore,Electronics,CUST_3462,4,6401.57,20.0,20485.02,
2023-09-26,Store_Hyderabad,Clothing,CUST_2249,5,1019.21,0.0,5096.05,Cash
2023-09-26,Store_Delhi,Home & Kitchen,CUST_2547,4,2216.72,5.0,8423.54,Cash
2023-09-26,Store_Delhi,Electronics,CUST_1584,5,7825.99,5.0,37173.45,Cash
2023-09-27,Store_Mumbai,Home & Kitchen,CUST_3450,4,2153.71,0.0,8614.84,Credit Card
2023-09-27,Store_Mumbai,Home & Kitchen,CUST_3733,2,1884.66,5.0,3580.85,Credit Card
2023-09-27,Store_Mumbai,Groceries,CUST_1042,5,377.45,20.0,1509.8,Cash
2023-09-27,Store_Delhi,Electronics,CUST_2358,3,5952.3,0.0,17856.9,Cash
2023-09-27,Store_Delhi,Sports,CUST_1429,2,1648.89,0.0,3297.78,UPI
2023-09-27,Store_Chennai,Electronics,CUST_1211,1,8174.15,0.0,8174.15,Credit Card
2023-09-27,Store_Chennai,Groceries,CUST_1349,3,464.15,0.0,1392.45,UPI
2023-09-28,Store_Hyderabad,Clothing,CUST_3772,1,949.81,0.0,949.81,Cash
2023-09-28,Store_Mumbai,Clothing,CUST_3246,2,915.41,0.0,1830.82,Debit Card
2023-09-28,Store_Hyderabad,Groceries,CUST_3664,5,391.14,0.0,1955.7,Cash
2023-09-28,Store_Delhi,Sports,CUST_3698,5,1648.96,20.0,6595.84,UPI
2023-09-28,Store_Mumbai,Groceries,CUST_2566,3,344.83,20.0,827.59,Debit Card
2023-09-28,Store_Hyderabad,Electronics,CUST_2639,4,7071.85,10.0,25458.66,Credit Card
2023-09-28,Store_Delhi,Electronics,CUST_1754,4,6545.48,20.0,20945.54,Cash
2023-09-29,Store_Hyderabad,Home & Kitchen,CUST_3807,1,2014.02,10.0,1812.62,Debit Card
2023-09-29,Store_Bangalore,Electronics,CUST_3044,5,7507.23,0.0,37536.15,Cash
2023-09-29,Store_Mumbai,Electronics,CUST_3540,1,5689.34,5.0,5404.87,Cash
2023-09-29,Store_Bangalore,Electronics,CUST_1917,3,8230.32,5.0,23456.41,UPI
2023-09-29,Store_Bangalore,Clothing,CUST_3554,5,1027.98,15.0,4368.92,Cash
2023-09-29,Store_Delhi,Home & Kitchen,CUST_2930,1,2258.08,5.0,2145.18,Debit Card
2023-09-29,Store_Hyderabad,Sports,CUST_2478,5,1800.17,10.0,8100.76,Debit Card
2023-09-30,Store_Hyderabad,Groceries,CUST_1954,1,271.43,10.0,244.29,Credit Card
2023-09-30,Store_Chennai,Groceries,CUST_1248,4,387.58,0.0,1550.32,UPI
2023-09-30,Store_Delhi,Groceries,CUST_1460,4,342.56,5.0,1301.73,Credit Card
2023-09-30,Store_Delhi,Clothing,CUST_3543,5,1123.33,10.0,5054.98,Debit Card
2023-09-30,Store_Hyderabad,Electronics,CUST_1349,2,5560.81,10.0,10009.46,Cash
2023-09-30,Store_Delhi,Groceries,CUST_3638,4,305.59,5.0,1161.24,Cash
2023-10-01,Store_Hyderabad,Clothing,CUST_2948,2,3318.29,10.0,5972.92,Debit Card
2023-10-01,Store_Delhi,Clothing,CUST_3923,4,2349.56,0.0,9398.24,Credit Card
2023-10-01,Store_Hyderabad,Electronics,CUST_1327,5,13173.82,0.0,65869.1,Credit Card
2023-10-01,Store_Chennai,Home & Kitchen,CUST_2468,4,4973.02,5.0,18897.48,Cash
2023-10-01,Store_Chennai,Clothing,CUST_3811,4,2347.07,10.0,8449.45,Cash
2023-10-01,Store_Delhi,Electronics,CUST_2710,5,16828.64,20.0,67314.56,Debit Card
2023-10-01,Store_Chennai,Electronics,CUST_1214,3,18893.78,0.0,56681.34,Cash
2023-10-02,Store_Hyderabad,Groceries,CUST_1389,2,832.35,10.0,1498.23,Debit Card
2023-10-02,Store_Mumbai,Electronics,CUST_1173,5,14202.07,20.0,56808.28,Credit Card
2023-10-02,Store_Bangalore,Groceries,CUST_3999,5,871.82,0.0,4359.1,Debit Card
2023-10-02,Store_Mumbai,Electronics,CUST_1672,4,13343.11,0.0,53372.44,Credit Card
2023-10-02,Store_Delhi,Sports,CUST_2566,1,4443.52,10.0,3999.17,UPI
2023-10-02,Store_Mumbai,Clothing,CUST_3816,5,2441.54,5.0,11597.32,Debit Card
2023-10-02,Store_Delhi,Home & Kitchen,CUST_2806,3,5840.78,,14017.87,Cash
2023-10-03,Store_Mumbai,Home & Kitchen,CUST_1530,4,6269.95,0.0,25079.8,UPI
2023-10-03,Store_Bangalore,Clothing,CUST_3060,5,1989.09,0.0,9945.45,Cash
2023-10-03,Store_Delhi,Clothing,CUST_2583,5,2735.31,0.0,13676.55,Credit Card
2023-10-03,Store_Chennai,Clothing,CUST_3565,2,1810.12,15.0,3077.2,UPI
2023-10-03,Store_Mumbai,Sports,CUST_1386,3,3446.92,0.0,10340.76,Cash
2023-10-03,Store_Mumbai,Groceries,CUST_1463,1,680.59,10.0,612.53,UPI
2023-10-03,Store_Chennai,Electronics,CUST_3770,3,16180.7,5.0,46115.0,Debit Card
2023-10-04,Store_Delhi,Electronics,CUST_3636,1,12050.61,5.0,11448.08,Cash
2023-10-04,Store_Mumbai,Electronics,CUST_2771,4,14948.01,10.0,53812.84,Debit Card
2023-10-04,Store_Bangalore,Clothing,CUST_2287,2,2166.74,10.0,3900.13,Credit Card
2023-10-04,Store_Mumbai,Clothing,CUST_2972,2,2224.24,10.0,4003.63,Debit Card
2023-10-04,Store_Chennai,Clothing,CUST_2262,3,2862.4,5.0,8157.84,Debit Card
2023-10-04,Store_Hyderabad,Sports,CUST_3999,2,3044.48,10.0,5480.06,Debit Card
2023-10-04,Store_Hyderabad,Sports,CUST_2490,2,4659.51,0.0,9319.02,Credit Card
2023-10-05,Store_Delhi,Electronics,CUST_1544,3,18208.04,0.0,54624.12,Debit Card
2023-10-05,Store_Delhi,Clothing,CUST_3078,2,2277.74,20.0,3644.38,Credit Card
2023-10-05,Store_Mumbai,Groceries,CUST_2656,4,758.13,15.0,2577.64,UPI
2023-10-05,Store_Chennai,Clothing,CUST_3565,2,3101.45,10.0,5582.61,UPI
2023-10-05,Store_Chennai,Home & Kitchen,CUST_3347,5,4092.92,0.0,20464.6,Debit Card
2023-10-05,Store_Bangalore,Groceries,CUST_3266,4,736.39,20.0,2356.45,Cash
2023-10-05,Store_Mumbai,Home & Kitchen,CUST_1559,3,5392.24,15.0,13750.21,Cash
2023-10-06,Store_Delhi,Electronics,CUST_1166,4,16596.71,10.0,59748.16,Debit Card
2023-10-06,Store_Chennai,Groceries,CUST_2252,5,705.83,0.0,3529.15,Debit Card
2023-10-06,Store_Mumbai,Clothing,CUST_1297,2,2075.01,10.0,3735.02,Debit Card
2023-10-06,Store_Delhi,Clothing,CUST_2569,5,1948.98,0.0,9744.9,UPI
2023-10-06,Store_Bangalore,Groceries,CUST_1816,3,984.12,15.0,2509.51,Credit Card
2023-10-06,Store_Delhi,Groceries,CUST_2719,4,907.45,20.0,2903.84,Debit Card
2023-10-06,Store_Bangalore,Home & Kitchen,CUST_1909,2,4677.41,5.0,8887.08,UPI
2023-10-07,Store_Hyderabad,Home & Kitchen,CUST_2688,4,4500.3,0.0,18001.2,Credit Card
2023-10-07,Store_Bangalore,Home & Kitchen,CUST_2690,4,6365.17,5.0,24187.65,Cash
2023-10-07,Store_Mumbai,Clothing,CUST_2238,2,2865.31,5.0,5444.09,Debit Card
2023-10-07,Store_Hyderabad,Electronics,CUST_2799,4,16819.12,0.0,67276.48,Cash
2023-10-07,Store_Delhi,Electronics,CUST_1977,4,11728.23,15.0,39875.98,Debit Card
2023-10-07,Store_Mumbai,Clothing,CUST_2255,5,2635.93,10.0,11861.68,Cash
2023-10-08,Store_Bangalore,Sports,CUST_3743,4,2949.19,15.0,10027.25,Cash
2023-10-08,Store_Chennai,Home & Kitchen,CUST_3747,1,5205.58,0.0,5205.58,UPI
2023-10-08,Store_Chennai,Clothing,CUST_2136,3,2232.99,0.0,6698.97,Debit Card
2023-10-08,Store_Hyderabad,Home & Kitchen,CUST_2108,3,4061.72,10.0,10966.64,Debit Card
2023-10-08,Store_Hyderabad,Home & Kitchen,CUST_1849,3,4588.48,20.0,11012.35,UPI
2023-10-08,Store_Delhi,Electronics,CUST_2129,3,14607.31,5.0,41630.83,UPI
2023-10-08,Store_Bangalore,Groceries,CUST_3456,4,841.06,10.0,3027.82,UPI
2023-10-09,Store_Bangalore,Sports,CUST_1387,4,3391.28,0.0,13565.12,Cash
2023-10-09,Store_Mumbai,Home & Kitchen,CUST_1301,2,6182.61,0.0,12365.22,Cash
2023-10-09,Store_Bangalore,Home & Kitchen,CUST_2832,4,5422.34,5.0,20604.89,Credit Card
2023-10-09,Store_Chennai,Groceries,CUST_2478,1,978.98,15.0,832.13,Debit Card
2023-10-09,Store_Bangalore,Electronics,CUST_2238,1,11924.09,0.0,11924.09,Debit Card
2023-10-09,Store_Bangalore,Sports,CUST_3995,1,3897.6,5.0,3702.72,Credit Card
2023-10-09,Store_Mumbai,Sports,CUST_1981,4,4015.02,5.0,15257.08,UPI
2023-10-10,Store_Bangalore,Electronics,CUST_3397,3,12687.25,0.0,38061.75,Credit Card
2023-10-10,Store_Delhi,Electronics,CUST_1878,1,17522.95,0.0,17522.95,Cash
2023-10-10,Store_Mumbai,Groceries,CUST_2329,1,637.99,0.0,637.99,Debit Card
2023-10-10,Store_Mumbai,Clothing,CUST_2515,4,2054.85,5.0,7808.43,Credit Card
2023-10-10,Store_Bangalore,Home & Kitchen,CUST_3231,3,6248.94,20.0,14997.46,Credit Card
2023-10-10,Store_Mumbai,Sports,CUST_2598,2,4642.93,10.0,8357.27,Debit Card
2023-10-10,Store_Delhi,Sports,CUST_2209,2,3594.9,20.0,5751.84,Credit Card
2023-10-11,Store_Chennai,Electronics,CUST_1714,1,18482.17,5.0,17558.06,Debit Card
2023-10-11,Store_Chennai,Clothing,CUST_3932,3,2222.55,5.0,6334.27,Credit Card
2023-10-11,Store_Mumbai,Sports,CUST_2443,4,4831.48,0.0,19325.92,Debit Card
2023-10-11,Store_Mumbai,Sports,CUST_2300,3,4084.14,10.0,11027.18,UPI
2023-10-11,Store_Mumbai,Clothing,CUST_1997,1,2124.49,0.0,2124.49,Credit Card
2023-10-11,Store_Chennai,Home & Kitchen,CUST_3548,3,4760.3,0.0,14280.9,Debit Card
2023-10-11,Store_Chennai,Sports,CUST_1109,5,4523.85,0.0,22619.25,Cash
2023-10-12,Store_Chennai,Sports,CUST_2613,2,3257.93,10.0,5864.27,UPI
2023-10-12,Store_Chennai,Sports,CUST_2590,5,3669.02,10.0,16510.59,UPI
2023-10-12,Store_Delhi,Electronics,CUST_2630,1,17927.74,20.0,14342.19,Cash
2023-10-12,Store_Hyderabad,Electronics,CUST_2844,3,16228.92,5.0,46252.42,Cash
2023-10-12,Store_Delhi,Groceries,CUST_2634,4,700.28,5.0,2661.06,UPI
2023-10-12,Store_Delhi,Home & Kitchen,CUST_1061,3,4713.58,20.0,11312.59,Cash
2023-10-12,Store_Hyderabad,Groceries,CUST_3966,5,674.55,5.0,3204.11,Cash
2023-10-13,Store_Chennai,Home & Kitchen,CUST_3699,3,3570.57,10.0,9640.54,UPI
2023-10-13,Store_Hyderabad,Sports,CUST_1523,1,3133.49,0.0,3133.49,UPI
2023-10-13,Store_Hyderabad,Home & Kitchen,CUST_3726,1,5661.55,20.0,4529.24,Credit Card
2023-10-13,Store_Hyderabad,Sports,CUST_3861,2,2671.0,5.0,5074.9,Credit Card
2023-10-13,Store_Hyderabad,Sports,CUST_2449,3,4937.88,0.0,14813.64,Debit Card
2023-10-13,Store_Mumbai,Home & Kitchen,CUST_1815,2,5383.16,5.0,10228.0,Debit Card
2023-10-13,Store_Chennai,Groceries,CUST_1569,3,669.75,10.0,1808.32,UPI
2023-10-14,Store_Hyderabad,Clothing,CUST_1758,1,1974.85,10.0,1777.36,UPI
2023-10-14,Store_Hyderabad,Home & Kitchen,CUST_2908,2,3579.3,5.0,6800.67,Credit Card
2023-10-14,Store_Chennai,Clothing,CUST_1204,2,1916.41,5.0,3641.18,Debit Card
2023-10-14,Store_Bangalore,Sports,CUST_1196,1,3145.85,0.0,3145.85,Credit Card
2023-10-14,Store_Delhi,Home & Kitchen,CUST_2669,4,4555.83,0.0,18223.32,UPI
2023-10-14,Store_Chennai,Clothing,CUST_3631,2,2557.64,10.0,4603.75,Debit Card
2023-10-15,Store_Chennai,Electronics,CUST_2467,3,17451.74,20.0,41884.18,Cash
2023-10-15,Store_Bangalore,Electronics,CUST_1796,3,21636.84,5.0,61664.99,Credit Card
2023-10-15,Store_Delhi,Electronics,CUST_2918,3,17174.18,10.0,46370.29,Cash
2023-10-15,Store_Chennai,Electronics,CUST_3298,5,17425.6,15.0,74058.8,UPI
2023-10-15,Store_Delhi,Sports,CUST_1121,2,3722.65,0.0,7445.3,Cash
2023-10-15,Store_Chennai,Sports,CUST_2383,4,4520.29,10.0,16273.04,Credit Card
2023-10-15,Store_Delhi,Electronics,CUST_1730,5,18465.45,15.0,78478.16,UPI
2023-10-16,Store_Chennai,Groceries,CUST_1559,2,589.25,5.0,1119.58,Credit Card
2023-10-16,Store_Chennai,Sports,CUST_1237,2,4375.98,0.0,8751.96,Debit Card
2023-10-16,Store_Mumbai,Electronics,CUST_1402,2,19593.74,0.0,39187.48,Credit Card
2023-10-16,Store_Mumbai,Sports,CUST_3483,3,4578.51,10.0,12361.98,Cash
2023-10-16,Store_Mumbai,Electronics,CUST_1786,4,17369.06,0.0,69476.24,Credit Card
2023-10-16,Store_Mumbai,Groceries,CUST_1600,5,697.21,0.0,3486.05,Cash
2023-10-16,Store_Mumbai,Home & Kitchen,CUST_2010,1,4339.76,0.0,4339.76,UPI
2023-10-17,Store_Mumbai,Electronics,CUST_3783,4,15697.03,5.0,59648.71,UPI
2023-10-17,Store_Hyderabad,Groceries,CUST_2642,3,697.14,15.0,1777.71,Debit Card
2023-10-17,Store_Delhi,Groceries,CUST_3781,2,983.23,5.0,1868.14,Cash
2023-10-17,Store_Mumbai,Home & Kitchen,CUST_3631,3,4259.8,5.0,12140.43,Debit Card
2023-10-17,Store_Delhi,Sports,CUST_1205,5,3667.48,5.0,17420.53,Cash
2023-10-17,Store_Delhi,Groceries,CUST_3696,4,791.63,15.0,2691.54,Debit Card
2023-10-17,Store_Delhi,Sports,CUST_2319,3,3175.86,0.0,9527.58,Credit Card
2023-10-18,Store_Hyderabad,Clothing,CUST_1060,3,2456.16,0.0,7368.48,Cash
2023-10-18,Store_Mumbai,Electronics,CUST_2565,2,16112.76,0.0,32225.52,Debit Card
2023-10-18,Store_Mumbai,Electronics,CUST_2116,2,20517.19,0.0,41034.38,Credit Card
2023-10-18,Store_Mumbai,Groceries,CUST_3669,2,663.13,5.0,1259.95,Credit Card
2023-10-18,Store_Chennai,Home & Kitchen,CUST_2604,1,3793.13,10.0,3413.82,Credit Card
2023-10-18,Store_Chennai,Electronics,CUST_2845,1,12362.66,10.0,11126.39,Credit Card
2023-10-18,Store_Hyderabad,Sports,CUST_3128,3,4350.66,10.0,11746.78,Credit Card
2023-10-19,Store_Hyderabad,Electronics,CUST_3533,3,18371.76,0.0,55115.28,Cash
2023-10-19,Store_Hyderabad,Clothing,CUST_3878,1,2472.81,15.0,2101.89,UPI
2023-10-19,Store_Chennai,Groceries,CUST_1176,1,705.57,,705.57,Cash
2023-10-19,Store_Bangalore,Electronics,CUST_2190,5,18623.69,0.0,93118.45,UPI
2023-10-19,Store_Bangalore,Sports,CUST_3496,4,2989.15,0.0,11956.6,UPI
2023-10-19,Store_Hyderabad,Groceries,CUST_2499,4,524.11,5.0,1991.62,Debit Card
2023-10-19,Store_Chennai,Groceries,CUST_3487,1,687.9,10.0,619.11,Debit Card
2023-10-20,Store_Mumbai,Home & Kitchen,CUST_3493,3,5498.54,15.0,14021.28,Debit Card
2023-10-20,Store_Chennai,Clothing,CUST_2543,1,2784.68,0.0,2784.68,UPI
2023-10-20,Store_Chennai,Sports,CUST_1686,3,3567.18,10.0,9631.39,Cash
2023-10-20,Store_Delhi,Sports,CUST_1188,5,4513.47,0.0,22567.35,UPI
2023-10-20,Store_Bangalore,Groceries,CUST_3119,4,778.61,15.0,2647.27,Credit Card
2023-10-20,Store_Hyderabad,Groceries,CUST_3650,2,962.54,0.0,1925.08,Debit Card
2023-10-20,Store_Hyderabad,Electronics,CUST_3500,1,17512.86,5.0,16637.22,UPI
2023-10-21,Store_Bangalore,Groceries,CUST_2356,4,621.13,0.0,2484.52,Debit Card
2023-10-21,Store_Chennai,Groceries,CUST_1807,3,1029.66,0.0,3088.98,Cash
2023-10-21,Store_Bangalore,Home & Kitchen,CUST_3178,2,5821.41,5.0,11060.68,Cash
2023-10-21,Store_Chennai,Groceries,CUST_2549,1,1017.54,0.0,1017.54,Credit Card
2023-10-21,Store_Delhi,Groceries,CUST_1167,5,1014.77,0.0,5073.85,Debit Card
2023-10-21,Store_Mumbai,Electronics,CUST_2425,2,14147.26,15.0,24050.34,Cash
2023-10-22,Store_Bangalore,Clothing,CUST_1105,5,1990.58,10.0,8957.61,Debit Card
2023-10-22,Store_Delhi,Sports,CUST_2235,1,3358.47,10.0,3022.62,UPI
2023-10-22,Store_Chennai,Sports,CUST_2541,5,3598.79,10.0,16194.56,Credit Card
2023-10-22,Store_Mumbai,Groceries,CUST_2461,4,616.59,0.0,2466.36,UPI
2023-10-22,Store_Bangalore,Home & Kitchen,CUST_1977,4,4456.96,10.0,16045.06,Debit Card
2023-10-22,Store_Chennai,Groceries,CUST_2732,3,862.31,5.0,2457.58,Debit Card
2023-10-22,Store_Delhi,Electronics,CUST_1227,5,12704.46,20.0,50817.84,UPI
2023-10-23,Store_Delhi,Groceries,CUST_2413,1,619.0,10.0,557.1,Debit Card
2023-10-23,Store_Delhi,Groceries,CUST_2703,5,721.5,0.0,3607.5,UPI
2023-10-23,Store_Mumbai,Home & Kitchen,CUST_1661,1,6003.85,5.0,5703.66,UPI
2023-10-23,Store_Hyderabad,Electronics,CUST_1764,1,17497.46,20.0,13997.97,UPI
2023-10-23,Store_Bangalore,Home & Kitchen,CUST_1741,5,4332.41,0.0,21662.05,Debit Card
2023-10-23,Store_Hyderabad,Home & Kitchen,CUST_1606,2,4071.84,20.0,6514.94,Credit Card
2023-10-23,Store_Chennai,Groceries,CUST_2766,4,788.91,15.0,2682.29,Cash
2023-10-24,Store_Bangalore,Groceries,CUST_2551,5,786.12,10.0,3537.54,UPI
2023-10-24,Store_Chennai,Groceries,CUST_3192,2,728.33,0.0,1456.66,Credit Card
2023-10-24,Store_Hyderabad,Sports,CUST_2383,5,3790.4,5.0,18004.4,Credit Card
2023-10-24,Store_Chennai,Sports,CUST_2952,4,2995.36,10.0,10783.3,UPI
2023-10-24,Store_Chennai,Electronics,CUST_2874,4,11473.09,0.0,45892.36,Cash
2023-10-24,Store_Delhi,Groceries,CUST_1389,2,696.13,15.0,1183.42,UPI
2023-10-24,Store_Chennai,Electronics,CUST_2238,3,15898.21,5.0,45309.9,Debit Card
2023-10-25,Store_Delhi,Groceries,CUST_3125,5,763.23,0.0,3816.15,UPI
2023-10-25,Store_Mumbai,Home & Kitchen,CUST_3990,1,5971.77,0.0,5971.77,Cash
2023-10-25,Store_Bangalore,Groceries,CUST_2279,1,666.08,15.0,566.17,UPI
2023-10-25,Store_Delhi,Groceries,CUST_2298,4,729.86,5.0,2773.47,Cash
2023-10-25,Store_Delhi,Sports,CUST_1500,1,3616.89,10.0,3255.2,Credit Card
2023-10-25,Store_Delhi,Home & Kitchen,CUST_1531,3,5280.08,,12672.19,Cash
2023-10-25,Store_Mumbai,Sports,CUST_2742,5,4069.19,10.0,18311.36,UPI
2023-10-26,Store_Bangalore,Electronics,CUST_2445,2,16434.58,0.0,32869.16,Credit Card
2023-10-26,Store_Hyderabad,Electronics,CUST_3927,1,19234.91,5.0,18273.16,Credit Card
2023-10-26,Store_Hyderabad,Groceries,CUST_3227,1,585.47,10.0,526.92,Credit Card
2023-10-26,Store_Delhi,Groceries,CUST_3666,2,839.54,0.0,1679.08,Credit Card
2023-10-26,Store_Hyderabad,Clothing,CUST_3071,4,3212.94,10.0,11566.58,UPI
2023-10-26,Store_Delhi,Groceries,CUST_2978,4,718.44,5.0,2730.07,Cash
2023-10-26,Store_Bangalore,Electronics,CUST_3993,3,18000.28,5.0,51300.8,Debit Card
2023-10-27,Store_Hyderabad,Home & Kitchen,CUST_2839,3,5860.24,0.0,17580.72,Cash
2023-10-27,Store_Chennai,Home & Kitchen,CUST_2910,4,3817.31,10.0,13742.32,Debit Card
2023-10-27,Store_Chennai,Electronics,CUST_1259,4,16459.0,5.0,62544.2,UPI
2023-10-27,Store_Delhi,Electronics,CUST_2423,5,15998.53,20.0,63994.12,UPI
2023-10-27,Store_Delhi,Home & Kitchen,CUST_1658,4,5779.74,20.0,18495.17,UPI
2023-10-27,Store_Mumbai,Clothing,CUST_2313,4,2225.42,20.0,7121.34,Debit Card
2023-10-27,Store_Delhi,Home & Kitchen,CUST_3311,3,4101.43,0.0,12304.29,Cash
2023-10-28,Store_Hyderabad,Groceries,CUST_1098,2,927.29,15.0,1576.39,UPI
2023-10-28,Store_Hyderabad,Sports,CUST_1187,5,3430.8,5.0,16296.3,UPI
2023-10-28,Store_Bangalore,Groceries,CUST_1387,4,842.45,15.0,2864.33,Cash
2023-10-28,Store_Chennai,Groceries,CUST_1516,4,880.54,15.0,2993.84,UPI
2023-10-28,Store_Delhi,Sports,CUST_2263,1,3719.6,15.0,3161.66,UPI
2023-10-28,Store_Delhi,Sports,CUST_1390,1,3405.61,0.0,3405.61,UPI
2023-10-29,Store_Hyderabad,Electronics,CUST_1339,4,12679.9,0.0,50719.6,UPI
2023-10-29,Store_Chennai,Home & Kitchen,CUST_2741,2,3999.48,10.0,7199.06,Cash
2023-10-29,Store_Mumbai,Electronics,CUST_2203,2,13403.03,5.0,25465.76,Cash
2023-10-29,Store_Hyderabad,Groceries,CUST_1140,1,645.88,,645.88,Credit Card
2023-10-29,Store_Chennai,Sports,CUST_3408,4,3129.47,10.0,11266.09,Credit Card
2023-10-29,Store_Mumbai,Home & Kitchen,CUST_2190,3,5182.25,0.0,15546.75,Cash
2023-10-29,Store_Bangalore,Electronics,CUST_1046,4,16225.41,0.0,64901.64,Credit Card
2023-10-30,Store_Bangalore,Sports,CUST_1237,3,4190.11,10.0,11313.3,Credit Card
2023-10-30,Store_Delhi,Clothing,CUST_2304,1,1885.85,5.0,1791.56,UPI
2023-10-30,Store_Mumbai,Home & Kitchen,CUST_2207,5,5931.33,0.0,29656.65,UPI
2023-10-30,Store_Bangalore,Electronics,CUST_3394,1,15868.65,5.0,15075.22,Cash
2023-10-30,Store_Hyderabad,Electronics,CUST_2521,3,12522.26,5.0,35688.44,Cash
2023-10-30,Store_Delhi,Clothing,CUST_1935,1,3347.06,0.0,3347.06,Debit Card
2023-10-30,Store_Hyderabad,Electronics,CUST_2702,5,12188.59,5.0,57895.8,Debit Card
2023-10-31,Store_Mumbai,Clothing,CUST_3825,3,2459.91,20.0,5903.78,UPI
2023-10-31,Store_Mumbai,Groceries,CUST_1366,3,821.33,5.0,2340.79,Credit Card
2023-10-31,Store_Bangalore,Sports,CUST_2948,2,4392.85,5.0,8346.42,Debit Card
2023-10-31,Store_Chennai,Electronics,CUST_1437,4,15977.34,0.0,63909.36,UPI
2023-10-31,Store_Hyderabad,Clothing,CUST_2509,1,1982.96,15.0,1685.52,Credit Card
2023-10-31,Store_Chennai,Clothing,CUST_1511,5,2014.83,5.0,9570.44,Cash
2023-10-31,Store_Mumbai,Home & Kitchen,CUST_3616,5,4702.9,0.0,23514.5,Credit Card
2023-11-01,Store_Delhi,Sports,CUST_1368,4,3592.85,5.0,13652.83,Debit Card
2023-11-01,Store_Bangalore,Home & Kitchen,CUST_3031,2,6759.94,20.0,10815.9,Debit Card
2023-11-01,Store_Chennai,Electronics,CUST_2979,1,15752.59,0.0,15752.59,Cash
2023-11-01,Store_Hyderabad,Sports,CUST_2469,4,3227.35,20.0,10327.52,Cash
2023-11-01,Store_Mumbai,Electronics,CUST_2982,2,16037.33,10.0,28867.19,UPI
2023-11-01,Store_Bangalore,Sports,CUST_1089,1,3189.69,0.0,3189.69,Cash
2023-11-01,Store_Bangalore,Home & Kitchen,CUST_3456,5,6132.9,0.0,30664.5,Cash
2023-11-02,Store_Bangalore,Electronics,CUST_2471,1,13428.2,5.0,12756.79,Credit Card
2023-11-02,Store_Chennai,Electronics,CUST_3025,4,11916.86,10.0,42900.7,UPI
2023-11-02,Store_Bangalore,Sports,CUST_1492,2,4132.84,0.0,8265.68,Credit Card
2023-11-02,Store_Hyderabad,Clothing,CUST_1558,4,2104.59,0.0,8418.36,UPI
2023-11-02,Store_Delhi,Clothing,CUST_3211,1,1887.98,0.0,1887.98,Cash
2023-11-02,Store_Delhi,Electronics,CUST_1946,4,17603.73,10.0,63373.43,UPI
2023-11-02,Store_Bangalore,Clothing,CUST_3272,1,2859.47,0.0,2859.47,Debit Card
2023-11-03,Store_Hyderabad,Electronics,CUST_1653,5,19591.49,0.0,97957.45,Credit Card
2023-11-03,Store_Mumbai,Clothing,CUST_3418,2,2262.89,0.0,4525.78,Debit Card
2023-11-03,Store_Hyderabad,Home & Kitchen,CUST_2098,5,5672.97,15.0,24110.12,Cash
2023-11-03,Store_Mumbai,Clothing,CUST_1786,1,2865.06,0.0,2865.06,Credit Card
2023-11-03,Store_Delhi,Sports,CUST_2881,2,3208.65,5.0,6096.44,Cash
2023-11-03,Store_Delhi,Electronics,CUST_3038,4,13527.88,0.0,54111.52,Debit Card
2023-11-03,Store_Mumbai,Sports,CUST_1014,1,4309.57,10.0,3878.61,Credit Card
2023-11-04,Store_Chennai,Groceries,CUST_2408,2,969.11,5.0,1841.31,Credit Card
2023-11-04,Store_Delhi,Groceries,CUST_1552,3,1094.47,15.0,2790.9,Cash
2023-11-04,Store_Chennai,Home & Kitchen,CUST_2387,2,4192.39,5.0,7965.54,Debit Card
2023-11-04,Store_Chennai,Electronics,CUST_3074,4,15766.96,10.0,56761.06,Debit Card
2023-11-04,Store_Delhi,Clothing,CUST_3020,3,2813.99,0.0,8441.97,UPI
2023-11-04,Store_Chennai,Electronics,CUST_3037,2,18273.38,10.0,32892.08,Cash
2023-11-05,Store_Hyderabad,Groceries,CUST_2653,4,675.26,10.0,2430.94,UPI
2023-11-05,Store_Bangalore,Home & Kitchen,CUST_3830,1,5202.78,5.0,4942.64,Cash
2023-11-05,Store_Mumbai,Electronics,CUST_2627,2,15254.35,0.0,30508.7,Debit Card
2023-11-05,Store_Bangalore,Groceries,CUST_3472,3,694.72,15.0,1771.54,Credit Card
2023-11-05,Store_Mumbai,Clothing,CUST_2296,2,2606.13,0.0,5212.26,Debit Card
2023-11-05,Store_Mumbai,Sports,CUST_1502,4,4724.4,0.0,18897.6,Cash
2023-11-05,Store_Chennai,Sports,CUST_1827,4,3376.0,,12153.6,
2023-11-06,Store_Chennai,Home & Kitchen,CUST_1290,2,3896.18,0.0,7792.36,Credit Card
2023-11-06,Store_Delhi,Electronics,CUST_1899,5,16658.6,0.0,83293.0,UPI
2023-11-06,Store_Delhi,Sports,CUST_3356,2,2775.29,15.0,4717.99,Credit Card
2023-11-06,Store_Delhi,Clothing,CUST_2839,3,2007.84,10.0,5421.17,Debit Card
2023-11-06,Store_Hyderabad,Home & Kitchen,CUST_2459,2,5024.62,0.0,10049.24,Debit Card
2023-11-06,Store_Delhi,Groceries,CUST_1028,2,813.36,0.0,1626.72,Cash
2023-11-06,Store_Hyderabad,Clothing,CUST_1087,3,2912.76,0.0,8738.28,Credit Card
2023-11-07,Store_Hyderabad,Clothing,CUST_3499,5,2602.55,5.0,12362.11,Credit Card
2023-11-07,Store_Hyderabad,Groceries,CUST_3961,4,962.94,10.0,3466.58,Credit Card
2023-11-07,Store_Hyderabad,Electronics,CUST_1525,1,13237.92,10.0,11914.13,UPI
2023-11-07,Store_Hyderabad,Electronics,CUST_2480,1,22285.66,5.0,21171.38,Cash
2023-11-07,Store_Mumbai,Home & Kitchen,CUST_2185,3,5124.25,0.0,15372.75,Cash
2023-11-07,Store_Mumbai,Home & Kitchen,CUST_2163,5,5712.28,0.0,28561.4,UPI
2023-11-07,Store_Mumbai,Home & Kitchen,CUST_2120,1,5497.04,0.0,5497.04,UPI
2023-11-08,Store_Bangalore,Groceries,CUST_1020,4,947.98,10.0,3412.73,Debit Card
2023-11-08,Store_Chennai,Clothing,CUST_3454,3,3120.53,10.0,8425.43,Credit Card
2023-11-08,Store_Chennai,Clothing,CUST_2659,2,2209.76,0.0,4419.52,Cash
2023-11-08,Store_Chennai,Electronics,CUST_1251,2,16257.73,5.0,30889.69,Debit Card
2023-11-08,Store_Mumbai,Sports,CUST_3320,1,4255.59,10.0,3830.03,Credit Card
2023-11-08,Store_Delhi,Home & Kitchen,CUST_1821,4,6263.18,0.0,25052.72,Debit Card
2023-11-08,Store_Hyderabad,Electronics,CUST_3186,1,16075.08,0.0,16075.08,Credit Card
2023-11-09,Store_Hyderabad,Home & Kitchen,CUST_2198,5,4417.1,15.0,18772.68,UPI
2023-11-09,Store_Chennai,Electronics,CUST_2157,5,19603.56,0.0,98017.8,Cash
2023-11-09,Store_Delhi,Groceries,CUST_3207,4,826.96,15.0,2811.66,Debit Card
2023-11-09,Store_Chennai,Sports,CUST_2978,4,3682.12,10.0,13255.63,UPI
2023-11-09,Store_Delhi,Electronics,CUST_2578,3,17539.72,10.0,47357.24,Debit Card
2023-11-09,Store_Bangalore,Home & Kitchen,CUST_2275,3,5339.76,10.0,14417.35,Debit Card
2023-11-09,Store_Hyderabad,Groceries,CUST_1451,2,808.11,5.0,1535.41,Cash
2023-11-10,Store_Hyderabad,Home & Kitchen,CUST_1972,1,6973.57,0.0,6973.57,Credit Card
2023-11-10,Store_Delhi,Sports,CUST_3167,1,2914.45,0.0,2914.45,UPI
2023-11-10,Store_Hyderabad,Clothing,CUST_1563,3,2579.28,10.0,6964.06,Credit Card
2023-11-10,Store_Mumbai,Clothing,CUST_2057,3,2991.29,0.0,8973.87,Cash
2023-11-10,Store_Mumbai,Clothing,CUST_2318,4,2129.06,20.0,6812.99,Credit Card
2023-11-10,Store_Chennai,Groceries,CUST_3209,3,726.65,0.0,2179.95,Credit Card
2023-11-10,Store_Hyderabad,Home & Kitchen,CUST_2957,4,5214.77,10.0,18773.17,Debit Card
2023-11-11,Store_Delhi,Sports,CUST_2269,5,3336.46,5.0,15848.18,Debit Card
2023-11-11,Store_Delhi,Groceries,CUST_1711,4,986.51,0.0,3946.04,UPI
2023-11-11,Store_Bangalore,Sports,CUST_2472,2,4604.93,0.0,9209.86,Debit Card
2023-11-11,Store_Chennai,Clothing,CUST_1120,3,2383.61,0.0,7150.83,UPI
2023-11-11,Store_Bangalore,Sports,CUST_3368,5,3261.09,0.0,16305.45,Cash
2023-11-11,Store_Chennai,Home & Kitchen,CUST_2581,1,6071.06,20.0,4856.85,Cash
2023-11-12,Store_Mumbai,Sports,CUST_3100,4,3578.6,0.0,14314.4,UPI
2023-11-12,Store_Hyderabad,Groceries,CUST_3693,1,959.41,,959.41,Credit Card
2023-11-12,Store_Hyderabad,Sports,CUST_3541,4,3456.76,0.0,13827.04,Credit Card
2023-11-12,Store_Mumbai,Home & Kitchen,CUST_2234,5,6210.85,0.0,31054.25,UPI
2023-11-12,Store_Mumbai,Electronics,CUST_2719,3,15605.0,15.0,39792.75,Cash
2023-11-12,Store_Chennai,Clothing,CUST_2789,3,2377.02,20.0,5704.85,UPI
2023-11-12,Store_Hyderabad,Sports,CUST_2422,2,4210.31,10.0,7578.56,Cash
2023-11-13,Store_Mumbai,Groceries,CUST_3342,4,802.55,15.0,2728.67,Credit Card
2023-11-13,Store_Mumbai,Clothing,CUST_2365,1,2089.76,5.0,1985.27,UPI
2023-11-13,Store_Chennai,Home & Kitchen,CUST_3168,3,4593.02,0.0,13779.06,Debit Card
2023-11-13,Store_Chennai,Groceries,CUST_1742,4,736.78,5.0,2799.76,Debit Card
2023-11-13,Store_Hyderabad,Sports,CUST_1555,2,2760.28,0.0,5520.56,UPI
2023-11-13,Store_Bangalore,Groceries,CUST_2004,3,692.21,0.0,2076.63,Credit Card
2023-11-13,Store_Delhi,Sports,CUST_3983,5,2745.14,0.0,13725.7,Cash
2023-11-14,Store_Bangalore,Home & Kitchen,CUST_2880,3,4074.42,0.0,12223.26,UPI
2023-11-14,Store_Mumbai,Electronics,CUST_3468,5,21824.98,0.0,109124.9,Credit Card
2023-11-14,Store_Delhi,Clothing,CUST_3472,2,2912.41,5.0,5533.58,UPI
2023-11-14,Store_Mumbai,Groceries,CUST_1099,4,695.69,0.0,2782.76,Cash
2023-11-14,Store_Hyderabad,Electronics,CUST_1664,2,17135.71,10.0,30844.28,Debit Card
2023-11-14,Store_Chennai,Clothing,CUST_1110,3,2554.23,0.0,7662.69,Debit Card
2023-11-14,Store_Delhi,Home & Kitchen,CUST_2895,3,6104.08,10.0,16481.02,UPI
2023-11-15,Store_Delhi,Home & Kitchen,CUST_1349,2,5530.81,5.0,10508.54,Cash
2023-11-15,Store_Chennai,Electronics,CUST_1419,5,11240.29,10.0,50581.31,Credit Card
2023-11-15,Store_Delhi,Home & Kitchen,CUST_1957,3,4538.99,5.0,12936.12,UPI
2023-11-15,Store_Chennai,Electronics,CUST_1007,2,15534.64,0.0,31069.28,Debit Card
2023-11-15,Store_Mumbai,Home & Kitchen,CUST_3946,5,6069.15,10.0,27311.18,Cash
2023-11-15,Store_Bangalore,Sports,CUST_2102,4,4536.75,10.0,16332.3,UPI
2023-11-15,Store_Bangalore,Home & Kitchen,CUST_1157,2,4145.28,0.0,8290.56,Debit Card
2023-11-16,Store_Mumbai,Home & Kitchen,CUST_2283,2,5817.69,0.0,11635.38,Debit Card
2023-11-16,Store_Bangalore,Home & Kitchen,CUST_3571,3,5278.23,0.0,15834.69,Credit Card
2023-11-16,Store_Delhi,Electronics,CUST_1009,1,17173.05,5.0,16314.4,UPI
2023-11-16,Store_Delhi,Home & Kitchen,CUST_3968,4,6720.71,10.0,24194.56,UPI
2023-11-16,Store_Mumbai,Sports,CUST_1109,3,2916.28,10.0,7873.96,Cash
2023-11-16,Store_Chennai,Sports,CUST_1844,1,3529.22,20.0,2823.38,Credit Card
2023-11-16,Store_Mumbai,Clothing,CUST_3756,2,2656.09,0.0,5312.18,Debit Card
2023-11-17,Store_Delhi,Home & Kitchen,CUST_2786,2,3695.49,10.0,6651.88,Credit Card
2023-11-17,Store_Chennai,Groceries,CUST_3192,4,1015.0,20.0,3248.0,Credit Card
2023-11-17,Store_Hyderabad,Home & Kitchen,CUST_1847,2,3999.69,10.0,7199.44,UPI
2023-11-17,Store_Mumbai,Home & Kitchen,CUST_3457,1,4397.52,20.0,3518.02,UPI
2023-11-17,Store_Chennai,Groceries,CUST_1918,5,630.52,5.0,2994.97,Debit Card
2023-11-17,Store_Delhi,Electronics,CUST_1534,2,12804.48,20.0,20487.17,UPI
2023-11-17,Store_Delhi,Clothing,CUST_1111,3,2087.72,10.0,5636.84,Debit Card
2023-11-18,Store_Mumbai,Sports,CUST_2044,4,3172.14,0.0,12688.56,Cash
2023-11-18,Store_Chennai,Home & Kitchen,CUST_2781,1,5254.54,0.0,5254.54,Debit Card
2023-11-18,Store_Delhi,Groceries,CUST_2949,5,675.61,15.0,2871.34,UPI
2023-11-18,Store_Chennai,Clothing,CUST_3070,4,3102.36,0.0,12409.44,Credit Card
2023-11-18,Store_Bangalore,Groceries,CUST_1785,5,822.1,0.0,4110.5,Credit Card
2023-11-18,Store_Hyderabad,Home & Kitchen,CUST_3602,2,4803.34,0.0,9606.68,Cash
2023-11-19,Store_Hyderabad,Clothing,CUST_1409,4,2385.32,0.0,9541.28,UPI
2023-11-19,Store_Hyderabad,Clothing,CUST_1120,4,2905.88,10.0,10461.17,Credit Card
2023-11-19,Store_Delhi,Clothing,CUST_2329,1,2371.92,5.0,2253.32,UPI
2023-11-19,Store_Delhi,Home & Kitchen,CUST_3839,5,5961.55,10.0,26826.98,Credit Card
2023-11-19,Store_Hyderabad,Home & Kitchen,CUST_2221,4,5271.52,15.0,17923.17,Debit Card
2023-11-19,Store_Hyderabad,Clothing,CUST_2264,1,2566.75,15.0,2181.74,UPI
2023-11-19,Store_Bangalore,Home & Kitchen,CUST_3901,3,4144.52,15.0,10568.53,Credit Card
2023-11-20,Store_Delhi,Electronics,CUST_3902,2,18994.4,0.0,37988.8,UPI
2023-11-20,Store_Bangalore,Home & Kitchen,CUST_2007,3,4612.13,0.0,13836.39,Cash
2023-11-20,Store_Chennai,Home & Kitchen,CUST_1040,3,5975.75,0.0,17927.25,Credit Card
2023-11-20,Store_Hyderabad,Sports,CUST_1878,5,2924.73,15.0,12430.1,Debit Card
2023-11-20,Store_Hyderabad,Home & Kitchen,CUST_1734,2,4116.01,0.0,8232.02,Credit Card
2023-11-20,Store_Chennai,Home & Kitchen,CUST_1617,1,5066.68,5.0,4813.35,Cash
2023-11-20,Store_Bangalore,Electronics,CUST_1318,2,19416.06,0.0,38832.12,Credit Card
2023-11-21,Store_Hyderabad,Sports,CUST_1618,4,2968.47,5.0,11280.19,Debit Card
2023-11-21,Store_Delhi,Home & Kitchen,CUST_2061,1,4345.36,10.0,3910.82,Cash
2023-11-21,Store_Mumbai,Sports,CUST_2680,3,2945.59,10.0,7953.09,Credit Card
2023-11-21,Store_Hyderabad,Home & Kitchen,CUST_1317,2,3264.09,10.0,5875.36,Debit Card
2023-11-21,Store_Bangalore,Sports,CUST_2497,3,3455.04,10.0,9328.61,UPI
2023-11-21,Store_Chennai,Electronics,CUST_2266,1,17646.48,10.0,15881.83,Cash
2023-11-21,Store_Hyderabad,Home & Kitchen,CUST_3319,2,3808.28,5.0,7235.73,Cash
2023-11-22,Store_Delhi,Sports,CUST_2828,2,2900.45,10.0,5220.81,Cash
2023-11-22,Store_Delhi,Home & Kitchen,CUST_2594,2,5591.78,10.0,10065.2,UPI
2023-11-22,Store_Mumbai,Home & Kitchen,CUST_2207,3,3817.64,0.0,11452.92,UPI
2023-11-22,Store_Bangalore,Groceries,CUST_1382,4,906.2,0.0,3624.8,Credit Card
2023-11-22,Store_Hyderabad,Clothing,CUST_2982,3,2061.85,10.0,5567.0,Cash
2023-11-22,Store_Hyderabad,Home & Kitchen,CUST_3272,4,4941.79,0.0,19767.16,Debit Card
2023-11-22,Store_Mumbai,Electronics,CUST_3103,4,15033.66,20.0,48107.71,UPI
2023-11-23,Store_Chennai,Sports,CUST_1380,5,3792.53,0.0,18962.65,Credit Card
2023-11-23,Store_Delhi,Groceries,CUST_1326,1,754.31,5.0,716.59,UPI
2023-11-23,Store_Hyderabad,Clothing,CUST_1318,1,2054.15,0.0,2054.15,Credit Card
2023-11-23,Store_Bangalore,Sports,CUST_3414,1,3850.62,15.0,3273.03,
2023-11-23,Store_Delhi,Home & Kitchen,CUST_2452,1,4514.3,5.0,4288.58,UPI
2023-11-23,Store_Hyderabad,Home & Kitchen,CUST_2406,3,4539.75,20.0,10895.4,Credit Card
2023-11-23,Store_Bangalore,Electronics,CUST_3236,3,16372.8,0.0,49118.4,UPI
2023-11-24,Store_Chennai,Home & Kitchen,CUST_3125,4,4493.77,10.0,16177.57,Credit Card
2023-11-24,Store_Hyderabad,Sports,CUST_1221,4,3122.07,15.0,10615.04,Credit Card
2023-11-24,Store_Hyderabad,Clothing,CUST_3043,4,2711.64,0.0,10846.56,Debit Card
2023-11-24,Store_Mumbai,Electronics,CUST_2787,1,20320.58,20.0,16256.46,UPI
2023-11-24,Store_Chennai,Home & Kitchen,CUST_1911,1,5501.5,0.0,5501.5,Cash
2023-11-24,Store_Hyderabad,Electronics,CUST_2165,2,13508.1,10.0,24314.58,UPI
2023-11-24,Store_Hyderabad,Sports,CUST_3117,2,2978.42,0.0,5956.84,Credit Card
2023-11-25,Store_Bangalore,Home & Kitchen,CUST_1070,2,4484.83,0.0,8969.66,UPI
2023-11-25,Store_Mumbai,Home & Kitchen,CUST_1828,3,3523.12,10.0,9512.42,UPI
2023-11-25,Store_Chennai,Sports,CUST_3326,1,3825.1,0.0,3825.1,Debit Card
2023-11-25,Store_Hyderabad,Electronics,CUST_1003,4,13900.02,10.0,50040.07,Cash
2023-11-25,Store_Bangalore,Home & Kitchen,CUST_3075,2,5358.51,10.0,9645.32,UPI
2023-11-25,Store_Hyderabad,Home & Kitchen,CUST_1847,4,5119.1,5.0,19452.58,Credit Card
2023-11-26,Store_Chennai,Electronics,CUST_1464,5,15257.26,15.0,64843.36,Credit Card
2023-11-26,Store_Bangalore,Sports,CUST_1600,5,3607.8,0.0,18039.0,UPI
2023-11-26,Store_Mumbai,Electronics,CUST_3877,2,18999.81,0.0,37999.62,Credit Card
2023-11-26,Store_Bangalore,Clothing,CUST_2888,1,2413.94,0.0,2413.94,UPI
2023-11-26,Store_Chennai,Groceries,CUST_2945,1,585.06,0.0,585.06,UPI
2023-11-26,Store_Chennai,Sports,CUST_1626,3,3979.62,10.0,10744.97,Cash
2023-11-26,Store_Chennai,Clothing,CUST_3688,1,3161.38,20.0,2529.1,UPI
2023-11-27,Store_Chennai,Sports,CUST_3603,2,2701.6,10.0,4862.88,Debit Card
2023-11-27,Store_Bangalore,Sports,CUST_3107,2,2950.29,5.0,5605.55,Cash
2023-11-27,Store_Hyderabad,Groceries,CUST_2830,2,866.57,0.0,1733.14,UPI
2023-11-27,Store_Mumbai,Home & Kitchen,CUST_2237,5,3738.62,20.0,14954.48,Cash
2023-11-27,Store_Bangalore,Electronics,CUST_1718,3,18977.87,5.0,54086.93,Debit Card
2023-11-27,Store_Hyderabad,Home & Kitchen,CUST_3139,5,5809.97,0.0,29049.85,Credit Card
2023-11-27,Store_Mumbai,Sports,CUST_1124,1,4139.53,0.0,4139.53,Cash
2023-11-28,Store_Bangalore,Clothing,CUST_3320,4,2827.19,0.0,11308.76,UPI
2023-11-28,Store_Bangalore,Groceries,CUST_1299,2,846.55,,1693.1,Cash
2023-11-28,Store_Bangalore,Groceries,CUST_2829,4,848.94,0.0,3395.76,Cash
2023-11-28,Store_Chennai,Sports,CUST_1537,4,3863.67,10.0,13909.21,Credit Card
2023-11-28,Store_Hyderabad,Home & Kitchen,CUST_3524,5,4051.49,5.0,19244.58,Debit Card
2023-11-28,Store_Hyderabad,Home & Kitchen,CUST_3684,1,5299.25,20.0,4239.4,UPI
2023-11-28,Store_Bangalore,Clothing,CUST_2653,1,1881.31,0.0,1881.31,Cash
2023-11-29,Store_Delhi,Groceries,CUST_1038,4,813.82,15.0,2766.99,UPI
2023-11-29,Store_Mumbai,Sports,CUST_1211,1,3742.64,5.0,3555.51,Credit Card
2023-11-29,Store_Delhi,Groceries,CUST_3342,4,981.93,20.0,3142.18,Debit Card
2023-11-29,Store_Bangalore,Clothing,CUST_3397,4,3049.16,0.0,12196.64,Credit Card
2023-11-29,Store_Hyderabad,Groceries,CUST_2342,4,875.4,20.0,2801.28,UPI
2023-11-29,Store_Mumbai,Sports,CUST_1992,5,3789.29,5.0,17999.13,UPI
2023-11-29,Store_Delhi,Sports,CUST_1525,2,3413.78,0.0,6827.56,Debit Card
2023-11-30,Store_Hyderabad,Sports,CUST_3742,1,3080.17,10.0,2772.15,Credit Card
2023-11-30,Store_Hyderabad,Home & Kitchen,CUST_3558,5,4421.6,10.0,19897.2,Debit Card
2023-11-30,Store_Chennai,Clothing,CUST_3822,5,2694.18,15.0,11450.26,Credit Card
2023-11-30,Store_Chennai,Clothing,CUST_2982,1,1666.83,20.0,1333.46,Cash
2023-11-30,Store_Bangalore,Electronics,CUST_2020,5,12989.12,0.0,64945.6,Cash
2023-11-30,Store_Hyderabad,Groceries,CUST_1227,1,674.61,0.0,674.61,UPI
2023-11-30,Store_Hyderabad,Groceries,CUST_1120,2,821.64,20.0,1314.62,Debit Card
2023-12-01,Store_Hyderabad,Groceries,CUST_3635,1,762.5,0.0,762.5,Cash
2023-12-01,Store_Bangalore,Sports,CUST_2412,2,2977.73,10.0,5359.91,UPI
2023-12-01,Store_Hyderabad,Home & Kitchen,CUST_3199,3,4955.44,5.0,14123.0,UPI
2023-12-01,Store_Delhi,Clothing,CUST_3442,4,1958.16,5.0,7441.01,Debit Card
2023-12-01,Store_Mumbai,Home & Kitchen,CUST_1626,5,4735.79,0.0,23678.95,Debit Card
2023-12-01,Store_Hyderabad,Home & Kitchen,CUST_3369,4,4278.08,20.0,13689.86,UPI
2023-12-01,Store_Mumbai,Clothing,CUST_3665,4,2075.61,0.0,8302.44,Debit Card
2023-12-02,Store_Chennai,Clothing,CUST_2261,4,1762.02,0.0,7048.08,Cash
2023-12-02,Store_Mumbai,Clothing,CUST_3305,5,2760.12,15.0,11730.51,Credit Card
2023-12-02,Store_Mumbai,Groceries,CUST_3965,5,818.34,0.0,4091.7,Cash
2023-12-02,Store_Hyderabad,Clothing,CUST_3563,1,1799.28,5.0,1709.32,Cash
2023-12-02,Store_Mumbai,Clothing,CUST_3968,1,2398.21,10.0,2158.39,Cash
2023-12-02,Store_Mumbai,Electronics,CUST_1248,3,14705.45,0.0,44116.35,Credit Card
2023-12-03,Store_Mumbai,Groceries,CUST_1514,4,731.48,10.0,2633.33,Credit Card
2023-12-03,Store_Delhi,Electronics,CUST_1573,2,15323.06,0.0,30646.12,Cash
2023-12-03,Store_Chennai,Sports,CUST_3751,2,4636.42,20.0,7418.27,Debit Card
2023-12-03,Store_Hyderabad,Clothing,CUST_1860,4,2240.57,5.0,8514.17,Cash
2023-12-03,Store_Bangalore,Groceries,CUST_3335,3,580.58,0.0,1741.74,Debit Card
2023-12-03,Store_Delhi,Home & Kitchen,CUST_2555,2,3463.34,10.0,6234.01,Debit Card
2023-12-03,Store_Mumbai,Electronics,CUST_1152,3,16558.71,5.0,47192.32,Cash
2023-12-04,Store_Delhi,Clothing,CUST_2226,5,2099.06,10.0,9445.77,Debit Card
2023-12-04,Store_Bangalore,Home & Kitchen,CUST_2670,4,4342.19,0.0,17368.76,UPI
2023-12-04,Store_Delhi,Electronics,CUST_1252,4,20457.89,20.0,65465.25,Debit Card
2023-12-04,Store_Bangalore,Electronics,CUST_1392,1,15590.32,5.0,14810.8,Credit Card
2023-12-04,Store_Mumbai,Groceries,CUST_3254,5,828.83,5.0,3936.94,Cash
2023-12-04,Store_Delhi,Electronics,CUST_3337,5,18896.39,0.0,94481.95,Credit Card
2023-12-04,Store_Bangalore,Groceries,CUST_2780,4,732.05,5.0,2781.79,Credit Card
2023-12-05,Store_Delhi,Clothing,CUST_1985,1,2516.3,5.0,2390.48,Credit Card
2023-12-05,Store_Bangalore,Sports,CUST_2459,1,4366.14,5.0,4147.83,Cash
2023-12-05,Store_Hyderabad,Electronics,CUST_3548,5,12548.22,20.0,50192.88,Credit Card
2023-12-05,Store_Delhi,Electronics,CUST_1671,1,18018.71,5.0,17117.77,UPI
2023-12-05,Store_Bangalore,Groceries,CUST_1938,5,643.51,5.0,3056.67,Debit Card
2023-12-05,Store_Chennai,Electronics,CUST_2464,2,13488.75,0.0,26977.5,Cash
2023-12-05,Store_Bangalore,Clothing,CUST_2340,4,2238.97,0.0,8955.88,Cash
2023-12-06,Store_Bangalore,Sports,CUST_1169,2,2839.29,0.0,5678.58,UPI
2023-12-06,Store_Mumbai,Clothing,CUST_2184,1,2372.71,0.0,2372.71,Debit Card
2023-12-06,Store_Delhi,Clothing,CUST_1634,1,2078.61,5.0,1974.68,UPI
2023-12-06,Store_Delhi,Clothing,CUST_2726,4,2027.93,10.0,7300.55,Debit Card
2023-12-06,Store_Bangalore,Groceries,CUST_2245,5,615.84,0.0,3079.2,Debit Card
2023-12-06,Store_Mumbai,Home & Kitchen,CUST_3930,1,4075.42,0.0,4075.42,Credit Card
2023-12-06,Store_Mumbai,Electronics,CUST_2707,3,19872.38,10.0,53655.43,Cash
2023-12-07,Store_Delhi,Home & Kitchen,CUST_3039,2,5804.17,0.0,11608.34,UPI
2023-12-07,Store_Hyderabad,Home & Kitchen,CUST_3115,3,4087.55,5.0,11649.52,Credit Card
2023-12-07,Store_Hyderabad,Clothing,CUST_1269,1,2548.67,5.0,2421.24,Credit Card
2023-12-07,Store_Bangalore,Home & Kitchen,CUST_2501,4,5536.25,20.0,17716.0,UPI
2023-12-07,Store_Bangalore,Clothing,CUST_2997,1,2449.22,5.0,2326.76,Cash
2023-12-07,Store_Hyderabad,Home & Kitchen,CUST_1675,4,5372.47,20.0,17191.9,Credit Card
2023-12-07,Store_Bangalore,Sports,CUST_2613,5,4121.78,10.0,18548.01,Cash
2023-12-08,Store_Mumbai,Groceries,CUST_2436,5,873.51,5.0,4149.17,Debit Card
2023-12-08,Store_Chennai,Home & Kitchen,CUST_3733,1,6501.97,10.0,5851.77,Debit Card
2023-12-08,Store_Hyderabad,Home & Kitchen,CUST_3111,4,6229.18,15.0,21179.21,Debit Card
2023-12-08,Store_Delhi,Groceries,CUST_3488,5,713.48,20.0,2853.92,Debit Card
2023-12-08,Store_Mumbai,Electronics,CUST_2338,2,21867.84,5.0,41548.9,Debit Card
2023-12-08,Store_Chennai,Clothing,CUST_3966,5,2758.27,10.0,12412.22,Credit Card
2023-12-08,Store_Bangalore,Clothing,CUST_3762,3,1998.3,20.0,4795.92,Debit Card
2023-12-09,Store_Hyderabad,Clothing,CUST_2080,2,2423.67,5.0,4604.97,UPI
2023-12-09,Store_Mumbai,Home & Kitchen,CUST_3248,1,4549.22,0.0,4549.22,Credit Card
2023-12-09,Store_Hyderabad,Electronics,CUST_2295,4,12826.45,10.0,46175.22,UPI
2023-12-09,Store_Mumbai,Groceries,CUST_1618,3,861.03,15.0,2195.63,Debit Card
2023-12-09,Store_Chennai,Clothing,CUST_3756,3,2371.35,10.0,6402.64,UPI
2023-12-09,Store_Chennai,Home & Kitchen,CUST_1569,1,4531.33,20.0,3625.06,Debit Card
2023-12-10,Store_Chennai,Clothing,CUST_3425,5,2042.73,10.0,9192.28,Cash
2023-12-10,Store_Chennai,Home & Kitchen,CUST_1002,1,6009.47,15.0,5108.05,Debit Card
2023-12-10,Store_Chennai,Groceries,CUST_3646,5,689.26,0.0,3446.3,UPI
2023-12-10,Store_Chennai,Electronics,CUST_3254,3,18793.15,0.0,56379.45,Credit Card
2023-12-10,Store_Mumbai,Electronics,CUST_1514,4,17498.76,0.0,69995.04,Credit Card
2023-12-10,Store_Bangalore,Electronics,CUST_2071,5,15422.88,15.0,65547.24,Cash
2023-12-10,Store_Chennai,Sports,CUST_2749,3,4745.62,0.0,14236.86,UPI
2023-12-11,Store_Chennai,Electronics,CUST_1464,2,19632.25,5.0,37301.28,UPI
2023-12-11,Store_Bangalore,Home & Kitchen,CUST_1211,4,4083.47,10.0,14700.49,UPI
2023-12-11,Store_Chennai,Home & Kitchen,CUST_1615,1,3859.24,0.0,3859.24,Cash
2023-12-11,Store_Chennai,Electronics,CUST_3235,3,18369.86,5.0,52354.1,Debit Card
2023-12-11,Store_Delhi,Home & Kitchen,CUST_2253,2,4751.18,0.0,9502.36,UPI
2023-12-11,Store_Hyderabad,Clothing,CUST_3222,1,1917.19,5.0,1821.33,Debit Card
2023-12-11,Store_Bangalore,Home & Kitchen,CUST_1513,2,6043.29,10.0,10877.92,Credit Card
2023-12-12,Store_Hyderabad,Sports,CUST_2116,5,3176.29,0.0,15881.45,Debit Card
2023-12-12,Store_Mumbai,Groceries,CUST_1247,3,900.36,0.0,2701.08,Cash
2023-12-12,Store_Hyderabad,Groceries,CUST_3623,1,860.57,20.0,688.46,Credit Card
2023-12-12,Store_Mumbai,Electronics,CUST_3326,1,12575.63,0.0,12575.63,Cash
2023-12-12,Store_Delhi,Home & Kitchen,CUST_2489,3,4313.26,10.0,11645.8,Debit Card
2023-12-12,Store_Bangalore,Groceries,CUST_3030,1,743.59,10.0,669.23,Credit Card
2023-12-12,Store_Bangalore,Sports,CUST_3306,2,3614.89,0.0,7229.78,Credit Card
2023-12-13,Store_Mumbai,Sports,CUST_1867,3,4157.8,5.0,11849.73,Cash
2023-12-13,Store_Delhi,Groceries,CUST_1531,2,771.78,10.0,1389.2,Debit Card
2023-12-13,Store_Mumbai,Clothing,CUST_3973,5,2306.92,0.0,11534.6,Debit Card
2023-12-13,Store_Mumbai,Sports,CUST_1652,5,3231.55,10.0,14541.98,Credit Card
2023-12-13,Store_Bangalore,Electronics,CUST_2465,2,16530.6,10.0,29755.08,Credit Card
2023-12-13,Store_Bangalore,Clothing,CUST_3948,5,2008.57,20.0,8034.28,Cash
2023-12-13,Store_Bangalore,Clothing,CUST_1541,1,2177.36,0.0,2177.36,Debit Card
2023-12-14,Store_Chennai,Home & Kitchen,CUST_3104,2,4694.65,0.0,9389.3,UPI
2023-12-14,Store_Bangalore,Groceries,CUST_2551,1,788.59,5.0,749.16,Cash
2023-12-14,Store_Chennai,Clothing,CUST_1458,4,2898.39,0.0,11593.56,Cash
2023-12-14,Store_Bangalore,Sports,CUST_2104,5,3077.96,20.0,12311.84,UPI
2023-12-14,Store_Mumbai,Home & Kitchen,CUST_1941,5,4057.77,0.0,20288.85,Credit Card
2023-12-14,Store_Delhi,Sports,CUST_1395,1,2979.13,10.0,2681.22,Cash
2023-12-14,Store_Mumbai,Clothing,CUST_2563,3,2118.41,0.0,6355.23,Cash
2023-12-15,Store_Delhi,Sports,CUST_1472,1,3921.29,5.0,3725.23,Credit Card
2023-12-15,Store_Bangalore,Sports,CUST_2865,5,2835.78,0.0,14178.9,Credit Card
2023-12-15,Store_Hyderabad,Groceries,CUST_3926,1,673.92,0.0,673.92,UPI
2023-12-15,Store_Delhi,Clothing,CUST_1349,3,1929.26,5.0,5498.39,Credit Card
2023-12-15,Store_Mumbai,Electronics,CUST_1349,1,19740.23,10.0,17766.21,UPI
2023-12-15,Store_Hyderabad,Sports,CUST_3155,5,3058.49,10.0,13763.2,Cash
2023-12-15,Store_Chennai,Sports,CUST_1237,5,4313.44,10.0,19410.48,
2023-12-16,Store_Hyderabad,Home & Kitchen,CUST_1149,2,6188.07,0.0,12376.14,Debit Card
2023-12-16,Store_Hyderabad,Groceries,CUST_2408,5,684.17,5.0,3249.81,Credit Card
2023-12-16,Store_Hyderabad,Electronics,CUST_1989,4,16622.41,0.0,66489.64,Debit Card
2023-12-16,Store_Chennai,Home & Kitchen,CUST_1553,2,6677.91,15.0,11352.45,Cash
2023-12-16,Store_Delhi,Clothing,CUST_3693,4,1827.91,0.0,7311.64,UPI
2023-12-16,Store_Mumbai,Clothing,CUST_3866,4,2556.19,5.0,9713.52,Debit Card
2023-12-17,Store_Bangalore,Home & Kitchen,CUST_2573,4,6370.26,0.0,25481.04,UPI
2023-12-17,Store_Bangalore,Groceries,CUST_2595,4,964.22,0.0,3856.88,Debit Card
2023-12-17,Store_Chennai,Electronics,CUST_1277,4,19912.96,5.0,75669.25,UPI
2023-12-17,Store_Mumbai,Clothing,CUST_2309,1,2429.65,10.0,2186.68,Debit Card
2023-12-17,Store_Chennai,Home & Kitchen,CUST_2243,5,6715.33,0.0,33576.65,Cash
2023-12-17,Store_Delhi,Home & Kitchen,CUST_3805,2,5250.74,0.0,10501.48,Cash
2023-12-17,Store_Delhi,Clothing,CUST_3887,2,2642.5,15.0,4492.25,UPI
2023-12-18,Store_Delhi,Sports,CUST_2104,2,3821.49,0.0,7642.98,Credit Card
2023-12-18,Store_Chennai,Electronics,CUST_2396,5,17850.11,,80325.5,Credit Card
2023-12-18,Store_Delhi,Clothing,CUST_1827,3,2790.14,0.0,8370.42,Cash
2023-12-18,Store_Hyderabad,Home & Kitchen,CUST_2989,1,4225.03,20.0,3380.02,Credit Card
2023-12-18,Store_Delhi,Sports,CUST_1071,3,3488.13,0.0,10464.39,Debit Card
2023-12-18,Store_Mumbai,Clothing,CUST_3630,2,1868.55,0.0,3737.1,Debit Card
2023-12-18,Store_Hyderabad,Electronics,CUST_2209,2,12429.15,0.0,24858.3,Debit Card
2023-12-19,Store_Delhi,Electronics,CUST_1882,4,15220.75,5.0,57838.85,Debit Card
2023-12-19,Store_Mumbai,Groceries,CUST_1630,5,645.72,0.0,3228.6,Credit Card
2023-12-19,Store_Chennai,Home & Kitchen,CUST_2722,5,3407.17,,16184.06,Debit Card
2023-12-19,Store_Mumbai,Home & Kitchen,CUST_3167,3,3761.53,10.0,10156.13,Credit Card
2023-12-19,Store_Bangalore,Clothing,CUST_2921,4,2776.8,0.0,11107.2,Credit Card
2023-12-19,Store_Hyderabad,Electronics,CUST_1285,1,18587.6,0.0,18587.6,Credit Card
2023-12-19,Store_Bangalore,Groceries,CUST_3585,1,579.8,10.0,521.82,Debit Card
2023-12-20,Store_Mumbai,Sports,CUST_1583,3,3380.42,5.0,9634.2,Debit Card
2023-12-20,Store_Chennai,Clothing,CUST_2994,5,2048.63,0.0,10243.15,Debit Card
2023-12-20,Store_Delhi,Clothing,CUST_3146,5,2194.95,5.0,10426.01,Cash
2023-12-20,Store_Bangalore,Groceries,CUST_2107,4,753.79,0.0,3015.16,Credit Card
2023-12-20,Store_Chennai,Groceries,CUST_1911,4,983.2,0.0,3932.8,UPI
2023-12-20,Store_Mumbai,Home & Kitchen,CUST_2747,5,5279.22,0.0,26396.1,UPI
2023-12-20,Store_Chennai,Electronics,CUST_1045,1,16220.37,0.0,16220.37,Debit Card
2023-12-21,Store_Hyderabad,Sports,CUST_3154,3,3455.76,0.0,10367.28,Debit Card
2023-12-21,Store_Chennai,Sports,CUST_3537,2,3552.37,15.0,6039.03,Cash
2023-12-21,Store_Bangalore,Sports,CUST_3906,2,3283.32,20.0,5253.31,Debit Card
2023-12-21,Store_Bangalore,Electronics,CUST_3964,2,16350.98,20.0,26161.57,Debit Card
2023-12-21,Store_Hyderabad,Clothing,CUST_2572,5,2950.62,5.0,14015.44,Debit Card
2023-12-21,Store_Hyderabad,Clothing,CUST_3703,3,1926.09,0.0,5778.27,Debit Card
2023-12-21,Store_Hyderabad,Electronics,CUST_3128,5,21173.6,10.0,95281.2,Debit Card
2023-12-22,Store_Hyderabad,Sports,CUST_1773,2,3087.93,10.0,5558.27,Cash
2023-12-22,Store_Mumbai,Sports,CUST_3265,5,2654.22,5.0,12607.54,Credit Card
2023-12-22,Store_Mumbai,Sports,CUST_2989,5,3505.98,5.0,16653.4,Credit Card
2023-12-22,Store_Chennai,Sports,CUST_2693,2,3338.15,5.0,6342.48,Credit Card
2023-12-22,Store_Chennai,Home & Kitchen,CUST_3135,3,5116.77,0.0,15350.31,Debit Card
2023-12-22,Store_Chennai,Clothing,CUST_3173,4,2335.16,0.0,9340.64,Cash
2023-12-22,Store_Chennai,Clothing,CUST_3971,5,1711.45,5.0,8129.39,Cash
2023-12-23,Store_Bangalore,Home & Kitchen,CUST_2701,5,3817.15,5.0,18131.46,Cash
2023-12-23,Store_Bangalore,Clothing,CUST_2207,1,1865.84,5.0,1772.55,Cash
2023-12-23,Store_Hyderabad,Electronics,CUST_2086,3,13363.75,10.0,36082.12,Debit Card
2023-12-23,Store_Delhi,Clothing,CUST_3837,5,1990.11,20.0,7960.44,UPI
2023-12-23,Store_Mumbai,Home & Kitchen,CUST_1673,3,4505.56,20.0,10813.34,Cash
2023-12-23,Store_Chennai,Clothing,CUST_3471,5,2562.2,0.0,12811.0,Debit Card
2023-12-24,Store_Bangalore,Sports,CUST_3663,1,4079.31,15.0,3467.41,Debit Card
2023-12-24,Store_Mumbai,Electronics,CUST_1728,3,13960.34,20.0,33504.82,Credit Card
2023-12-24,Store_Mumbai,Home & Kitchen,CUST_2442,3,6080.73,0.0,18242.19,Credit Card
2023-12-24,Store_Hyderabad,Sports,CUST_2244,5,3754.69,5.0,17834.78,UPI
2023-12-24,Store_Hyderabad,Home & Kitchen,CUST_1328,1,4462.12,0.0,4462.12,Cash
2023-12-24,Store_Mumbai,Home & Kitchen,CUST_1832,2,5458.24,0.0,10916.48,UPI
2023-12-24,Store_Bangalore,Clothing,CUST_1512,2,2313.58,0.0,4627.16,Cash
2023-12-25,Store_Hyderabad,Sports,CUST_3746,5,3627.85,0.0,18139.25,UPI
2023-12-25,Store_Delhi,Sports,CUST_1298,2,3662.49,10.0,6592.48,UPI
2023-12-25,Store_Delhi,Sports,CUST_1287,4,3239.66,0.0,12958.64,UPI
2023-12-25,Store_Hyderabad,Sports,CUST_3826,2,4791.61,0.0,9583.22,Credit Card
2023-12-25,Store_Mumbai,Sports,CUST_2851,4,2539.7,5.0,9650.86,UPI
2023-12-25,Store_Chennai,Electronics,CUST_3690,4,15124.2,0.0,60496.8,Cash
2023-12-25,Store_Chennai,Electronics,CUST_3627,4,14840.65,5.0,56394.47,Credit Card
2023-12-26,Store_Bangalore,Electronics,CUST_3592,5,13474.89,5.0,64005.73,Credit Card
2023-12-26,Store_Bangalore,Electronics,CUST_3539,5,11569.61,0.0,57848.05,Cash
2023-12-26,Store_Delhi,Clothing,CUST_3157,2,3069.81,20.0,4911.7,Debit Card
2023-12-26,Store_Delhi,Home & Kitchen,CUST_3169,2,4885.06,10.0,8793.11,Cash
2023-12-26,Store_Hyderabad,Clothing,CUST_1891,2,2253.35,20.0,3605.36,Cash
2023-12-26,Store_Delhi,Clothing,CUST_1138,3,1797.52,0.0,5392.56,Debit Card
2023-12-26,Store_Hyderabad,Home & Kitchen,CUST_1268,4,4655.76,0.0,18623.04,Debit Card
2023-12-27,Store_Hyderabad,Groceries,CUST_2489,5,799.37,0.0,3996.85,Cash
2023-12-27,Store_Delhi,Sports,CUST_2468,2,4216.97,15.0,7168.85,Debit Card
2023-12-27,Store_Chennai,Groceries,CUST_2807,1,1038.91,0.0,1038.91,Credit Card
2023-12-27,Store_Bangalore,Electronics,CUST_2147,4,11200.79,0.0,44803.16,Credit Card
2023-12-27,Store_Hyderabad,Groceries,CUST_2479,4,852.46,5.0,3239.35,Debit Card
2023-12-27,Store_Delhi,Clothing,CUST_3922,2,2261.77,10.0,4071.19,Cash
2023-12-27,Store_Delhi,Sports,CUST_3181,3,3063.98,20.0,7353.55,Debit Card
2023-12-28,Store_Chennai,Electronics,CUST_1196,2,14060.39,15.0,23902.66,Credit Card
2023-12-28,Store_Delhi,Clothing,CUST_2785,5,2754.65,5.0,13084.59,Debit Card
2023-12-28,Store_Chennai,Clothing,CUST_1834,1,2163.64,15.0,1839.09,UPI
2023-12-28,Store_Bangalore,Home & Kitchen,CUST_3647,5,5431.08,0.0,27155.4,Cash
2023-12-28,Store_Mumbai,Sports,CUST_1240,3,3021.65,15.0,7705.21,Credit Card
2023-12-28,Store_Delhi,Clothing,CUST_3369,3,2963.58,0.0,8890.74,Credit Card
2023-12-28,Store_Delhi,Electronics,CUST_1349,1,16932.04,5.0,16085.44,UPI
2023-12-29,Store_Chennai,Clothing,CUST_3416,1,2338.25,5.0,2221.34,Debit Card
2023-12-29,Store_Chennai,Home & Kitchen,CUST_2645,4,5196.4,10.0,18707.04,Cash
2023-12-29,Store_Hyderabad,Sports,CUST_2143,2,4075.73,5.0,7743.89,UPI
2023-12-29,Store_Delhi,Groceries,CUST_1446,3,979.11,5.0,2790.46,Cash
2023-12-29,Store_Hyderabad,Clothing,CUST_3291,2,2826.22,10.0,5087.2,Credit Card
2023-12-29,Store_Hyderabad,Clothing,CUST_3361,1,2788.46,5.0,2649.04,Credit Card
2023-12-29,Store_Delhi,Electronics,CUST_1000,4,17393.04,10.0,62614.94,Debit Card
2023-12-30,Store_Delhi,Electronics,CUST_2700,2,19369.11,10.0,34864.4,UPI
2023-12-30,Store_Hyderabad,Groceries,CUST_2593,2,856.99,20.0,1371.18,Cash
2023-12-30,Store_Bangalore,Electronics,CUST_3652,1,16517.39,10.0,14865.65,Cash
2023-12-30,Store_Bangalore,Groceries,CUST_1506,3,886.77,10.0,2394.28,Cash
2023-12-30,Store_Chennai,Home & Kitchen,CUST_1278,3,5896.99,5.0,16806.42,UPI
2023-12-30,Store_Hyderabad,Electronics,CUST_2050,3,15348.29,20.0,36835.9,UPI
2023-12-31,Store_Hyderabad,Home & Kitchen,CUST_3966,5,4342.03,0.0,21710.15,Cash
2023-08-01,Store_Delhi,Sports,CUST_3388,4,1296.59,0.0,5186.36,Credit Card
2023-11-15,Store_Chennai,Electronics,CUST_1007,2,15534.64,0.0,31069.28,Debit Card
2022-01-24,Store_Chennai,Groceries,CUST_1696,4,431.83,0.0,1727.32,Debit Card
2023-05-29,Store_Hyderabad,Sports,CUST_1113,4,1556.37,0.0,6225.48,UPI
2023-01-06,Store_Hyderabad,Electronics,CUST_1315,2,10793.54,10.0,19428.37,UPI
2022-04-14,Store_Chennai,Home & Kitchen,CUST_3710,5,2385.19,0.0,11925.95,Debit Card
2023-04-30,Store_Bangalore,Electronics,CUST_1088,3,7093.93,0.0,21281.79,Credit Card
2023-09-01,Store_Hyderabad,Home & Kitchen,CUST_2405,2,2489.63,10.0,4481.33,Credit Card
2023-12-08,Store_Chennai,Clothing,CUST_3966,5,2758.27,10.0,12412.22,Credit Card
2022-04-15,Store_Delhi,Groceries,CUST_3172,1,446.77,5.0,424.43,Debit Card
2023-09-19,Store_Bangalore,Clothing,CUST_3892,2,1318.48,0.0,2636.96,Cash
2023-02-17,Store_Mumbai,Home & Kitchen,CUST_3395,3,3941.85,15.0,10051.72,UPI
2022-08-13,Store_Chennai,Electronics,CUST_2455,4,7651.46,0.0,30605.84,UPI
2023-03-14,Store_Hyderabad,Electronics,CUST_3714,3,7267.51,5.0,20712.4,Cash
2023-03-17,Store_Mumbai,Groceries,CUST_2388,3,403.75,5.0,1150.69,Debit Card
2023-12-07,Store_Hyderabad,Home & Kitchen,CUST_3115,3,4087.55,5.0,11649.52,Credit Card
2022-04-13,Store_Delhi,Sports,CUST_3262,3,1701.34,20.0,4083.22,UPI
2023-06-18,Store_Mumbai,Groceries,CUST_1540,2,635.7,10.0,1144.26,UPI
2023-07-04,Store_Delhi,Home & Kitchen,CUST_2339,4,3750.88,0.0,15003.52,Cash
2022-10-10,Store_Hyderabad,Sports,CUST_1707,5,2624.16,10.0,11808.72,Credit Card
2022-05-20,Store_Hyderabad,Home & Kitchen,CUST_1748,5,2447.93,15.0,10403.7,Credit Card
2023-04-23,Store_Hyderabad,Clothing,CUST_2579,3,1070.14,10.0,2889.38,Cash
2022-03-10,Store_Mumbai,Groceries,CUST_2157,4,299.46,10.0,1078.06,UPI
2022-07-02,Store_Delhi,Home & Kitchen,CUST_1750,4,3135.61,5.0,11915.32,UPI
2023-07-02,Store_Mumbai,Electronics,CUST_3629,5,11719.54,20.0,46878.16,Credit Card
